# equilibrium	function	value  -- ElectromagneticFields 0.8, SymEngine
ABC	A²	1.3570081004945758
ABC	A³	1.3570081004945758
ABC	A¹	1.3570081004945758
ABC	A₁	1.3570081004945758
ABC	A₂	1.3570081004945758
ABC	A₃	1.3570081004945758
ABC	B	2.3504069763391384
ABC	B²	1.3570081004945758
ABC	B³	1.3570081004945758
ABC	B¹	1.3570081004945758
ABC	B₁	1.3570081004945758
ABC	B₁₁	0
ABC	B₁₂	0.67850405024728788
ABC	B₁₃	-0.67850405024728788
ABC	B₂	1.3570081004945758
ABC	B₂₁	-0.67850405024728788
ABC	B₂₂	0
ABC	B₂₃	0.67850405024728788
ABC	B₃	1.3570081004945758
ABC	B₃₁	0.67850405024728788
ABC	B₃₂	-0.67850405024728788
ABC	B₃₃	0
ABC	B₍₁₎	1.3570081004945758
ABC	B₍₂₎	1.3570081004945758
ABC	B₍₃₎	1.3570081004945758
ABC	DF̄₁₁	1
ABC	DF̄₁₂	0
ABC	DF̄₁₃	0
ABC	DF̄₂₁	0
ABC	DF̄₂₂	1
ABC	DF̄₂₃	0
ABC	DF̄₃₁	0
ABC	DF̄₃₂	0
ABC	DF̄₃₃	1
ABC	DF₁₁	1
ABC	DF₁₂	0
ABC	DF₁₃	0
ABC	DF₂₁	0
ABC	DF₂₂	1
ABC	DF₂₃	0
ABC	DF₃₁	0
ABC	DF₃₂	0
ABC	DF₃₃	1
ABC	E²	0
ABC	E³	0
ABC	E¹	0
ABC	E₁	0
ABC	E₂	0
ABC	E₃	0
ABC	J	1
ABC	X	0.5
ABC	Y	0.5
ABC	Z	0.5
ABC	a²	-0.70710678118654746
ABC	a³	0.70710678118654746
ABC	a¹	0
ABC	a₁	0
ABC	a₂	-0.70710678118654746
ABC	a₃	0.70710678118654746
ABC	a₍₁₎	0
ABC	a₍₂₎	-0.70710678118654746
ABC	a₍₃₎	0.70710678118654746
ABC	b²	0.57735026918962573
ABC	b³	0.57735026918962573
ABC	b¹	0.57735026918962573
ABC	b₁	0.57735026918962573
ABC	b₂	0.57735026918962573
ABC	b₃	0.57735026918962573
ABC	b₍₁₎	0.57735026918962573
ABC	b₍₂₎	0.57735026918962573
ABC	b₍₃₎	0.57735026918962573
ABC	c²	-0.40824829046386302
ABC	c³	-0.40824829046386302
ABC	c¹	0.81649658092772603
ABC	c₁	0.81649658092772603
ABC	c₂	-0.40824829046386302
ABC	c₃	-0.40824829046386302
ABC	c₍₁₎	0.81649658092772603
ABC	c₍₂₎	-0.40824829046386302
ABC	c₍₃₎	-0.40824829046386302
ABC	dA₁dx₁	0
ABC	dA₁dx₂	-0.47942553860420301
ABC	dA₁dx₃	0.87758256189037276
ABC	dA₂dx₁	0.87758256189037276
ABC	dA₂dx₂	0
ABC	dA₂dx₃	-0.47942553860420301
ABC	dA₃dx₁	-0.47942553860420301
ABC	dA₃dx₂	0.87758256189037276
ABC	dA₃dx₃	0
ABC	dBdx₁	0.22987606457401025
ABC	dBdx₂	0.22987606457401025
ABC	dBdx₃	0.22987606457401025
ABC	dB₁dx₁	0
ABC	dB₁dx₂	-0.47942553860420301
ABC	dB₁dx₃	0.87758256189037276
ABC	dB₂dx₁	0.87758256189037276
ABC	dB₂dx₂	0
ABC	dB₂dx₃	-0.47942553860420301
ABC	dB₃dx₁	-0.47942553860420301
ABC	dB₃dx₂	0.87758256189037276
ABC	dB₃dx₃	0
ABC	dE₁dx₁	0
ABC	dE₁dx₂	0
ABC	dE₁dx₃	0
ABC	dE₂dx₁	0
ABC	dE₂dx₂	0
ABC	dE₂dx₃	0
ABC	dE₃dx₁	0
ABC	dE₃dx₂	0
ABC	dE₃dx₃	0
ABC	db₁dx₁	-0.056466394585320816
ABC	db₁dx₂	-0.26044193730215248
ABC	db₁dx₃	0.3169083318874733
ABC	db₂dx₁	0.3169083318874733
ABC	db₂dx₂	-0.056466394585320816
ABC	db₂dx₃	-0.26044193730215248
ABC	db₃dx₁	-0.26044193730215248
ABC	db₃dx₂	0.3169083318874733
ABC	db₃dx₃	-0.056466394585320816
ABC	db₍₁₎dx₁	-0.056466394585320816
ABC	db₍₁₎dx₂	-0.26044193730215248
ABC	db₍₁₎dx₃	0.3169083318874733
ABC	db₍₂₎dx₁	0.3169083318874733
ABC	db₍₂₎dx₂	-0.056466394585320816
ABC	db₍₂₎dx₃	-0.26044193730215248
ABC	db₍₃₎dx₁	-0.26044193730215248
ABC	db₍₃₎dx₂	0.3169083318874733
ABC	db₍₃₎dx₃	-0.056466394585320816
ABC	dg²²dx₁	0
ABC	dg²²dx₂	0
ABC	dg²²dx₃	0
ABC	dg²³dx₁	0
ABC	dg²³dx₂	0
ABC	dg²³dx₃	0
ABC	dg²¹dx₁	0
ABC	dg²¹dx₂	0
ABC	dg²¹dx₃	0
ABC	dg³²dx₁	0
ABC	dg³²dx₂	0
ABC	dg³²dx₃	0
ABC	dg³³dx₁	0
ABC	dg³³dx₂	0
ABC	dg³³dx₃	0
ABC	dg³¹dx₁	0
ABC	dg³¹dx₂	0
ABC	dg³¹dx₃	0
ABC	dg¹²dx₁	0
ABC	dg¹²dx₂	0
ABC	dg¹²dx₃	0
ABC	dg¹³dx₁	0
ABC	dg¹³dx₂	0
ABC	dg¹³dx₃	0
ABC	dg¹¹dx₁	0
ABC	dg¹¹dx₂	0
ABC	dg¹¹dx₃	0
ABC	dg₁₁dx₁	0
ABC	dg₁₁dx₂	0
ABC	dg₁₁dx₃	0
ABC	dg₁₂dx₁	0
ABC	dg₁₂dx₂	0
ABC	dg₁₂dx₃	0
ABC	dg₁₃dx₁	0
ABC	dg₁₃dx₂	0
ABC	dg₁₃dx₃	0
ABC	dg₂₁dx₁	0
ABC	dg₂₁dx₂	0
ABC	dg₂₁dx₃	0
ABC	dg₂₂dx₁	0
ABC	dg₂₂dx₂	0
ABC	dg₂₂dx₃	0
ABC	dg₂₃dx₁	0
ABC	dg₂₃dx₂	0
ABC	dg₂₃dx₃	0
ABC	dg₃₁dx₁	0
ABC	dg₃₁dx₂	0
ABC	dg₃₁dx₃	0
ABC	dg₃₂dx₁	0
ABC	dg₃₂dx₂	0
ABC	dg₃₂dx₃	0
ABC	dg₃₃dx₁	0
ABC	dg₃₃dx₂	0
ABC	dg₃₃dx₃	0
ABC	d²A₁dx₁dx₁	0
ABC	d²A₁dx₁dx₂	0
ABC	d²A₁dx₁dx₃	0
ABC	d²A₁dx₂dx₁	0
ABC	d²A₁dx₂dx₂	-0.87758256189037276
ABC	d²A₁dx₂dx₃	0
ABC	d²A₁dx₃dx₁	0
ABC	d²A₁dx₃dx₂	0
ABC	d²A₁dx₃dx₃	-0.47942553860420301
ABC	d²A₂dx₁dx₁	-0.47942553860420301
ABC	d²A₂dx₁dx₂	0
ABC	d²A₂dx₁dx₃	0
ABC	d²A₂dx₂dx₁	0
ABC	d²A₂dx₂dx₂	0
ABC	d²A₂dx₂dx₃	0
ABC	d²A₂dx₃dx₁	0
ABC	d²A₂dx₃dx₂	0
ABC	d²A₂dx₃dx₃	-0.87758256189037276
ABC	d²A₃dx₁dx₁	-0.87758256189037276
ABC	d²A₃dx₁dx₂	0
ABC	d²A₃dx₁dx₃	0
ABC	d²A₃dx₂dx₁	0
ABC	d²A₃dx₂dx₂	-0.47942553860420301
ABC	d²A₃dx₂dx₃	0
ABC	d²A₃dx₃dx₁	0
ABC	d²A₃dx₃dx₂	0
ABC	d²A₃dx₃dx₃	0
ABC	d²Bdx₁dx₁	-0.38049325026462621
ABC	d²Bdx₁dx₂	-0.20148787092420994
ABC	d²Bdx₁dx₃	-0.20148787092420994
ABC	d²Bdx₂dx₁	-0.20148787092420994
ABC	d²Bdx₂dx₂	-0.38049325026462621
ABC	d²Bdx₂dx₃	-0.20148787092420994
ABC	d²Bdx₃dx₁	-0.20148787092420994
ABC	d²Bdx₃dx₂	-0.20148787092420994
ABC	d²Bdx₃dx₃	-0.38049325026462621
ABC	d²b₁dx₁dx₁	0.10450889061928487
ABC	d²b₁dx₁dx₂	0.080487642602302845
ABC	d²b₁dx₁dx₃	0.024021248016982029
ABC	d²b₁dx₂dx₁	0.080487642602302845
ABC	d²b₁dx₂dx₂	-0.22896713277688296
ABC	d²b₁dx₂dx₃	0.043970599555295184
ABC	d²b₁dx₃dx₁	0.024021248016982029
ABC	d²b₁dx₃dx₂	0.043970599555295191
ABC	d²b₁dx₃dx₃	-0.17250073819156209
ABC	d²b₂dx₁dx₁	-0.17250073819156209
ABC	d²b₂dx₁dx₂	0.024021248016982029
ABC	d²b₂dx₁dx₃	0.043970599555295184
ABC	d²b₂dx₂dx₁	0.024021248016982029
ABC	d²b₂dx₂dx₂	0.10450889061928487
ABC	d²b₂dx₂dx₃	0.080487642602302845
ABC	d²b₂dx₃dx₁	0.043970599555295184
ABC	d²b₂dx₃dx₂	0.080487642602302845
ABC	d²b₂dx₃dx₃	-0.22896713277688294
ABC	d²b₃dx₁dx₁	-0.22896713277688294
ABC	d²b₃dx₁dx₂	0.043970599555295184
ABC	d²b₃dx₁dx₃	0.080487642602302845
ABC	d²b₃dx₂dx₁	0.043970599555295184
ABC	d²b₃dx₂dx₂	-0.17250073819156209
ABC	d²b₃dx₂dx₃	0.024021248016982029
ABC	d²b₃dx₃dx₁	0.080487642602302845
ABC	d²b₃dx₃dx₂	0.024021248016982029
ABC	d²b₃dx₃dx₃	0.10450889061928487
ABC	d²g²²dx₁dx₁	0
ABC	d²g²²dx₁dx₂	0
ABC	d²g²²dx₁dx₃	0
ABC	d²g²²dx₂dx₁	0
ABC	d²g²²dx₂dx₂	0
ABC	d²g²²dx₂dx₃	0
ABC	d²g²²dx₃dx₁	0
ABC	d²g²²dx₃dx₂	0
ABC	d²g²²dx₃dx₃	0
ABC	d²g²³dx₁dx₁	0
ABC	d²g²³dx₁dx₂	0
ABC	d²g²³dx₁dx₃	0
ABC	d²g²³dx₂dx₁	0
ABC	d²g²³dx₂dx₂	0
ABC	d²g²³dx₂dx₃	0
ABC	d²g²³dx₃dx₁	0
ABC	d²g²³dx₃dx₂	0
ABC	d²g²³dx₃dx₃	0
ABC	d²g²¹dx₁dx₁	0
ABC	d²g²¹dx₁dx₂	0
ABC	d²g²¹dx₁dx₃	0
ABC	d²g²¹dx₂dx₁	0
ABC	d²g²¹dx₂dx₂	0
ABC	d²g²¹dx₂dx₃	0
ABC	d²g²¹dx₃dx₁	0
ABC	d²g²¹dx₃dx₂	0
ABC	d²g²¹dx₃dx₃	0
ABC	d²g³²dx₁dx₁	0
ABC	d²g³²dx₁dx₂	0
ABC	d²g³²dx₁dx₃	0
ABC	d²g³²dx₂dx₁	0
ABC	d²g³²dx₂dx₂	0
ABC	d²g³²dx₂dx₃	0
ABC	d²g³²dx₃dx₁	0
ABC	d²g³²dx₃dx₂	0
ABC	d²g³²dx₃dx₃	0
ABC	d²g³³dx₁dx₁	0
ABC	d²g³³dx₁dx₂	0
ABC	d²g³³dx₁dx₃	0
ABC	d²g³³dx₂dx₁	0
ABC	d²g³³dx₂dx₂	0
ABC	d²g³³dx₂dx₃	0
ABC	d²g³³dx₃dx₁	0
ABC	d²g³³dx₃dx₂	0
ABC	d²g³³dx₃dx₃	0
ABC	d²g³¹dx₁dx₁	0
ABC	d²g³¹dx₁dx₂	0
ABC	d²g³¹dx₁dx₃	0
ABC	d²g³¹dx₂dx₁	0
ABC	d²g³¹dx₂dx₂	0
ABC	d²g³¹dx₂dx₃	0
ABC	d²g³¹dx₃dx₁	0
ABC	d²g³¹dx₃dx₂	0
ABC	d²g³¹dx₃dx₃	0
ABC	d²g¹²dx₁dx₁	0
ABC	d²g¹²dx₁dx₂	0
ABC	d²g¹²dx₁dx₃	0
ABC	d²g¹²dx₂dx₁	0
ABC	d²g¹²dx₂dx₂	0
ABC	d²g¹²dx₂dx₃	0
ABC	d²g¹²dx₃dx₁	0
ABC	d²g¹²dx₃dx₂	0
ABC	d²g¹²dx₃dx₃	0
ABC	d²g¹³dx₁dx₁	0
ABC	d²g¹³dx₁dx₂	0
ABC	d²g¹³dx₁dx₃	0
ABC	d²g¹³dx₂dx₁	0
ABC	d²g¹³dx₂dx₂	0
ABC	d²g¹³dx₂dx₃	0
ABC	d²g¹³dx₃dx₁	0
ABC	d²g¹³dx₃dx₂	0
ABC	d²g¹³dx₃dx₃	0
ABC	d²g¹¹dx₁dx₁	0
ABC	d²g¹¹dx₁dx₂	0
ABC	d²g¹¹dx₁dx₃	0
ABC	d²g¹¹dx₂dx₁	0
ABC	d²g¹¹dx₂dx₂	0
ABC	d²g¹¹dx₂dx₃	0
ABC	d²g¹¹dx₃dx₁	0
ABC	d²g¹¹dx₃dx₂	0
ABC	d²g¹¹dx₃dx₃	0
ABC	d²g₁₁dx₁dx₁	0
ABC	d²g₁₁dx₁dx₂	0
ABC	d²g₁₁dx₁dx₃	0
ABC	d²g₁₁dx₂dx₁	0
ABC	d²g₁₁dx₂dx₂	0
ABC	d²g₁₁dx₂dx₃	0
ABC	d²g₁₁dx₃dx₁	0
ABC	d²g₁₁dx₃dx₂	0
ABC	d²g₁₁dx₃dx₃	0
ABC	d²g₁₂dx₁dx₁	0
ABC	d²g₁₂dx₁dx₂	0
ABC	d²g₁₂dx₁dx₃	0
ABC	d²g₁₂dx₂dx₁	0
ABC	d²g₁₂dx₂dx₂	0
ABC	d²g₁₂dx₂dx₃	0
ABC	d²g₁₂dx₃dx₁	0
ABC	d²g₁₂dx₃dx₂	0
ABC	d²g₁₂dx₃dx₃	0
ABC	d²g₁₃dx₁dx₁	0
ABC	d²g₁₃dx₁dx₂	0
ABC	d²g₁₃dx₁dx₃	0
ABC	d²g₁₃dx₂dx₁	0
ABC	d²g₁₃dx₂dx₂	0
ABC	d²g₁₃dx₂dx₃	0
ABC	d²g₁₃dx₃dx₁	0
ABC	d²g₁₃dx₃dx₂	0
ABC	d²g₁₃dx₃dx₃	0
ABC	d²g₂₁dx₁dx₁	0
ABC	d²g₂₁dx₁dx₂	0
ABC	d²g₂₁dx₁dx₃	0
ABC	d²g₂₁dx₂dx₁	0
ABC	d²g₂₁dx₂dx₂	0
ABC	d²g₂₁dx₂dx₃	0
ABC	d²g₂₁dx₃dx₁	0
ABC	d²g₂₁dx₃dx₂	0
ABC	d²g₂₁dx₃dx₃	0
ABC	d²g₂₂dx₁dx₁	0
ABC	d²g₂₂dx₁dx₂	0
ABC	d²g₂₂dx₁dx₃	0
ABC	d²g₂₂dx₂dx₁	0
ABC	d²g₂₂dx₂dx₂	0
ABC	d²g₂₂dx₂dx₃	0
ABC	d²g₂₂dx₃dx₁	0
ABC	d²g₂₂dx₃dx₂	0
ABC	d²g₂₂dx₃dx₃	0
ABC	d²g₂₃dx₁dx₁	0
ABC	d²g₂₃dx₁dx₂	0
ABC	d²g₂₃dx₁dx₃	0
ABC	d²g₂₃dx₂dx₁	0
ABC	d²g₂₃dx₂dx₂	0
ABC	d²g₂₃dx₂dx₃	0
ABC	d²g₂₃dx₃dx₁	0
ABC	d²g₂₃dx₃dx₂	0
ABC	d²g₂₃dx₃dx₃	0
ABC	d²g₃₁dx₁dx₁	0
ABC	d²g₃₁dx₁dx₂	0
ABC	d²g₃₁dx₁dx₃	0
ABC	d²g₃₁dx₂dx₁	0
ABC	d²g₃₁dx₂dx₂	0
ABC	d²g₃₁dx₂dx₃	0
ABC	d²g₃₁dx₃dx₁	0
ABC	d²g₃₁dx₃dx₂	0
ABC	d²g₃₁dx₃dx₃	0
ABC	d²g₃₂dx₁dx₁	0
ABC	d²g₃₂dx₁dx₂	0
ABC	d²g₃₂dx₁dx₃	0
ABC	d²g₃₂dx₂dx₁	0
ABC	d²g₃₂dx₂dx₂	0
ABC	d²g₃₂dx₂dx₃	0
ABC	d²g₃₂dx₃dx₁	0
ABC	d²g₃₂dx₃dx₂	0
ABC	d²g₃₂dx₃dx₃	0
ABC	d²g₃₃dx₁dx₁	0
ABC	d²g₃₃dx₁dx₂	0
ABC	d²g₃₃dx₁dx₃	0
ABC	d²g₃₃dx₂dx₁	0
ABC	d²g₃₃dx₂dx₂	0
ABC	d²g₃₃dx₂dx₃	0
ABC	d²g₃₃dx₃dx₁	0
ABC	d²g₃₃dx₃dx₂	0
ABC	d²g₃₃dx₃dx₃	0
ABC	g²²	1
ABC	g²³	0
ABC	g²¹	0
ABC	g³²	0
ABC	g³³	1
ABC	g³¹	0
ABC	g¹²	0
ABC	g¹³	0
ABC	g¹¹	1
ABC	g₁₁	1
ABC	g₁₂	0
ABC	g₁₃	0
ABC	g₂₁	0
ABC	g₂₂	1
ABC	g₂₃	0
ABC	g₃₁	0
ABC	g₃₂	0
ABC	g₃₃	1
ABC	maxx²	Inf
ABC	maxx³	Inf
ABC	maxx¹	Inf
ABC	minx²	-Inf
ABC	minx³	-Inf
ABC	minx¹	-Inf
ABC	orientation	1
ABC	x²	0.5
ABC	x³	0.5
ABC	x¹	0.5
ABC	ξ²	0.5
ABC	ξ³	0.5
ABC	ξ¹	0.5
ABC	φ	0
TokamakCartesian	A²	0.1381583509747431
TokamakCartesian	A³	-0.2290726829685388
TokamakCartesian	A¹	0.12061388300841897
TokamakCartesian	A₁	0.12061388300841897
TokamakCartesian	A₂	0.1381583509747431
TokamakCartesian	A₃	-0.2290726829685388
TokamakCartesian	B	0.67732727243420676
TokamakCartesian	B²	0.55000000000000004
TokamakCartesian	B³	0.18377223398316211
TokamakCartesian	B¹	-0.34999999999999998
TokamakCartesian	B₁	-0.34999999999999998
TokamakCartesian	B₁₁	0
TokamakCartesian	B₁₂	0.091886116991581057
TokamakCartesian	B₁₃	-0.27500000000000002
TokamakCartesian	B₂	0.55000000000000004
TokamakCartesian	B₂₁	-0.091886116991581057
TokamakCartesian	B₂₂	0
TokamakCartesian	B₂₃	-0.17499999999999999
TokamakCartesian	B₃	0.18377223398316211
TokamakCartesian	B₃₁	0.27500000000000002
TokamakCartesian	B₃₂	0.17499999999999999
TokamakCartesian	B₃₃	0
TokamakCartesian	B₍₁₎	-0.34999999999999998
TokamakCartesian	B₍₂₎	0.55000000000000004
TokamakCartesian	B₍₃₎	0.18377223398316211
TokamakCartesian	DF̄₁₁	1
TokamakCartesian	DF̄₁₂	0
TokamakCartesian	DF̄₁₃	0
TokamakCartesian	DF̄₂₁	0
TokamakCartesian	DF̄₂₂	1
TokamakCartesian	DF̄₂₃	0
TokamakCartesian	DF̄₃₁	0
TokamakCartesian	DF̄₃₂	0
TokamakCartesian	DF̄₃₃	1
TokamakCartesian	DF₁₁	1
TokamakCartesian	DF₁₂	0
TokamakCartesian	DF₁₃	0
TokamakCartesian	DF₂₁	0
TokamakCartesian	DF₂₂	1
TokamakCartesian	DF₂₃	0
TokamakCartesian	DF₃₁	0
TokamakCartesian	DF₃₂	0
TokamakCartesian	DF₃₃	1
TokamakCartesian	E²	0
TokamakCartesian	E³	0
TokamakCartesian	E¹	0
TokamakCartesian	E₁	0
TokamakCartesian	E₂	0
TokamakCartesian	E₃	0
TokamakCartesian	J	1
TokamakCartesian	R	1.5811388300841898
TokamakCartesian	R²	2.5
TokamakCartesian	X	1.5
TokamakCartesian	Y	0.5
TokamakCartesian	Z	0.5
TokamakCartesian	a²	-0.31690886660131767
TokamakCartesian	a³	0.94845599279537918
TokamakCartesian	a¹	0
TokamakCartesian	a₁	0
TokamakCartesian	a₂	-0.31690886660131767
TokamakCartesian	a₃	0.94845599279537918
TokamakCartesian	a₍₁₎	0
TokamakCartesian	a₍₂₎	-0.31690886660131767
TokamakCartesian	a₍₃₎	0.94845599279537918
TokamakCartesian	b²	0.81201514007163378
TokamakCartesian	b³	0.27131970239838987
TokamakCartesian	b¹	-0.51673690731831234
TokamakCartesian	b₁	-0.51673690731831234
TokamakCartesian	b₂	0.81201514007163378
TokamakCartesian	b₃	0.27131970239838987
TokamakCartesian	b₍₁₎	-0.51673690731831234
TokamakCartesian	b₍₂₎	0.81201514007163378
TokamakCartesian	b₍₃₎	0.27131970239838987
TokamakCartesian	c²	0.49010221644460378
TokamakCartesian	c³	0.16375850762931651
TokamakCartesian	c¹	0.85614424521520083
TokamakCartesian	c₁	0.85614424521520083
TokamakCartesian	c₂	0.49010221644460378
TokamakCartesian	c₃	0.16375850762931651
TokamakCartesian	c₍₁₎	0.85614424521520083
TokamakCartesian	c₍₂₎	0.49010221644460378
TokamakCartesian	c₍₃₎	0.16375850762931651
TokamakCartesian	dA₁dx₁	-0.099868329805051392
TokamakCartesian	dA₁dx₂	-0.12539501058484587
TokamakCartesian	dA₁dx₃	0.25
TokamakCartesian	dA₂dx₁	0.058377223398316247
TokamakCartesian	dA₂dx₂	0.09986832980505142
TokamakCartesian	dA₂dx₃	0.25
TokamakCartesian	dA₃dx₁	-0.30000000000000004
TokamakCartesian	dA₃dx₂	-0.10000000000000001
TokamakCartesian	dA₃dx₃	0
TokamakCartesian	dBdx₁	-0.32500045274100725
TokamakCartesian	dBdx₂	-0.10833348424700243
TokamakCartesian	dBdx₃	0.073819558188330345
TokamakCartesian	dB₁dx₁	0.32000000000000006
TokamakCartesian	dB₁dx₂	-0.26000000000000001
TokamakCartesian	dB₁dx₃	-0.30000000000000004
TokamakCartesian	dB₂dx₁	-0.26000000000000012
TokamakCartesian	dB₂dx₂	-0.32000000000000006
TokamakCartesian	dB₂dx₃	-0.10000000000000001
TokamakCartesian	dB₃dx₁	0.18973665961010264
TokamakCartesian	dB₃dx₂	0.063245553203367499
TokamakCartesian	dB₃dx₃	-1.3877787807814457e-17
TokamakCartesian	dE₁dx₁	0
TokamakCartesian	dE₁dx₂	0
TokamakCartesian	dE₁dx₃	0
TokamakCartesian	dE₂dx₁	0
TokamakCartesian	dE₂dx₂	0
TokamakCartesian	dE₂dx₃	0
TokamakCartesian	dE₃dx₁	0
TokamakCartesian	dE₃dx₂	0
TokamakCartesian	dE₃dx₃	0
TokamakCartesian	db₁dx₁	0.22450044072059899
TokamakCartesian	db₁dx₂	-0.46650994647422289
TokamakCartesian	db₁dx₃	-0.38659997974257521
TokamakCartesian	db₂dx₁	0.0057657329252346345
TokamakCartesian	db₂dx₂	-0.34256936057046339
TokamakCartesian	db₂dx₃	-0.23613783969972871
TokamakCartesian	db₃dx₁	0.41031226267967891
TokamakCartesian	db₃dx₂	0.1367707542265596
TokamakCartesian	db₃dx₃	-0.029570196526796357
TokamakCartesian	db₍₁₎dx₁	0.22450044072059899
TokamakCartesian	db₍₁₎dx₂	-0.46650994647422289
TokamakCartesian	db₍₁₎dx₃	-0.38659997974257521
TokamakCartesian	db₍₂₎dx₁	0.0057657329252346345
TokamakCartesian	db₍₂₎dx₂	-0.34256936057046339
TokamakCartesian	db₍₂₎dx₃	-0.23613783969972871
TokamakCartesian	db₍₃₎dx₁	0.41031226267967869
TokamakCartesian	db₍₃₎dx₂	0.1367707542265596
TokamakCartesian	db₍₃₎dx₃	-0.029570196526796336
TokamakCartesian	dg²²dx₁	0
TokamakCartesian	dg²²dx₂	0
TokamakCartesian	dg²²dx₃	0
TokamakCartesian	dg²³dx₁	0
TokamakCartesian	dg²³dx₂	0
TokamakCartesian	dg²³dx₃	0
TokamakCartesian	dg²¹dx₁	0
TokamakCartesian	dg²¹dx₂	0
TokamakCartesian	dg²¹dx₃	0
TokamakCartesian	dg³²dx₁	0
TokamakCartesian	dg³²dx₂	0
TokamakCartesian	dg³²dx₃	0
TokamakCartesian	dg³³dx₁	0
TokamakCartesian	dg³³dx₂	0
TokamakCartesian	dg³³dx₃	0
TokamakCartesian	dg³¹dx₁	0
TokamakCartesian	dg³¹dx₂	0
TokamakCartesian	dg³¹dx₃	0
TokamakCartesian	dg¹²dx₁	0
TokamakCartesian	dg¹²dx₂	0
TokamakCartesian	dg¹²dx₃	0
TokamakCartesian	dg¹³dx₁	0
TokamakCartesian	dg¹³dx₂	0
TokamakCartesian	dg¹³dx₃	0
TokamakCartesian	dg¹¹dx₁	0
TokamakCartesian	dg¹¹dx₂	0
TokamakCartesian	dg¹¹dx₃	0
TokamakCartesian	dg₁₁dx₁	0
TokamakCartesian	dg₁₁dx₂	0
TokamakCartesian	dg₁₁dx₃	0
TokamakCartesian	dg₁₂dx₁	0
TokamakCartesian	dg₁₂dx₂	0
TokamakCartesian	dg₁₂dx₃	0
TokamakCartesian	dg₁₃dx₁	0
TokamakCartesian	dg₁₃dx₂	0
TokamakCartesian	dg₁₃dx₃	0
TokamakCartesian	dg₂₁dx₁	0
TokamakCartesian	dg₂₁dx₂	0
TokamakCartesian	dg₂₁dx₃	0
TokamakCartesian	dg₂₂dx₁	0
TokamakCartesian	dg₂₂dx₂	0
TokamakCartesian	dg₂₂dx₃	0
TokamakCartesian	dg₂₃dx₁	0
TokamakCartesian	dg₂₃dx₂	0
TokamakCartesian	dg₂₃dx₃	0
TokamakCartesian	dg₃₁dx₁	0
TokamakCartesian	dg₃₁dx₂	0
TokamakCartesian	dg₃₁dx₃	0
TokamakCartesian	dg₃₂dx₁	0
TokamakCartesian	dg₃₂dx₂	0
TokamakCartesian	dg₃₂dx₃	0
TokamakCartesian	dg₃₃dx₁	0
TokamakCartesian	dg₃₃dx₂	0
TokamakCartesian	dg₃₃dx₃	0
TokamakCartesian	d²A₁dx₁dx₁	0.049517440445724911
TokamakCartesian	d²A₁dx₁dx₂	0.061184338272928018
TokamakCartesian	d²A₁dx₁dx₃	-0.10000000000000003
TokamakCartesian	d²A₁dx₂dx₁	0.061184338272928018
TokamakCartesian	d²A₁dx₂dx₂	-0.11276299364909248
TokamakCartesian	d²A₁dx₂dx₃	-0.20000000000000001
TokamakCartesian	d²A₁dx₃dx₁	-0.10000000000000003
TokamakCartesian	d²A₁dx₃dx₂	-0.20000000000000001
TokamakCartesian	d²A₁dx₃dx₃	-0.10000000000000001
TokamakCartesian	d²A₂dx₁dx₁	0.25092099788303057
TokamakCartesian	d²A₂dx₁dx₂	-0.049517440445724994
TokamakCartesian	d²A₂dx₁dx₃	-0.20000000000000004
TokamakCartesian	d²A₂dx₂dx₁	-0.049517440445724994
TokamakCartesian	d²A₂dx₂dx₂	-0.061184338272928074
TokamakCartesian	d²A₂dx₂dx₃	0.099999999999999992
TokamakCartesian	d²A₂dx₃dx₁	-0.20000000000000004
TokamakCartesian	d²A₂dx₃dx₂	0.099999999999999992
TokamakCartesian	d²A₂dx₃dx₃	0.30000000000000004
TokamakCartesian	d²A₃dx₁dx₁	0.16000000000000009
TokamakCartesian	d²A₃dx₁dx₂	0.12000000000000002
TokamakCartesian	d²A₃dx₁dx₃	0
TokamakCartesian	d²A₃dx₂dx₁	0.12000000000000002
TokamakCartesian	d²A₃dx₂dx₂	-0.16
TokamakCartesian	d²A₃dx₂dx₃	0
TokamakCartesian	d²A₃dx₃dx₁	0
TokamakCartesian	d²A₃dx₃dx₂	0
TokamakCartesian	d²A₃dx₃dx₃	0
TokamakCartesian	d²Bdx₁dx₁	0.49142752524371114
TokamakCartesian	d²Bdx₁dx₂	0.23603149791257208
TokamakCartesian	d²Bdx₁dx₃	-0.053162793871037138
TokamakCartesian	d²Bdx₂dx₁	0.23603149791257208
TokamakCartesian	d²Bdx₂dx₂	-0.13798980252314741
TokamakCartesian	d²Bdx₂dx₃	-0.017720931290345698
TokamakCartesian	d²Bdx₃dx₁	-0.053162793871037152
TokamakCartesian	d²Bdx₃dx₂	-0.017720931290345698
TokamakCartesian	d²Bdx₃dx₃	0.13959377789274541
TokamakCartesian	d²b₁dx₁dx₁	-0.13012287305105275
TokamakCartesian	d²b₁dx₁dx₂	0.26378851801564129
TokamakCartesian	d²b₁dx₁dx₃	-0.014304561290705925
TokamakCartesian	d²b₁dx₂dx₁	0.26378851801564129
TokamakCartesian	d²b₁dx₂dx₂	0.46597604019925531
TokamakCartesian	d²b₁dx₂dx₃	0.1526570393695838
TokamakCartesian	d²b₁dx₃dx₁	-0.014304561290706008
TokamakCartesian	d²b₁dx₃dx₂	0.15265703936958383
TokamakCartesian	d²b₁dx₃dx₃	0.19076529430926828
TokamakCartesian	d²b₂dx₁dx₁	-0.31195976852413498
TokamakCartesian	d²b₂dx₁dx₂	0.27405994468599659
TokamakCartesian	d²b₂dx₁dx₃	0.12696737359158272
TokamakCartesian	d²b₂dx₂dx₁	0.27405994468599659
TokamakCartesian	d²b₂dx₂dx₂	-0.21580949413732664
TokamakCartesian	d²b₂dx₂dx₃	-0.2154108619645225
TokamakCartesian	d²b₂dx₃dx₁	0.12696737359158278
TokamakCartesian	d²b₂dx₃dx₂	-0.21541086196452253
TokamakCartesian	d²b₂dx₃dx₃	-0.11588058285364386
TokamakCartesian	d²b₃dx₁dx₁	-0.12057023516164181
TokamakCartesian	d²b₃dx₁dx₂	-0.13137058120492009
TokamakCartesian	d²b₃dx₁dx₃	-0.037611483892870057
TokamakCartesian	d²b₃dx₂dx₁	-0.13137058120492009
TokamakCartesian	d²b₃dx₂dx₂	0.22975131471814583
TokamakCartesian	d²b₃dx₂dx₃	-0.012537161297623384
TokamakCartesian	d²b₃dx₃dx₁	-0.03761148389287005
TokamakCartesian	d²b₃dx₃dx₂	-0.012537161297623384
TokamakCartesian	d²b₃dx₃dx₃	-0.049472132530262544
TokamakCartesian	d²g²²dx₁dx₁	0
TokamakCartesian	d²g²²dx₁dx₂	0
TokamakCartesian	d²g²²dx₁dx₃	0
TokamakCartesian	d²g²²dx₂dx₁	0
TokamakCartesian	d²g²²dx₂dx₂	0
TokamakCartesian	d²g²²dx₂dx₃	0
TokamakCartesian	d²g²²dx₃dx₁	0
TokamakCartesian	d²g²²dx₃dx₂	0
TokamakCartesian	d²g²²dx₃dx₃	0
TokamakCartesian	d²g²³dx₁dx₁	0
TokamakCartesian	d²g²³dx₁dx₂	0
TokamakCartesian	d²g²³dx₁dx₃	0
TokamakCartesian	d²g²³dx₂dx₁	0
TokamakCartesian	d²g²³dx₂dx₂	0
TokamakCartesian	d²g²³dx₂dx₃	0
TokamakCartesian	d²g²³dx₃dx₁	0
TokamakCartesian	d²g²³dx₃dx₂	0
TokamakCartesian	d²g²³dx₃dx₃	0
TokamakCartesian	d²g²¹dx₁dx₁	0
TokamakCartesian	d²g²¹dx₁dx₂	0
TokamakCartesian	d²g²¹dx₁dx₃	0
TokamakCartesian	d²g²¹dx₂dx₁	0
TokamakCartesian	d²g²¹dx₂dx₂	0
TokamakCartesian	d²g²¹dx₂dx₃	0
TokamakCartesian	d²g²¹dx₃dx₁	0
TokamakCartesian	d²g²¹dx₃dx₂	0
TokamakCartesian	d²g²¹dx₃dx₃	0
TokamakCartesian	d²g³²dx₁dx₁	0
TokamakCartesian	d²g³²dx₁dx₂	0
TokamakCartesian	d²g³²dx₁dx₃	0
TokamakCartesian	d²g³²dx₂dx₁	0
TokamakCartesian	d²g³²dx₂dx₂	0
TokamakCartesian	d²g³²dx₂dx₃	0
TokamakCartesian	d²g³²dx₃dx₁	0
TokamakCartesian	d²g³²dx₃dx₂	0
TokamakCartesian	d²g³²dx₃dx₃	0
TokamakCartesian	d²g³³dx₁dx₁	0
TokamakCartesian	d²g³³dx₁dx₂	0
TokamakCartesian	d²g³³dx₁dx₃	0
TokamakCartesian	d²g³³dx₂dx₁	0
TokamakCartesian	d²g³³dx₂dx₂	0
TokamakCartesian	d²g³³dx₂dx₃	0
TokamakCartesian	d²g³³dx₃dx₁	0
TokamakCartesian	d²g³³dx₃dx₂	0
TokamakCartesian	d²g³³dx₃dx₃	0
TokamakCartesian	d²g³¹dx₁dx₁	0
TokamakCartesian	d²g³¹dx₁dx₂	0
TokamakCartesian	d²g³¹dx₁dx₃	0
TokamakCartesian	d²g³¹dx₂dx₁	0
TokamakCartesian	d²g³¹dx₂dx₂	0
TokamakCartesian	d²g³¹dx₂dx₃	0
TokamakCartesian	d²g³¹dx₃dx₁	0
TokamakCartesian	d²g³¹dx₃dx₂	0
TokamakCartesian	d²g³¹dx₃dx₃	0
TokamakCartesian	d²g¹²dx₁dx₁	0
TokamakCartesian	d²g¹²dx₁dx₂	0
TokamakCartesian	d²g¹²dx₁dx₃	0
TokamakCartesian	d²g¹²dx₂dx₁	0
TokamakCartesian	d²g¹²dx₂dx₂	0
TokamakCartesian	d²g¹²dx₂dx₃	0
TokamakCartesian	d²g¹²dx₃dx₁	0
TokamakCartesian	d²g¹²dx₃dx₂	0
TokamakCartesian	d²g¹²dx₃dx₃	0
TokamakCartesian	d²g¹³dx₁dx₁	0
TokamakCartesian	d²g¹³dx₁dx₂	0
TokamakCartesian	d²g¹³dx₁dx₃	0
TokamakCartesian	d²g¹³dx₂dx₁	0
TokamakCartesian	d²g¹³dx₂dx₂	0
TokamakCartesian	d²g¹³dx₂dx₃	0
TokamakCartesian	d²g¹³dx₃dx₁	0
TokamakCartesian	d²g¹³dx₃dx₂	0
TokamakCartesian	d²g¹³dx₃dx₃	0
TokamakCartesian	d²g¹¹dx₁dx₁	0
TokamakCartesian	d²g¹¹dx₁dx₂	0
TokamakCartesian	d²g¹¹dx₁dx₃	0
TokamakCartesian	d²g¹¹dx₂dx₁	0
TokamakCartesian	d²g¹¹dx₂dx₂	0
TokamakCartesian	d²g¹¹dx₂dx₃	0
TokamakCartesian	d²g¹¹dx₃dx₁	0
TokamakCartesian	d²g¹¹dx₃dx₂	0
TokamakCartesian	d²g¹¹dx₃dx₃	0
TokamakCartesian	d²g₁₁dx₁dx₁	0
TokamakCartesian	d²g₁₁dx₁dx₂	0
TokamakCartesian	d²g₁₁dx₁dx₃	0
TokamakCartesian	d²g₁₁dx₂dx₁	0
TokamakCartesian	d²g₁₁dx₂dx₂	0
TokamakCartesian	d²g₁₁dx₂dx₃	0
TokamakCartesian	d²g₁₁dx₃dx₁	0
TokamakCartesian	d²g₁₁dx₃dx₂	0
TokamakCartesian	d²g₁₁dx₃dx₃	0
TokamakCartesian	d²g₁₂dx₁dx₁	0
TokamakCartesian	d²g₁₂dx₁dx₂	0
TokamakCartesian	d²g₁₂dx₁dx₃	0
TokamakCartesian	d²g₁₂dx₂dx₁	0
TokamakCartesian	d²g₁₂dx₂dx₂	0
TokamakCartesian	d²g₁₂dx₂dx₃	0
TokamakCartesian	d²g₁₂dx₃dx₁	0
TokamakCartesian	d²g₁₂dx₃dx₂	0
TokamakCartesian	d²g₁₂dx₃dx₃	0
TokamakCartesian	d²g₁₃dx₁dx₁	0
TokamakCartesian	d²g₁₃dx₁dx₂	0
TokamakCartesian	d²g₁₃dx₁dx₃	0
TokamakCartesian	d²g₁₃dx₂dx₁	0
TokamakCartesian	d²g₁₃dx₂dx₂	0
TokamakCartesian	d²g₁₃dx₂dx₃	0
TokamakCartesian	d²g₁₃dx₃dx₁	0
TokamakCartesian	d²g₁₃dx₃dx₂	0
TokamakCartesian	d²g₁₃dx₃dx₃	0
TokamakCartesian	d²g₂₁dx₁dx₁	0
TokamakCartesian	d²g₂₁dx₁dx₂	0
TokamakCartesian	d²g₂₁dx₁dx₃	0
TokamakCartesian	d²g₂₁dx₂dx₁	0
TokamakCartesian	d²g₂₁dx₂dx₂	0
TokamakCartesian	d²g₂₁dx₂dx₃	0
TokamakCartesian	d²g₂₁dx₃dx₁	0
TokamakCartesian	d²g₂₁dx₃dx₂	0
TokamakCartesian	d²g₂₁dx₃dx₃	0
TokamakCartesian	d²g₂₂dx₁dx₁	0
TokamakCartesian	d²g₂₂dx₁dx₂	0
TokamakCartesian	d²g₂₂dx₁dx₃	0
TokamakCartesian	d²g₂₂dx₂dx₁	0
TokamakCartesian	d²g₂₂dx₂dx₂	0
TokamakCartesian	d²g₂₂dx₂dx₃	0
TokamakCartesian	d²g₂₂dx₃dx₁	0
TokamakCartesian	d²g₂₂dx₃dx₂	0
TokamakCartesian	d²g₂₂dx₃dx₃	0
TokamakCartesian	d²g₂₃dx₁dx₁	0
TokamakCartesian	d²g₂₃dx₁dx₂	0
TokamakCartesian	d²g₂₃dx₁dx₃	0
TokamakCartesian	d²g₂₃dx₂dx₁	0
TokamakCartesian	d²g₂₃dx₂dx₂	0
TokamakCartesian	d²g₂₃dx₂dx₃	0
TokamakCartesian	d²g₂₃dx₃dx₁	0
TokamakCartesian	d²g₂₃dx₃dx₂	0
TokamakCartesian	d²g₂₃dx₃dx₃	0
TokamakCartesian	d²g₃₁dx₁dx₁	0
TokamakCartesian	d²g₃₁dx₁dx₂	0
TokamakCartesian	d²g₃₁dx₁dx₃	0
TokamakCartesian	d²g₃₁dx₂dx₁	0
TokamakCartesian	d²g₃₁dx₂dx₂	0
TokamakCartesian	d²g₃₁dx₂dx₃	0
TokamakCartesian	d²g₃₁dx₃dx₁	0
TokamakCartesian	d²g₃₁dx₃dx₂	0
TokamakCartesian	d²g₃₁dx₃dx₃	0
TokamakCartesian	d²g₃₂dx₁dx₁	0
TokamakCartesian	d²g₃₂dx₁dx₂	0
TokamakCartesian	d²g₃₂dx₁dx₃	0
TokamakCartesian	d²g₃₂dx₂dx₁	0
TokamakCartesian	d²g₃₂dx₂dx₂	0
TokamakCartesian	d²g₃₂dx₂dx₃	0
TokamakCartesian	d²g₃₂dx₃dx₁	0
TokamakCartesian	d²g₃₂dx₃dx₂	0
TokamakCartesian	d²g₃₂dx₃dx₃	0
TokamakCartesian	d²g₃₃dx₁dx₁	0
TokamakCartesian	d²g₃₃dx₁dx₂	0
TokamakCartesian	d²g₃₃dx₁dx₃	0
TokamakCartesian	d²g₃₃dx₂dx₁	0
TokamakCartesian	d²g₃₃dx₂dx₂	0
TokamakCartesian	d²g₃₃dx₂dx₃	0
TokamakCartesian	d²g₃₃dx₃dx₁	0
TokamakCartesian	d²g₃₃dx₃dx₂	0
TokamakCartesian	d²g₃₃dx₃dx₃	0
TokamakCartesian	g²²	1
TokamakCartesian	g²³	0
TokamakCartesian	g²¹	0
TokamakCartesian	g³²	0
TokamakCartesian	g³³	1
TokamakCartesian	g³¹	0
TokamakCartesian	g¹²	0
TokamakCartesian	g¹³	0
TokamakCartesian	g¹¹	1
TokamakCartesian	g₁₁	1
TokamakCartesian	g₁₂	0
TokamakCartesian	g₁₃	0
TokamakCartesian	g₂₁	0
TokamakCartesian	g₂₂	1
TokamakCartesian	g₂₃	0
TokamakCartesian	g₃₁	0
TokamakCartesian	g₃₂	0
TokamakCartesian	g₃₃	1
TokamakCartesian	maxx²	Inf
TokamakCartesian	maxx³	Inf
TokamakCartesian	maxx¹	Inf
TokamakCartesian	minx²	-Inf
TokamakCartesian	minx³	-Inf
TokamakCartesian	minx¹	-Inf
TokamakCartesian	orientation	1
TokamakCartesian	r	0.76663051063183019
TokamakCartesian	r²	0.5877223398316207
TokamakCartesian	x²	0.5
TokamakCartesian	x³	0.5
TokamakCartesian	x¹	1.5
TokamakCartesian	θ	0.71048918338650613
TokamakCartesian	ξ²	0.5
TokamakCartesian	ξ³	0.5
TokamakCartesian	ξ¹	1.5
TokamakCartesian	φ	0
TokamakCartesian	ϕ	0.32175055439664219
TokamakCylindrical	A²	-0.20273255405408219
TokamakCylindrical	A³	0.055555555555555552
TokamakCylindrical	A¹	0.16666666666666666
TokamakCylindrical	A₁	0.16666666666666666
TokamakCylindrical	A₂	-0.20273255405408219
TokamakCylindrical	A₃	0.125
TokamakCylindrical	B	0.70710678118654757
TokamakCylindrical	B²	0.16666666666666666
TokamakCylindrical	B³	0.44444444444444442
TokamakCylindrical	B¹	-0.16666666666666666
TokamakCylindrical	B₁	-0.16666666666666666
TokamakCylindrical	B₁₁	0
TokamakCylindrical	B₁₂	-0.33333333333333331
TokamakCylindrical	B₁₃	0.125
TokamakCylindrical	B₂	0.16666666666666666
TokamakCylindrical	B₂₁	0.33333333333333331
TokamakCylindrical	B₂₂	0
TokamakCylindrical	B₂₃	0.125
TokamakCylindrical	B₃	1
TokamakCylindrical	B₃₁	-0.125
TokamakCylindrical	B₃₂	-0.125
TokamakCylindrical	B₃₃	0
TokamakCylindrical	B₍₁₎	-0.46588078605119743
TokamakCylindrical	B₍₂₎	0.50515078482621456
TokamakCylindrical	B₍₃₎	0.16666666666666666
TokamakCylindrical	DF̄₁₁	0.87758256189037276
TokamakCylindrical	DF̄₁₂	0.47942553860420301
TokamakCylindrical	DF̄₁₃	0
TokamakCylindrical	DF̄₂₁	0
TokamakCylindrical	DF̄₂₂	0
TokamakCylindrical	DF̄₂₃	1
TokamakCylindrical	DF̄₃₁	-0.31961702573613532
TokamakCylindrical	DF̄₃₂	0.58505504126024843
TokamakCylindrical	DF̄₃₃	0
TokamakCylindrical	DF₁₁	0.87758256189037276
TokamakCylindrical	DF₁₂	0
TokamakCylindrical	DF₁₃	-0.71913830790630451
TokamakCylindrical	DF₂₁	0.47942553860420301
TokamakCylindrical	DF₂₂	0
TokamakCylindrical	DF₂₃	1.3163738428355591
TokamakCylindrical	DF₃₁	0
TokamakCylindrical	DF₃₂	1
TokamakCylindrical	DF₃₃	0
TokamakCylindrical	E²	0
TokamakCylindrical	E³	0
TokamakCylindrical	E¹	0
TokamakCylindrical	E₁	0
TokamakCylindrical	E₂	0
TokamakCylindrical	E₃	0
TokamakCylindrical	J	1.5
TokamakCylindrical	R	1.5
TokamakCylindrical	X	1.3163738428355591
TokamakCylindrical	Y	0.71913830790630451
TokamakCylindrical	Z	0.5
TokamakCylindrical	a²	0.97014250014533199
TokamakCylindrical	a³	-0.16169041669088866
TokamakCylindrical	a¹	0
TokamakCylindrical	a₁	0
TokamakCylindrical	a₂	0.97014250014533199
TokamakCylindrical	a₃	-0.36380343755449951
TokamakCylindrical	a₍₁₎	0.11627777266375097
TokamakCylindrical	a₍₂₎	-0.21284503516906794
TokamakCylindrical	a₍₃₎	0.97014250014533199
TokamakCylindrical	b²	0.23570226039551584
TokamakCylindrical	b³	0.62853936105470887
TokamakCylindrical	b¹	-0.23570226039551584
TokamakCylindrical	b₁	-0.23570226039551584
TokamakCylindrical	b₂	0.23570226039551584
TokamakCylindrical	b₃	1.4142135623730951
TokamakCylindrical	b₍₁₎	-0.65885492608264173
TokamakCylindrical	b₍₂₎	0.7143910909446457
TokamakCylindrical	b₍₃₎	0.23570226039551584
TokamakCylindrical	c²	0.057166195047502921
TokamakCylindrical	c³	0.15244318679334115
TokamakCylindrical	c¹	0.97182531580754994
TokamakCylindrical	c₁	0.97182531580754994
TokamakCylindrical	c₂	0.057166195047502921
TokamakCylindrical	c₃	0.34299717028501753
TokamakCylindrical	c₍₁₎	0.74322921495390215
TokamakCylindrical	c₍₂₎	0.66659009907348377
TokamakCylindrical	c₍₃₎	0.057166195047502921
TokamakCylindrical	dA₁dx₁	-0.1111111111111111
TokamakCylindrical	dA₁dx₂	0.33333333333333331
TokamakCylindrical	dA₁dx₃	0
TokamakCylindrical	dA₂dx₁	-0.33333333333333331
TokamakCylindrical	dA₂dx₂	0
TokamakCylindrical	dA₂dx₃	0
TokamakCylindrical	dA₃dx₁	0.25
TokamakCylindrical	dA₃dx₂	0.25
TokamakCylindrical	dA₃dx₃	0
TokamakCylindrical	dBdx₁	-0.39283710065919319
TokamakCylindrical	dBdx₂	0.078567420131838608
TokamakCylindrical	dBdx₃	0
TokamakCylindrical	dB₁dx₁	0.1111111111111111
TokamakCylindrical	dB₁dx₂	-0.33333333333333331
TokamakCylindrical	dB₁dx₃	0
TokamakCylindrical	dB₂dx₁	0.22222222222222221
TokamakCylindrical	dB₂dx₂	0
TokamakCylindrical	dB₂dx₃	0
TokamakCylindrical	dB₃dx₁	0
TokamakCylindrical	dB₃dx₂	0
TokamakCylindrical	dB₃dx₃	0
TokamakCylindrical	dE₁dx₁	0
TokamakCylindrical	dE₁dx₂	0
TokamakCylindrical	dE₁dx₃	0
TokamakCylindrical	dE₂dx₁	0
TokamakCylindrical	dE₂dx₂	0
TokamakCylindrical	dE₂dx₃	0
TokamakCylindrical	dE₃dx₁	0
TokamakCylindrical	dE₃dx₂	0
TokamakCylindrical	dE₃dx₃	0
TokamakCylindrical	db₁dx₁	0.026189140043946152
TokamakCylindrical	db₁dx₂	-0.44521538074708544
TokamakCylindrical	db₁dx₃	0
TokamakCylindrical	db₂dx₁	0.44521538074708555
TokamakCylindrical	db₂dx₂	-0.026189140043946211
TokamakCylindrical	db₂dx₃	0
TokamakCylindrical	db₃dx₁	0.78567420131838639
TokamakCylindrical	db₃dx₂	-0.15713484026367722
TokamakCylindrical	db₃dx₃	0
TokamakCylindrical	db₍₁₎dx₁	0.073206102898071113
TokamakCylindrical	db₍₁₎dx₂	-0.34049028414442578
TokamakCylindrical	db₍₁₎dx₃	-0.7143910909446457
TokamakCylindrical	db₍₂₎dx₁	-0.079376787882738387
TokamakCylindrical	db₍₂₎dx₂	-0.305380154163435
TokamakCylindrical	db₍₂₎dx₃	-0.65885492608264173
TokamakCylindrical	db₍₃₎dx₁	0.44521538074708555
TokamakCylindrical	db₍₃₎dx₂	-0.026189140043946211
TokamakCylindrical	db₍₃₎dx₃	0
TokamakCylindrical	dg²²dx₁	0
TokamakCylindrical	dg²²dx₂	0
TokamakCylindrical	dg²²dx₃	0
TokamakCylindrical	dg²³dx₁	0
TokamakCylindrical	dg²³dx₂	0
TokamakCylindrical	dg²³dx₃	0
TokamakCylindrical	dg²¹dx₁	0
TokamakCylindrical	dg²¹dx₂	0
TokamakCylindrical	dg²¹dx₃	0
TokamakCylindrical	dg³²dx₁	0
TokamakCylindrical	dg³²dx₂	0
TokamakCylindrical	dg³²dx₃	0
TokamakCylindrical	dg³³dx₁	-0.59259259259259267
TokamakCylindrical	dg³³dx₂	0
TokamakCylindrical	dg³³dx₃	0
TokamakCylindrical	dg³¹dx₁	0
TokamakCylindrical	dg³¹dx₂	0
TokamakCylindrical	dg³¹dx₃	0
TokamakCylindrical	dg¹²dx₁	0
TokamakCylindrical	dg¹²dx₂	0
TokamakCylindrical	dg¹²dx₃	0
TokamakCylindrical	dg¹³dx₁	0
TokamakCylindrical	dg¹³dx₂	0
TokamakCylindrical	dg¹³dx₃	0
TokamakCylindrical	dg¹¹dx₁	0
TokamakCylindrical	dg¹¹dx₂	0
TokamakCylindrical	dg¹¹dx₃	0
TokamakCylindrical	dg₁₁dx₁	0
TokamakCylindrical	dg₁₁dx₂	0
TokamakCylindrical	dg₁₁dx₃	0
TokamakCylindrical	dg₁₂dx₁	0
TokamakCylindrical	dg₁₂dx₂	0
TokamakCylindrical	dg₁₂dx₃	0
TokamakCylindrical	dg₁₃dx₁	0
TokamakCylindrical	dg₁₃dx₂	0
TokamakCylindrical	dg₁₃dx₃	0
TokamakCylindrical	dg₂₁dx₁	0
TokamakCylindrical	dg₂₁dx₂	0
TokamakCylindrical	dg₂₁dx₃	0
TokamakCylindrical	dg₂₂dx₁	0
TokamakCylindrical	dg₂₂dx₂	0
TokamakCylindrical	dg₂₂dx₃	0
TokamakCylindrical	dg₂₃dx₁	0
TokamakCylindrical	dg₂₃dx₂	0
TokamakCylindrical	dg₂₃dx₃	0
TokamakCylindrical	dg₃₁dx₁	0
TokamakCylindrical	dg₃₁dx₂	0
TokamakCylindrical	dg₃₁dx₃	0
TokamakCylindrical	dg₃₂dx₁	0
TokamakCylindrical	dg₃₂dx₂	0
TokamakCylindrical	dg₃₂dx₃	0
TokamakCylindrical	dg₃₃dx₁	3
TokamakCylindrical	dg₃₃dx₂	0
TokamakCylindrical	dg₃₃dx₃	0
TokamakCylindrical	d²A₁dx₁dx₁	0.14814814814814817
TokamakCylindrical	d²A₁dx₁dx₂	-0.22222222222222221
TokamakCylindrical	d²A₁dx₁dx₃	0
TokamakCylindrical	d²A₁dx₂dx₁	-0.22222222222222221
TokamakCylindrical	d²A₁dx₂dx₂	0
TokamakCylindrical	d²A₁dx₂dx₃	0
TokamakCylindrical	d²A₁dx₃dx₁	0
TokamakCylindrical	d²A₁dx₃dx₂	0
TokamakCylindrical	d²A₁dx₃dx₃	0
TokamakCylindrical	d²A₂dx₁dx₁	0.22222222222222221
TokamakCylindrical	d²A₂dx₁dx₂	0
TokamakCylindrical	d²A₂dx₁dx₃	0
TokamakCylindrical	d²A₂dx₂dx₁	0
TokamakCylindrical	d²A₂dx₂dx₂	0
TokamakCylindrical	d²A₂dx₂dx₃	0
TokamakCylindrical	d²A₂dx₃dx₁	0
TokamakCylindrical	d²A₂dx₃dx₂	0
TokamakCylindrical	d²A₂dx₃dx₃	0
TokamakCylindrical	d²A₃dx₁dx₁	0.5
TokamakCylindrical	d²A₃dx₁dx₂	0
TokamakCylindrical	d²A₃dx₁dx₃	0
TokamakCylindrical	d²A₃dx₂dx₁	0
TokamakCylindrical	d²A₃dx₂dx₂	0.5
TokamakCylindrical	d²A₃dx₂dx₃	0
TokamakCylindrical	d²A₃dx₃dx₁	0
TokamakCylindrical	d²A₃dx₃dx₂	0
TokamakCylindrical	d²A₃dx₃dx₃	0
TokamakCylindrical	d²Bdx₁dx₁	0.672187927794619
TokamakCylindrical	d²Bdx₁dx₂	-0.061107993435874496
TokamakCylindrical	d²Bdx₁dx₃	0
TokamakCylindrical	d²Bdx₂dx₁	-0.061107993435874496
TokamakCylindrical	d²Bdx₂dx₂	0.14840512691569516
TokamakCylindrical	d²Bdx₂dx₃	0
TokamakCylindrical	d²Bdx₃dx₁	0
TokamakCylindrical	d²Bdx₃dx₂	0
TokamakCylindrical	d²Bdx₃dx₃	0
TokamakCylindrical	d²b₁dx₁dx₁	0.043648566739910133
TokamakCylindrical	d²b₁dx₁dx₂	0.043648566739910251
TokamakCylindrical	d²b₁dx₁dx₃	0
TokamakCylindrical	d²b₁dx₂dx₁	0.043648566739910251
TokamakCylindrical	d²b₁dx₂dx₂	0.14840512691569521
TokamakCylindrical	d²b₁dx₂dx₃	0
TokamakCylindrical	d²b₁dx₃dx₁	0
TokamakCylindrical	d²b₁dx₃dx₂	0
TokamakCylindrical	d²b₁dx₃dx₃	0
TokamakCylindrical	d²b₂dx₁dx₁	-0.14840512691569474
TokamakCylindrical	d²b₂dx₁dx₂	-0.043648566739910376
TokamakCylindrical	d²b₂dx₁dx₃	0
TokamakCylindrical	d²b₂dx₂dx₁	-0.043648566739910376
TokamakCylindrical	d²b₂dx₂dx₂	-0.043648566739910355
TokamakCylindrical	d²b₂dx₂dx₃	0
TokamakCylindrical	d²b₂dx₃dx₁	0
TokamakCylindrical	d²b₂dx₃dx₂	0
TokamakCylindrical	d²b₂dx₃dx₃	0
TokamakCylindrical	d²b₃dx₁dx₁	-0.4714045207910309
TokamakCylindrical	d²b₃dx₁dx₂	-0.052378280087892443
TokamakCylindrical	d²b₃dx₁dx₃	0
TokamakCylindrical	d²b₃dx₂dx₁	-0.052378280087892443
TokamakCylindrical	d²b₃dx₂dx₂	-0.26189140043946202
TokamakCylindrical	d²b₃dx₂dx₃	0
TokamakCylindrical	d²b₃dx₃dx₁	0
TokamakCylindrical	d²b₃dx₃dx₂	0
TokamakCylindrical	d²b₃dx₃dx₃	0
TokamakCylindrical	d²g²²dx₁dx₁	0
TokamakCylindrical	d²g²²dx₁dx₂	0
TokamakCylindrical	d²g²²dx₁dx₃	0
TokamakCylindrical	d²g²²dx₂dx₁	0
TokamakCylindrical	d²g²²dx₂dx₂	0
TokamakCylindrical	d²g²²dx₂dx₃	0
TokamakCylindrical	d²g²²dx₃dx₁	0
TokamakCylindrical	d²g²²dx₃dx₂	0
TokamakCylindrical	d²g²²dx₃dx₃	0
TokamakCylindrical	d²g²³dx₁dx₁	0
TokamakCylindrical	d²g²³dx₁dx₂	0
TokamakCylindrical	d²g²³dx₁dx₃	0
TokamakCylindrical	d²g²³dx₂dx₁	0
TokamakCylindrical	d²g²³dx₂dx₂	0
TokamakCylindrical	d²g²³dx₂dx₃	0
TokamakCylindrical	d²g²³dx₃dx₁	0
TokamakCylindrical	d²g²³dx₃dx₂	0
TokamakCylindrical	d²g²³dx₃dx₃	0
TokamakCylindrical	d²g²¹dx₁dx₁	0
TokamakCylindrical	d²g²¹dx₁dx₂	0
TokamakCylindrical	d²g²¹dx₁dx₃	0
TokamakCylindrical	d²g²¹dx₂dx₁	0
TokamakCylindrical	d²g²¹dx₂dx₂	0
TokamakCylindrical	d²g²¹dx₂dx₃	0
TokamakCylindrical	d²g²¹dx₃dx₁	0
TokamakCylindrical	d²g²¹dx₃dx₂	0
TokamakCylindrical	d²g²¹dx₃dx₃	0
TokamakCylindrical	d²g³²dx₁dx₁	0
TokamakCylindrical	d²g³²dx₁dx₂	0
TokamakCylindrical	d²g³²dx₁dx₃	0
TokamakCylindrical	d²g³²dx₂dx₁	0
TokamakCylindrical	d²g³²dx₂dx₂	0
TokamakCylindrical	d²g³²dx₂dx₃	0
TokamakCylindrical	d²g³²dx₃dx₁	0
TokamakCylindrical	d²g³²dx₃dx₂	0
TokamakCylindrical	d²g³²dx₃dx₃	0
TokamakCylindrical	d²g³³dx₁dx₁	1.1851851851851851
TokamakCylindrical	d²g³³dx₁dx₂	0
TokamakCylindrical	d²g³³dx₁dx₃	0
TokamakCylindrical	d²g³³dx₂dx₁	0
TokamakCylindrical	d²g³³dx₂dx₂	0
TokamakCylindrical	d²g³³dx₂dx₃	0
TokamakCylindrical	d²g³³dx₃dx₁	0
TokamakCylindrical	d²g³³dx₃dx₂	0
TokamakCylindrical	d²g³³dx₃dx₃	0
TokamakCylindrical	d²g³¹dx₁dx₁	0
TokamakCylindrical	d²g³¹dx₁dx₂	0
TokamakCylindrical	d²g³¹dx₁dx₃	0
TokamakCylindrical	d²g³¹dx₂dx₁	0
TokamakCylindrical	d²g³¹dx₂dx₂	0
TokamakCylindrical	d²g³¹dx₂dx₃	0
TokamakCylindrical	d²g³¹dx₃dx₁	0
TokamakCylindrical	d²g³¹dx₃dx₂	0
TokamakCylindrical	d²g³¹dx₃dx₃	0
TokamakCylindrical	d²g¹²dx₁dx₁	0
TokamakCylindrical	d²g¹²dx₁dx₂	0
TokamakCylindrical	d²g¹²dx₁dx₃	0
TokamakCylindrical	d²g¹²dx₂dx₁	0
TokamakCylindrical	d²g¹²dx₂dx₂	0
TokamakCylindrical	d²g¹²dx₂dx₃	0
TokamakCylindrical	d²g¹²dx₃dx₁	0
TokamakCylindrical	d²g¹²dx₃dx₂	0
TokamakCylindrical	d²g¹²dx₃dx₃	0
TokamakCylindrical	d²g¹³dx₁dx₁	0
TokamakCylindrical	d²g¹³dx₁dx₂	0
TokamakCylindrical	d²g¹³dx₁dx₃	0
TokamakCylindrical	d²g¹³dx₂dx₁	0
TokamakCylindrical	d²g¹³dx₂dx₂	0
TokamakCylindrical	d²g¹³dx₂dx₃	0
TokamakCylindrical	d²g¹³dx₃dx₁	0
TokamakCylindrical	d²g¹³dx₃dx₂	0
TokamakCylindrical	d²g¹³dx₃dx₃	0
TokamakCylindrical	d²g¹¹dx₁dx₁	0
TokamakCylindrical	d²g¹¹dx₁dx₂	0
TokamakCylindrical	d²g¹¹dx₁dx₃	0
TokamakCylindrical	d²g¹¹dx₂dx₁	0
TokamakCylindrical	d²g¹¹dx₂dx₂	0
TokamakCylindrical	d²g¹¹dx₂dx₃	0
TokamakCylindrical	d²g¹¹dx₃dx₁	0
TokamakCylindrical	d²g¹¹dx₃dx₂	0
TokamakCylindrical	d²g¹¹dx₃dx₃	0
TokamakCylindrical	d²g₁₁dx₁dx₁	0
TokamakCylindrical	d²g₁₁dx₁dx₂	0
TokamakCylindrical	d²g₁₁dx₁dx₃	0
TokamakCylindrical	d²g₁₁dx₂dx₁	0
TokamakCylindrical	d²g₁₁dx₂dx₂	0
TokamakCylindrical	d²g₁₁dx₂dx₃	0
TokamakCylindrical	d²g₁₁dx₃dx₁	0
TokamakCylindrical	d²g₁₁dx₃dx₂	0
TokamakCylindrical	d²g₁₁dx₃dx₃	0
TokamakCylindrical	d²g₁₂dx₁dx₁	0
TokamakCylindrical	d²g₁₂dx₁dx₂	0
TokamakCylindrical	d²g₁₂dx₁dx₃	0
TokamakCylindrical	d²g₁₂dx₂dx₁	0
TokamakCylindrical	d²g₁₂dx₂dx₂	0
TokamakCylindrical	d²g₁₂dx₂dx₃	0
TokamakCylindrical	d²g₁₂dx₃dx₁	0
TokamakCylindrical	d²g₁₂dx₃dx₂	0
TokamakCylindrical	d²g₁₂dx₃dx₃	0
TokamakCylindrical	d²g₁₃dx₁dx₁	0
TokamakCylindrical	d²g₁₃dx₁dx₂	0
TokamakCylindrical	d²g₁₃dx₁dx₃	0
TokamakCylindrical	d²g₁₃dx₂dx₁	0
TokamakCylindrical	d²g₁₃dx₂dx₂	0
TokamakCylindrical	d²g₁₃dx₂dx₃	0
TokamakCylindrical	d²g₁₃dx₃dx₁	0
TokamakCylindrical	d²g₁₃dx₃dx₂	0
TokamakCylindrical	d²g₁₃dx₃dx₃	0
TokamakCylindrical	d²g₂₁dx₁dx₁	0
TokamakCylindrical	d²g₂₁dx₁dx₂	0
TokamakCylindrical	d²g₂₁dx₁dx₃	0
TokamakCylindrical	d²g₂₁dx₂dx₁	0
TokamakCylindrical	d²g₂₁dx₂dx₂	0
TokamakCylindrical	d²g₂₁dx₂dx₃	0
TokamakCylindrical	d²g₂₁dx₃dx₁	0
TokamakCylindrical	d²g₂₁dx₃dx₂	0
TokamakCylindrical	d²g₂₁dx₃dx₃	0
TokamakCylindrical	d²g₂₂dx₁dx₁	0
TokamakCylindrical	d²g₂₂dx₁dx₂	0
TokamakCylindrical	d²g₂₂dx₁dx₃	0
TokamakCylindrical	d²g₂₂dx₂dx₁	0
TokamakCylindrical	d²g₂₂dx₂dx₂	0
TokamakCylindrical	d²g₂₂dx₂dx₃	0
TokamakCylindrical	d²g₂₂dx₃dx₁	0
TokamakCylindrical	d²g₂₂dx₃dx₂	0
TokamakCylindrical	d²g₂₂dx₃dx₃	0
TokamakCylindrical	d²g₂₃dx₁dx₁	0
TokamakCylindrical	d²g₂₃dx₁dx₂	0
TokamakCylindrical	d²g₂₃dx₁dx₃	0
TokamakCylindrical	d²g₂₃dx₂dx₁	0
TokamakCylindrical	d²g₂₃dx₂dx₂	0
TokamakCylindrical	d²g₂₃dx₂dx₃	0
TokamakCylindrical	d²g₂₃dx₃dx₁	0
TokamakCylindrical	d²g₂₃dx₃dx₂	0
TokamakCylindrical	d²g₂₃dx₃dx₃	0
TokamakCylindrical	d²g₃₁dx₁dx₁	0
TokamakCylindrical	d²g₃₁dx₁dx₂	0
TokamakCylindrical	d²g₃₁dx₁dx₃	0
TokamakCylindrical	d²g₃₁dx₂dx₁	0
TokamakCylindrical	d²g₃₁dx₂dx₂	0
TokamakCylindrical	d²g₃₁dx₂dx₃	0
TokamakCylindrical	d²g₃₁dx₃dx₁	0
TokamakCylindrical	d²g₃₁dx₃dx₂	0
TokamakCylindrical	d²g₃₁dx₃dx₃	0
TokamakCylindrical	d²g₃₂dx₁dx₁	0
TokamakCylindrical	d²g₃₂dx₁dx₂	0
TokamakCylindrical	d²g₃₂dx₁dx₃	0
TokamakCylindrical	d²g₃₂dx₂dx₁	0
TokamakCylindrical	d²g₃₂dx₂dx₂	0
TokamakCylindrical	d²g₃₂dx₂dx₃	0
TokamakCylindrical	d²g₃₂dx₃dx₁	0
TokamakCylindrical	d²g₃₂dx₃dx₂	0
TokamakCylindrical	d²g₃₂dx₃dx₃	0
TokamakCylindrical	d²g₃₃dx₁dx₁	2
TokamakCylindrical	d²g₃₃dx₁dx₂	0
TokamakCylindrical	d²g₃₃dx₁dx₃	0
TokamakCylindrical	d²g₃₃dx₂dx₁	0
TokamakCylindrical	d²g₃₃dx₂dx₂	0
TokamakCylindrical	d²g₃₃dx₂dx₃	0
TokamakCylindrical	d²g₃₃dx₃dx₁	0
TokamakCylindrical	d²g₃₃dx₃dx₂	0
TokamakCylindrical	d²g₃₃dx₃dx₃	0
TokamakCylindrical	g²²	1
TokamakCylindrical	g²³	0
TokamakCylindrical	g²¹	0
TokamakCylindrical	g³²	0
TokamakCylindrical	g³³	0.44444444444444442
TokamakCylindrical	g³¹	0
TokamakCylindrical	g¹²	0
TokamakCylindrical	g¹³	0
TokamakCylindrical	g¹¹	1
TokamakCylindrical	g₁₁	1
TokamakCylindrical	g₁₂	0
TokamakCylindrical	g₁₃	0
TokamakCylindrical	g₂₁	0
TokamakCylindrical	g₂₂	1
TokamakCylindrical	g₂₃	0
TokamakCylindrical	g₃₁	0
TokamakCylindrical	g₃₂	0
TokamakCylindrical	g₃₃	2.25
TokamakCylindrical	maxx²	Inf
TokamakCylindrical	maxx³	6.2831853071795862
TokamakCylindrical	maxx¹	Inf
TokamakCylindrical	minx²	-Inf
TokamakCylindrical	minx³	0
TokamakCylindrical	minx¹	-Inf
TokamakCylindrical	orientation	-1
TokamakCylindrical	r	0.70710678118654757
TokamakCylindrical	r²	0.5
TokamakCylindrical	x²	0.71913830790630451
TokamakCylindrical	x³	0.5
TokamakCylindrical	x¹	1.3163738428355591
TokamakCylindrical	θ	0.78539816339744828
TokamakCylindrical	ξ²	0.5
TokamakCylindrical	ξ³	0.32175055439664219
TokamakCylindrical	ξ¹	1.5811388300841898
TokamakCylindrical	φ	0
TokamakCylindrical	ϕ	0.5
TokamakToroidal	A²	-0.39914317014362177
TokamakToroidal	A³	0.030191481377524539
TokamakToroidal	A¹	-0.014102593590988838
TokamakToroidal	A₁	-0.014102593590988838
TokamakToroidal	A₂	-0.099785792535905443
TokamakToroidal	A₃	0.0625
TokamakToroidal	B	0.71641830198419487
TokamakToroidal	B²	0.34751392131841013
TokamakToroidal	B³	0.48306370204039251
TokamakToroidal	B¹	0
TokamakToroidal	B₁	0
TokamakToroidal	B₁₁	0
TokamakToroidal	B₁₂	-0.17375696065920504
TokamakToroidal	B₁₃	0.125
TokamakToroidal	B₂	0.086878480329602534
TokamakToroidal	B₂₁	0.17375696065920504
TokamakToroidal	B₂₂	0
TokamakToroidal	B₂₃	0
TokamakToroidal	B₃	0.99999999999999989
TokamakToroidal	B₃₁	-0.125
TokamakToroidal	B₃₂	0
TokamakToroidal	B₃₃	0
TokamakToroidal	B₍₁₎	-0.40631981820263885
TokamakToroidal	B₍₂₎	0.57000647764916101
TokamakToroidal	B₍₃₎	0.15248607868158989
TokamakToroidal	DF̄₁₁	0.77015115293406988
TokamakToroidal	DF̄₁₂	0.42073549240394825
TokamakToroidal	DF̄₁₃	0.47942553860420301
TokamakToroidal	DF̄₂₁	-0.84147098480789662
TokamakToroidal	DF̄₂₂	-0.45969769413186035
TokamakToroidal	DF̄₂₃	1.7551651237807455
TokamakToroidal	DF̄₃₁	-0.3332140978010748
TokamakToroidal	DF̄₃₂	0.60994431472635957
TokamakToroidal	DF̄₃₃	0
TokamakToroidal	DF₁₁	0.77015115293406988
TokamakToroidal	DF₁₂	-0.21036774620197413
TokamakToroidal	DF₁₃	-0.68979328480617719
TokamakToroidal	DF₂₁	0.42073549240394825
TokamakToroidal	DF₂₂	-0.11492442353296507
TokamakToroidal	DF₂₃	1.2626581383574078
TokamakToroidal	DF₃₁	0.47942553860420301
TokamakToroidal	DF₃₂	0.43879128094518638
TokamakToroidal	DF₃₃	0
TokamakToroidal	E²	0
TokamakToroidal	E³	0
TokamakToroidal	E¹	0
TokamakToroidal	E₁	0
TokamakToroidal	E₂	0
TokamakToroidal	E₃	0
TokamakToroidal	J	0.71939564047259319
TokamakToroidal	R	1.4387912809451864
TokamakToroidal	X	1.2626581383574078
TokamakToroidal	Y	0.68979328480617719
TokamakToroidal	Z	0.2397127693021015
TokamakToroidal	a²	1.9402850002906635
TokamakToroidal	a³	-0.1685690122315753
TokamakToroidal	a¹	0
TokamakToroidal	a₁	0
TokamakToroidal	a₂	0.48507125007266588
TokamakToroidal	a₃	-0.34895814262086694
TokamakToroidal	a₍₁₎	-0.29189560983689267
TokamakToroidal	a₍₂₎	-0.43583117031713142
TokamakToroidal	a₍₃₎	0.85138014067627166
TokamakToroidal	b²	0.48507125007266599
TokamakToroidal	b³	0.674276048926301
TokamakToroidal	b¹	0
TokamakToroidal	b₁	0
TokamakToroidal	b₂	0.1212678125181665
TokamakToroidal	b₃	1.3958325704834675
TokamakToroidal	b₍₁₎	-0.56715443628016471
TokamakToroidal	b₍₂₎	0.79563360688925577
TokamakToroidal	b₍₃₎	0.21284503516906794
TokamakToroidal	c²	0
TokamakToroidal	c³	0
TokamakToroidal	c¹	1
TokamakToroidal	c₁	1
TokamakToroidal	c₂	0
TokamakToroidal	c₃	0
TokamakToroidal	c₍₁₎	0.77015115293406988
TokamakToroidal	c₍₂₎	0.42073549240394825
TokamakToroidal	c₍₃₎	0.47942553860420306
TokamakToroidal	dA₁dx₁	-0.04459041853290887
TokamakToroidal	dA₁dx₂	-0.013634696078753422
TokamakToroidal	dA₁dx₃	0
TokamakToroidal	dA₂dx₁	-0.36114861739716353
TokamakToroidal	dA₂dx₂	0.0037243342080431688
TokamakToroidal	dA₂dx₃	0
TokamakToroidal	dA₃dx₁	0.25
TokamakToroidal	dA₃dx₂	0
TokamakToroidal	dA₃dx₃	0
TokamakToroidal	dBdx₁	-0.35269076414538408
TokamakToroidal	dBdx₂	0.11936033907192074
TokamakToroidal	dBdx₃	0
TokamakToroidal	dB₁dx₁	0
TokamakToroidal	dB₁dx₂	0
TokamakToroidal	dB₁dx₃	0
TokamakToroidal	dB₂dx₁	0.29452288616930322
TokamakToroidal	dB₂dx₂	0.014474567220678468
TokamakToroidal	dB₂dx₃	0
TokamakToroidal	dB₃dx₁	0
TokamakToroidal	dB₃dx₂	5.5511151231257827e-17
TokamakToroidal	dB₃dx₃	0
TokamakToroidal	dE₁dx₁	0
TokamakToroidal	dE₁dx₂	0
TokamakToroidal	dE₁dx₃	0
TokamakToroidal	dE₂dx₁	0
TokamakToroidal	dE₂dx₂	0
TokamakToroidal	dE₂dx₃	0
TokamakToroidal	dE₃dx₁	0
TokamakToroidal	dE₃dx₂	0
TokamakToroidal	dE₃dx₃	0
TokamakToroidal	db₁dx₁	0
TokamakToroidal	db₁dx₂	0
TokamakToroidal	db₁dx₃	0
TokamakToroidal	db₂dx₁	0.47080444859994053
TokamakToroidal	db₂dx₂	-6.9388939039072284e-18
TokamakToroidal	db₂dx₃	0
TokamakToroidal	db₃dx₁	0.68716454414880479
TokamakToroidal	db₃dx₂	-0.23255554532750189
TokamakToroidal	db₃dx₃	0
TokamakToroidal	db₍₁₎dx₁	-0.13736263992324349
TokamakToroidal	db₍₁₎dx₂	-0.18678909124931714
TokamakToroidal	db₍₁₎dx₃	-0.79563360688925577
TokamakToroidal	db₍₂₎dx₁	-0.20509702132570906
TokamakToroidal	db₍₂₎dx₂	-0.10204334562516101
TokamakToroidal	db₍₂₎dx₃	-0.56715443628016471
TokamakToroidal	db₍₃₎dx₁	0.40064947796530415
TokamakToroidal	db₍₃₎dx₂	-0.11627777266375097
TokamakToroidal	db₍₃₎dx₃	0
TokamakToroidal	dg²²dx₁	-16
TokamakToroidal	dg²²dx₂	0
TokamakToroidal	dg²²dx₃	0
TokamakToroidal	dg²³dx₁	0
TokamakToroidal	dg²³dx₂	0
TokamakToroidal	dg²³dx₃	0
TokamakToroidal	dg²¹dx₁	0
TokamakToroidal	dg²¹dx₂	0
TokamakToroidal	dg²¹dx₃	0
TokamakToroidal	dg³²dx₁	0
TokamakToroidal	dg³²dx₂	0
TokamakToroidal	dg³²dx₃	0
TokamakToroidal	dg³³dx₁	-0.58928391742041109
TokamakToroidal	dg³³dx₂	0.1609636356558366
TokamakToroidal	dg³³dx₃	0
TokamakToroidal	dg³¹dx₁	0
TokamakToroidal	dg³¹dx₂	0
TokamakToroidal	dg³¹dx₃	0
TokamakToroidal	dg¹²dx₁	0
TokamakToroidal	dg¹²dx₂	0
TokamakToroidal	dg¹²dx₃	0
TokamakToroidal	dg¹³dx₁	0
TokamakToroidal	dg¹³dx₂	0
TokamakToroidal	dg¹³dx₃	0
TokamakToroidal	dg¹¹dx₁	0
TokamakToroidal	dg¹¹dx₂	0
TokamakToroidal	dg¹¹dx₃	0
TokamakToroidal	dg₁₁dx₁	0
TokamakToroidal	dg₁₁dx₂	0
TokamakToroidal	dg₁₁dx₃	0
TokamakToroidal	dg₁₂dx₁	0
TokamakToroidal	dg₁₂dx₂	0
TokamakToroidal	dg₁₂dx₃	0
TokamakToroidal	dg₁₃dx₁	0
TokamakToroidal	dg₁₃dx₂	0
TokamakToroidal	dg₁₃dx₃	0
TokamakToroidal	dg₂₁dx₁	0
TokamakToroidal	dg₂₁dx₂	0
TokamakToroidal	dg₂₁dx₃	0
TokamakToroidal	dg₂₂dx₁	1
TokamakToroidal	dg₂₂dx₂	0
TokamakToroidal	dg₂₂dx₃	0
TokamakToroidal	dg₂₃dx₁	0
TokamakToroidal	dg₂₃dx₂	0
TokamakToroidal	dg₂₃dx₃	0
TokamakToroidal	dg₃₁dx₁	0
TokamakToroidal	dg₃₁dx₂	0
TokamakToroidal	dg₃₁dx₃	0
TokamakToroidal	dg₃₂dx₁	0
TokamakToroidal	dg₃₂dx₂	0
TokamakToroidal	dg₃₂dx₃	0
TokamakToroidal	dg₃₃dx₁	2.5253162767148156
TokamakToroidal	dg₃₃dx₂	-0.68979328480617719
TokamakToroidal	dg₃₃dx₃	0
TokamakToroidal	d²A₁dx₁dx₁	-0.034785492514984424
TokamakToroidal	d²A₁dx₁dx₂	-0.04776065637711497
TokamakToroidal	d²A₁dx₁dx₃	0
TokamakToroidal	d²A₁dx₂dx₁	-0.04776065637711497
TokamakToroidal	d²A₁dx₂dx₂	0.078392820046496017
TokamakToroidal	d²A₁dx₂dx₃	0
TokamakToroidal	d²A₁dx₃dx₁	0
TokamakToroidal	d²A₁dx₃dx₂	0
TokamakToroidal	d²A₁dx₃dx₃	0
TokamakToroidal	d²A₂dx₁dx₁	-0.53082435841750741
TokamakToroidal	d²A₂dx₁dx₂	0.020494551163782144
TokamakToroidal	d²A₂dx₁dx₃	0
TokamakToroidal	d²A₂dx₂dx₁	0.020494551163782147
TokamakToroidal	d²A₂dx₂dx₂	-0.012561135298397402
TokamakToroidal	d²A₂dx₂dx₃	0
TokamakToroidal	d²A₂dx₃dx₁	0
TokamakToroidal	d²A₂dx₃dx₂	0
TokamakToroidal	d²A₂dx₃dx₃	0
TokamakToroidal	d²A₃dx₁dx₁	0.5
TokamakToroidal	d²A₃dx₁dx₂	0
TokamakToroidal	d²A₃dx₁dx₃	0
TokamakToroidal	d²A₃dx₂dx₁	0
TokamakToroidal	d²A₃dx₂dx₂	0
TokamakToroidal	d²A₃dx₂dx₃	0
TokamakToroidal	d²A₃dx₃dx₁	0
TokamakToroidal	d²A₃dx₃dx₂	0
TokamakToroidal	d²A₃dx₃dx₃	0
TokamakToroidal	d²Bdx₁dx₁	0.58889664087660387
TokamakToroidal	d²Bdx₁dx₂	0.10715675053437501
TokamakToroidal	d²Bdx₁dx₃	0
TokamakToroidal	d²Bdx₂dx₁	0.10715675053437493
TokamakToroidal	d²Bdx₂dx₂	0.25826018282766638
TokamakToroidal	d²Bdx₂dx₃	0
TokamakToroidal	d²Bdx₃dx₁	0
TokamakToroidal	d²Bdx₃dx₂	0
TokamakToroidal	d²Bdx₃dx₃	0
TokamakToroidal	d²b₁dx₁dx₁	0
TokamakToroidal	d²b₁dx₁dx₂	0
TokamakToroidal	d²b₁dx₁dx₃	0
TokamakToroidal	d²b₁dx₂dx₁	0
TokamakToroidal	d²b₁dx₂dx₂	0
TokamakToroidal	d²b₁dx₂dx₃	0
TokamakToroidal	d²b₁dx₃dx₁	0
TokamakToroidal	d²b₁dx₃dx₂	0
TokamakToroidal	d²b₁dx₃dx₃	0
TokamakToroidal	d²b₂dx₁dx₁	0.8325098271143333
TokamakToroidal	d²b₂dx₁dx₂	-8.6736173798840355e-18
TokamakToroidal	d²b₂dx₁dx₃	0
TokamakToroidal	d²b₂dx₂dx₁	-1.0408340855860843e-17
TokamakToroidal	d²b₂dx₂dx₂	-6.9388939039072284e-18
TokamakToroidal	d²b₂dx₂dx₃	0
TokamakToroidal	d²b₂dx₃dx₁	0
TokamakToroidal	d²b₂dx₃dx₂	0
TokamakToroidal	d²b₂dx₃dx₃	0
TokamakToroidal	d²b₃dx₁dx₁	-0.4707974862043629
TokamakToroidal	d²b₃dx₁dx₂	-0.43775161473412133
TokamakToroidal	d²b₃dx₁dx₃	0
TokamakToroidal	d²b₃dx₂dx₁	-0.43775161473412127
TokamakToroidal	d²b₃dx₂dx₂	-0.42569007033813583
TokamakToroidal	d²b₃dx₂dx₃	0
TokamakToroidal	d²b₃dx₃dx₁	0
TokamakToroidal	d²b₃dx₃dx₂	0
TokamakToroidal	d²b₃dx₃dx₃	0
TokamakToroidal	d²g²²dx₁dx₁	96
TokamakToroidal	d²g²²dx₁dx₂	0
TokamakToroidal	d²g²²dx₁dx₃	0
TokamakToroidal	d²g²²dx₂dx₁	0
TokamakToroidal	d²g²²dx₂dx₂	0
TokamakToroidal	d²g²²dx₂dx₃	0
TokamakToroidal	d²g²²dx₃dx₁	0
TokamakToroidal	d²g²²dx₃dx₂	0
TokamakToroidal	d²g²²dx₃dx₃	0
TokamakToroidal	d²g²³dx₁dx₁	0
TokamakToroidal	d²g²³dx₁dx₂	0
TokamakToroidal	d²g²³dx₁dx₃	0
TokamakToroidal	d²g²³dx₂dx₁	0
TokamakToroidal	d²g²³dx₂dx₂	0
TokamakToroidal	d²g²³dx₂dx₃	0
TokamakToroidal	d²g²³dx₃dx₁	0
TokamakToroidal	d²g²³dx₃dx₂	0
TokamakToroidal	d²g²³dx₃dx₃	0
TokamakToroidal	d²g²¹dx₁dx₁	0
TokamakToroidal	d²g²¹dx₁dx₂	0
TokamakToroidal	d²g²¹dx₁dx₃	0
TokamakToroidal	d²g²¹dx₂dx₁	0
TokamakToroidal	d²g²¹dx₂dx₂	0
TokamakToroidal	d²g²¹dx₂dx₃	0
TokamakToroidal	d²g²¹dx₃dx₁	0
TokamakToroidal	d²g²¹dx₃dx₂	0
TokamakToroidal	d²g²¹dx₃dx₃	0
TokamakToroidal	d²g³²dx₁dx₁	0
TokamakToroidal	d²g³²dx₁dx₂	0
TokamakToroidal	d²g³²dx₁dx₃	0
TokamakToroidal	d²g³²dx₂dx₁	0
TokamakToroidal	d²g³²dx₂dx₂	0
TokamakToroidal	d²g³²dx₂dx₃	0
TokamakToroidal	d²g³²dx₃dx₁	0
TokamakToroidal	d²g³²dx₃dx₂	0
TokamakToroidal	d²g³²dx₃dx₃	0
TokamakToroidal	d²g³³dx₁dx₁	1.0782911255707717
TokamakToroidal	d²g³³dx₁dx₂	0.027390707973785178
TokamakToroidal	d²g³³dx₁dx₃	0
TokamakToroidal	d²g³³dx₂dx₁	0.027390707973785178
TokamakToroidal	d²g³³dx₂dx₂	0.37509498766096633
TokamakToroidal	d²g³³dx₂dx₃	0
TokamakToroidal	d²g³³dx₃dx₁	0
TokamakToroidal	d²g³³dx₃dx₂	0
TokamakToroidal	d²g³³dx₃dx₃	0
TokamakToroidal	d²g³¹dx₁dx₁	0
TokamakToroidal	d²g³¹dx₁dx₂	0
TokamakToroidal	d²g³¹dx₁dx₃	0
TokamakToroidal	d²g³¹dx₂dx₁	0
TokamakToroidal	d²g³¹dx₂dx₂	0
TokamakToroidal	d²g³¹dx₂dx₃	0
TokamakToroidal	d²g³¹dx₃dx₁	0
TokamakToroidal	d²g³¹dx₃dx₂	0
TokamakToroidal	d²g³¹dx₃dx₃	0
TokamakToroidal	d²g¹²dx₁dx₁	0
TokamakToroidal	d²g¹²dx₁dx₂	0
TokamakToroidal	d²g¹²dx₁dx₃	0
TokamakToroidal	d²g¹²dx₂dx₁	0
TokamakToroidal	d²g¹²dx₂dx₂	0
TokamakToroidal	d²g¹²dx₂dx₃	0
TokamakToroidal	d²g¹²dx₃dx₁	0
TokamakToroidal	d²g¹²dx₃dx₂	0
TokamakToroidal	d²g¹²dx₃dx₃	0
TokamakToroidal	d²g¹³dx₁dx₁	0
TokamakToroidal	d²g¹³dx₁dx₂	0
TokamakToroidal	d²g¹³dx₁dx₃	0
TokamakToroidal	d²g¹³dx₂dx₁	0
TokamakToroidal	d²g¹³dx₂dx₂	0
TokamakToroidal	d²g¹³dx₂dx₃	0
TokamakToroidal	d²g¹³dx₃dx₁	0
TokamakToroidal	d²g¹³dx₃dx₂	0
TokamakToroidal	d²g¹³dx₃dx₃	0
TokamakToroidal	d²g¹¹dx₁dx₁	0
TokamakToroidal	d²g¹¹dx₁dx₂	0
TokamakToroidal	d²g¹¹dx₁dx₃	0
TokamakToroidal	d²g¹¹dx₂dx₁	0
TokamakToroidal	d²g¹¹dx₂dx₂	0
TokamakToroidal	d²g¹¹dx₂dx₃	0
TokamakToroidal	d²g¹¹dx₃dx₁	0
TokamakToroidal	d²g¹¹dx₃dx₂	0
TokamakToroidal	d²g¹¹dx₃dx₃	0
TokamakToroidal	d²g₁₁dx₁dx₁	0
TokamakToroidal	d²g₁₁dx₁dx₂	0
TokamakToroidal	d²g₁₁dx₁dx₃	0
TokamakToroidal	d²g₁₁dx₂dx₁	0
TokamakToroidal	d²g₁₁dx₂dx₂	0
TokamakToroidal	d²g₁₁dx₂dx₃	0
TokamakToroidal	d²g₁₁dx₃dx₁	0
TokamakToroidal	d²g₁₁dx₃dx₂	0
TokamakToroidal	d²g₁₁dx₃dx₃	0
TokamakToroidal	d²g₁₂dx₁dx₁	0
TokamakToroidal	d²g₁₂dx₁dx₂	0
TokamakToroidal	d²g₁₂dx₁dx₃	0
TokamakToroidal	d²g₁₂dx₂dx₁	0
TokamakToroidal	d²g₁₂dx₂dx₂	0
TokamakToroidal	d²g₁₂dx₂dx₃	0
TokamakToroidal	d²g₁₂dx₃dx₁	0
TokamakToroidal	d²g₁₂dx₃dx₂	0
TokamakToroidal	d²g₁₂dx₃dx₃	0
TokamakToroidal	d²g₁₃dx₁dx₁	0
TokamakToroidal	d²g₁₃dx₁dx₂	0
TokamakToroidal	d²g₁₃dx₁dx₃	0
TokamakToroidal	d²g₁₃dx₂dx₁	0
TokamakToroidal	d²g₁₃dx₂dx₂	0
TokamakToroidal	d²g₁₃dx₂dx₃	0
TokamakToroidal	d²g₁₃dx₃dx₁	0
TokamakToroidal	d²g₁₃dx₃dx₂	0
TokamakToroidal	d²g₁₃dx₃dx₃	0
TokamakToroidal	d²g₂₁dx₁dx₁	0
TokamakToroidal	d²g₂₁dx₁dx₂	0
TokamakToroidal	d²g₂₁dx₁dx₃	0
TokamakToroidal	d²g₂₁dx₂dx₁	0
TokamakToroidal	d²g₂₁dx₂dx₂	0
TokamakToroidal	d²g₂₁dx₂dx₃	0
TokamakToroidal	d²g₂₁dx₃dx₁	0
TokamakToroidal	d²g₂₁dx₃dx₂	0
TokamakToroidal	d²g₂₁dx₃dx₃	0
TokamakToroidal	d²g₂₂dx₁dx₁	2
TokamakToroidal	d²g₂₂dx₁dx₂	0
TokamakToroidal	d²g₂₂dx₁dx₃	0
TokamakToroidal	d²g₂₂dx₂dx₁	0
TokamakToroidal	d²g₂₂dx₂dx₂	0
TokamakToroidal	d²g₂₂dx₂dx₃	0
TokamakToroidal	d²g₂₂dx₃dx₁	0
TokamakToroidal	d²g₂₂dx₃dx₂	0
TokamakToroidal	d²g₂₂dx₃dx₃	0
TokamakToroidal	d²g₂₃dx₁dx₁	0
TokamakToroidal	d²g₂₃dx₁dx₂	0
TokamakToroidal	d²g₂₃dx₁dx₃	0
TokamakToroidal	d²g₂₃dx₂dx₁	0
TokamakToroidal	d²g₂₃dx₂dx₂	0
TokamakToroidal	d²g₂₃dx₂dx₃	0
TokamakToroidal	d²g₂₃dx₃dx₁	0
TokamakToroidal	d²g₂₃dx₃dx₂	0
TokamakToroidal	d²g₂₃dx₃dx₃	0
TokamakToroidal	d²g₃₁dx₁dx₁	0
TokamakToroidal	d²g₃₁dx₁dx₂	0
TokamakToroidal	d²g₃₁dx₁dx₃	0
TokamakToroidal	d²g₃₁dx₂dx₁	0
TokamakToroidal	d²g₃₁dx₂dx₂	0
TokamakToroidal	d²g₃₁dx₂dx₃	0
TokamakToroidal	d²g₃₁dx₃dx₁	0
TokamakToroidal	d²g₃₁dx₃dx₂	0
TokamakToroidal	d²g₃₁dx₃dx₃	0
TokamakToroidal	d²g₃₂dx₁dx₁	0
TokamakToroidal	d²g₃₂dx₁dx₂	0
TokamakToroidal	d²g₃₂dx₁dx₃	0
TokamakToroidal	d²g₃₂dx₂dx₁	0
TokamakToroidal	d²g₃₂dx₂dx₂	0
TokamakToroidal	d²g₃₂dx₂dx₃	0
TokamakToroidal	d²g₃₂dx₃dx₁	0
TokamakToroidal	d²g₃₂dx₃dx₂	0
TokamakToroidal	d²g₃₂dx₃dx₃	0
TokamakToroidal	d²g₃₃dx₁dx₁	1.5403023058681398
TokamakToroidal	d²g₃₃dx₁dx₂	-1.8003220620163027
TokamakToroidal	d²g₃₃dx₁dx₃	0
TokamakToroidal	d²g₃₃dx₂dx₁	-1.8003220620163027
TokamakToroidal	d²g₃₃dx₂dx₂	-1.1477337148244426
TokamakToroidal	d²g₃₃dx₂dx₃	0
TokamakToroidal	d²g₃₃dx₃dx₁	0
TokamakToroidal	d²g₃₃dx₃dx₂	0
TokamakToroidal	d²g₃₃dx₃dx₃	0
TokamakToroidal	g²²	4
TokamakToroidal	g²³	0
TokamakToroidal	g²¹	0
TokamakToroidal	g³²	0
TokamakToroidal	g³³	0.48306370204039262
TokamakToroidal	g³¹	0
TokamakToroidal	g¹²	0
TokamakToroidal	g¹³	0
TokamakToroidal	g¹¹	1
TokamakToroidal	g₁₁	1
TokamakToroidal	g₁₂	0
TokamakToroidal	g₁₃	0
TokamakToroidal	g₂₁	0
TokamakToroidal	g₂₂	0.25
TokamakToroidal	g₂₃	0
TokamakToroidal	g₃₁	0
TokamakToroidal	g₃₂	0
TokamakToroidal	g₃₃	2.0701203501238901
TokamakToroidal	maxx²	6.2831853071795862
TokamakToroidal	maxx³	6.2831853071795862
TokamakToroidal	maxx¹	Inf
TokamakToroidal	minx²	0
TokamakToroidal	minx³	0
TokamakToroidal	minx¹	-Inf
TokamakToroidal	orientation	-1
TokamakToroidal	r	0.5
TokamakToroidal	x²	0.68979328480617719
TokamakToroidal	x³	0.2397127693021015
TokamakToroidal	x¹	1.2626581383574078
TokamakToroidal	θ	0.5
TokamakToroidal	ξ²	2.1006991165438231
TokamakToroidal	ξ³	0.78539816339744828
TokamakToroidal	ξ¹	0.57947082551833873
TokamakToroidal	φ	0
TokamakToroidal	ϕ	0.5
TokamakToroidalReg	A²	-0.3894711202478422
TokamakToroidalReg	A³	0.030191481377524539
TokamakToroidalReg	A¹	0
TokamakToroidalReg	A₁	0
TokamakToroidalReg	A₂	-0.097367780061960549
TokamakToroidalReg	A₃	0.0625
TokamakToroidalReg	B	0.71641830198419487
TokamakToroidalReg	B²	0.34751392131841013
TokamakToroidalReg	B³	0.48306370204039245
TokamakToroidalReg	B¹	0
TokamakToroidalReg	B₁	0
TokamakToroidalReg	B₁₁	0
TokamakToroidalReg	B₁₂	-0.17375696065920501
TokamakToroidalReg	B₁₃	0.125
TokamakToroidalReg	B₂	0.086878480329602534
TokamakToroidalReg	B₂₁	0.17375696065920501
TokamakToroidalReg	B₂₂	0
TokamakToroidalReg	B₂₃	0
TokamakToroidalReg	B₃	0.99999999999999978
TokamakToroidalReg	B₃₁	-0.125
TokamakToroidalReg	B₃₂	0
TokamakToroidalReg	B₃₃	0
TokamakToroidalReg	B₍₁₎	-0.40631981820263885
TokamakToroidalReg	B₍₂₎	0.57000647764916101
TokamakToroidalReg	B₍₃₎	0.15248607868158989
TokamakToroidalReg	DF̄₁₁	0.77015115293406988
TokamakToroidalReg	DF̄₁₂	0.42073549240394825
TokamakToroidalReg	DF̄₁₃	0.47942553860420301
TokamakToroidalReg	DF̄₂₁	-0.84147098480789662
TokamakToroidalReg	DF̄₂₂	-0.45969769413186035
TokamakToroidalReg	DF̄₂₃	1.7551651237807455
TokamakToroidalReg	DF̄₃₁	-0.3332140978010748
TokamakToroidalReg	DF̄₃₂	0.60994431472635957
TokamakToroidalReg	DF̄₃₃	0
TokamakToroidalReg	DF₁₁	0.77015115293406988
TokamakToroidalReg	DF₁₂	-0.21036774620197413
TokamakToroidalReg	DF₁₃	-0.68979328480617719
TokamakToroidalReg	DF₂₁	0.42073549240394825
TokamakToroidalReg	DF₂₂	-0.11492442353296507
TokamakToroidalReg	DF₂₃	1.2626581383574078
TokamakToroidalReg	DF₃₁	0.47942553860420301
TokamakToroidalReg	DF₃₂	0.43879128094518638
TokamakToroidalReg	DF₃₃	0
TokamakToroidalReg	E²	0
TokamakToroidalReg	E³	0
TokamakToroidalReg	E¹	0
TokamakToroidalReg	E₁	0
TokamakToroidalReg	E₂	0
TokamakToroidalReg	E₃	0
TokamakToroidalReg	J	0.71939564047259319
TokamakToroidalReg	R	1.4387912809451864
TokamakToroidalReg	X	1.2626581383574078
TokamakToroidalReg	Y	0.68979328480617719
TokamakToroidalReg	Z	0.2397127693021015
TokamakToroidalReg	a²	1.9402850002906633
TokamakToroidalReg	a³	-0.1685690122315753
TokamakToroidalReg	a¹	0
TokamakToroidalReg	a₁	0
TokamakToroidalReg	a₂	0.48507125007266583
TokamakToroidalReg	a₃	-0.34895814262086694
TokamakToroidalReg	a₍₁₎	-0.29189560983689256
TokamakToroidalReg	a₍₂₎	-0.43583117031713142
TokamakToroidalReg	a₍₃₎	0.85138014067627155
TokamakToroidalReg	b²	0.48507125007266599
TokamakToroidalReg	b³	0.674276048926301
TokamakToroidalReg	b¹	0
TokamakToroidalReg	b₁	0
TokamakToroidalReg	b₂	0.1212678125181665
TokamakToroidalReg	b₃	1.3958325704834675
TokamakToroidalReg	b₍₁₎	-0.56715443628016471
TokamakToroidalReg	b₍₂₎	0.79563360688925577
TokamakToroidalReg	b₍₃₎	0.21284503516906794
TokamakToroidalReg	c²	0
TokamakToroidalReg	c³	0
TokamakToroidalReg	c¹	1
TokamakToroidalReg	c₁	1
TokamakToroidalReg	c₂	0
TokamakToroidalReg	c₃	0
TokamakToroidalReg	c₍₁₎	0.77015115293406988
TokamakToroidalReg	c₍₂₎	0.42073549240394825
TokamakToroidalReg	c₍₃₎	0.47942553860420306
TokamakToroidalReg	dA₁dx₁	0
TokamakToroidalReg	dA₁dx₂	0
TokamakToroidalReg	dA₁dx₃	0
TokamakToroidalReg	dA₂dx₁	-0.34751392131841002
TokamakToroidalReg	dA₂dx₂	-0.011460661121010018
TokamakToroidalReg	dA₂dx₃	0
TokamakToroidalReg	dA₃dx₁	0.25
TokamakToroidalReg	dA₃dx₂	0
TokamakToroidalReg	dA₃dx₃	0
TokamakToroidalReg	dBdx₁	-0.35269076414538408
TokamakToroidalReg	dBdx₂	0.11936033907192085
TokamakToroidalReg	dBdx₃	0
TokamakToroidalReg	dB₁dx₁	0
TokamakToroidalReg	dB₁dx₂	0
TokamakToroidalReg	dB₁dx₃	0
TokamakToroidalReg	dB₂dx₁	0.29452288616930322
TokamakToroidalReg	dB₂dx₂	0.014474567220678468
TokamakToroidalReg	dB₂dx₃	0
TokamakToroidalReg	dB₃dx₁	4.4408920985006262e-16
TokamakToroidalReg	dB₃dx₂	0
TokamakToroidalReg	dB₃dx₃	0
TokamakToroidalReg	dE₁dx₁	0
TokamakToroidalReg	dE₁dx₂	0
TokamakToroidalReg	dE₁dx₃	0
TokamakToroidalReg	dE₂dx₁	0
TokamakToroidalReg	dE₂dx₂	0
TokamakToroidalReg	dE₂dx₃	0
TokamakToroidalReg	dE₃dx₁	0
TokamakToroidalReg	dE₃dx₂	0
TokamakToroidalReg	dE₃dx₃	0
TokamakToroidalReg	db₁dx₁	0
TokamakToroidalReg	db₁dx₂	0
TokamakToroidalReg	db₁dx₃	0
TokamakToroidalReg	db₂dx₁	0.47080444859994053
TokamakToroidalReg	db₂dx₂	-2.0816681711721685e-17
TokamakToroidalReg	db₂dx₃	0
TokamakToroidalReg	db₃dx₁	0.68716454414880523
TokamakToroidalReg	db₃dx₂	-0.23255554532750189
TokamakToroidalReg	db₃dx₃	0
TokamakToroidalReg	db₍₁₎dx₁	-0.13736263992324343
TokamakToroidalReg	db₍₁₎dx₂	-0.18678909124931717
TokamakToroidalReg	db₍₁₎dx₃	-0.79563360688925577
TokamakToroidalReg	db₍₂₎dx₁	-0.20509702132570828
TokamakToroidalReg	db₍₂₎dx₂	-0.10204334562516106
TokamakToroidalReg	db₍₂₎dx₃	-0.56715443628016471
TokamakToroidalReg	db₍₃₎dx₁	0.40064947796530426
TokamakToroidalReg	db₍₃₎dx₂	-0.116277772663751
TokamakToroidalReg	db₍₃₎dx₃	0
TokamakToroidalReg	dg²²dx₁	-16
TokamakToroidalReg	dg²²dx₂	0
TokamakToroidalReg	dg²²dx₃	0
TokamakToroidalReg	dg²³dx₁	0
TokamakToroidalReg	dg²³dx₂	0
TokamakToroidalReg	dg²³dx₃	0
TokamakToroidalReg	dg²¹dx₁	0
TokamakToroidalReg	dg²¹dx₂	0
TokamakToroidalReg	dg²¹dx₃	0
TokamakToroidalReg	dg³²dx₁	0
TokamakToroidalReg	dg³²dx₂	0
TokamakToroidalReg	dg³²dx₃	0
TokamakToroidalReg	dg³³dx₁	-0.58928391742041109
TokamakToroidalReg	dg³³dx₂	0.1609636356558366
TokamakToroidalReg	dg³³dx₃	0
TokamakToroidalReg	dg³¹dx₁	0
TokamakToroidalReg	dg³¹dx₂	0
TokamakToroidalReg	dg³¹dx₃	0
TokamakToroidalReg	dg¹²dx₁	0
TokamakToroidalReg	dg¹²dx₂	0
TokamakToroidalReg	dg¹²dx₃	0
TokamakToroidalReg	dg¹³dx₁	0
TokamakToroidalReg	dg¹³dx₂	0
TokamakToroidalReg	dg¹³dx₃	0
TokamakToroidalReg	dg¹¹dx₁	0
TokamakToroidalReg	dg¹¹dx₂	0
TokamakToroidalReg	dg¹¹dx₃	0
TokamakToroidalReg	dg₁₁dx₁	0
TokamakToroidalReg	dg₁₁dx₂	0
TokamakToroidalReg	dg₁₁dx₃	0
TokamakToroidalReg	dg₁₂dx₁	0
TokamakToroidalReg	dg₁₂dx₂	0
TokamakToroidalReg	dg₁₂dx₃	0
TokamakToroidalReg	dg₁₃dx₁	0
TokamakToroidalReg	dg₁₃dx₂	0
TokamakToroidalReg	dg₁₃dx₃	0
TokamakToroidalReg	dg₂₁dx₁	0
TokamakToroidalReg	dg₂₁dx₂	0
TokamakToroidalReg	dg₂₁dx₃	0
TokamakToroidalReg	dg₂₂dx₁	1
TokamakToroidalReg	dg₂₂dx₂	0
TokamakToroidalReg	dg₂₂dx₃	0
TokamakToroidalReg	dg₂₃dx₁	0
TokamakToroidalReg	dg₂₃dx₂	0
TokamakToroidalReg	dg₂₃dx₃	0
TokamakToroidalReg	dg₃₁dx₁	0
TokamakToroidalReg	dg₃₁dx₂	0
TokamakToroidalReg	dg₃₁dx₃	0
TokamakToroidalReg	dg₃₂dx₁	0
TokamakToroidalReg	dg₃₂dx₂	0
TokamakToroidalReg	dg₃₂dx₃	0
TokamakToroidalReg	dg₃₃dx₁	2.5253162767148156
TokamakToroidalReg	dg₃₃dx₂	-0.68979328480617719
TokamakToroidalReg	dg₃₃dx₃	0
TokamakToroidalReg	d²A₁dx₁dx₁	0
TokamakToroidalReg	d²A₁dx₁dx₂	0
TokamakToroidalReg	d²A₁dx₁dx₃	0
TokamakToroidalReg	d²A₁dx₂dx₁	0
TokamakToroidalReg	d²A₁dx₂dx₂	0
TokamakToroidalReg	d²A₁dx₂dx₃	0
TokamakToroidalReg	d²A₁dx₃dx₁	0
TokamakToroidalReg	d²A₁dx₃dx₂	0
TokamakToroidalReg	d²A₁dx₃dx₃	0
TokamakToroidalReg	d²A₂dx₁dx₁	-0.48306370204039262
TokamakToroidalReg	d²A₂dx₁dx₂	-0.057898268882713877
TokamakToroidalReg	d²A₂dx₁dx₃	0
TokamakToroidalReg	d²A₂dx₂dx₁	-0.057898268882713877
TokamakToroidalReg	d²A₂dx₂dx₂	-0.023946578357571191
TokamakToroidalReg	d²A₂dx₂dx₃	0
TokamakToroidalReg	d²A₂dx₃dx₁	0
TokamakToroidalReg	d²A₂dx₃dx₂	0
TokamakToroidalReg	d²A₂dx₃dx₃	0
TokamakToroidalReg	d²A₃dx₁dx₁	0.5
TokamakToroidalReg	d²A₃dx₁dx₂	0
TokamakToroidalReg	d²A₃dx₁dx₃	0
TokamakToroidalReg	d²A₃dx₂dx₁	0
TokamakToroidalReg	d²A₃dx₂dx₂	0
TokamakToroidalReg	d²A₃dx₂dx₃	0
TokamakToroidalReg	d²A₃dx₃dx₁	0
TokamakToroidalReg	d²A₃dx₃dx₂	0
TokamakToroidalReg	d²A₃dx₃dx₃	0
TokamakToroidalReg	d²Bdx₁dx₁	0.58889664087660432
TokamakToroidalReg	d²Bdx₁dx₂	0.10715675053437418
TokamakToroidalReg	d²Bdx₁dx₃	0
TokamakToroidalReg	d²Bdx₂dx₁	0.10715675053437479
TokamakToroidalReg	d²Bdx₂dx₂	0.25826018282766622
TokamakToroidalReg	d²Bdx₂dx₃	0
TokamakToroidalReg	d²Bdx₃dx₁	0
TokamakToroidalReg	d²Bdx₃dx₂	0
TokamakToroidalReg	d²Bdx₃dx₃	0
TokamakToroidalReg	d²b₁dx₁dx₁	0
TokamakToroidalReg	d²b₁dx₁dx₂	0
TokamakToroidalReg	d²b₁dx₁dx₃	0
TokamakToroidalReg	d²b₁dx₂dx₁	0
TokamakToroidalReg	d²b₁dx₂dx₂	0
TokamakToroidalReg	d²b₁dx₂dx₃	0
TokamakToroidalReg	d²b₁dx₃dx₁	0
TokamakToroidalReg	d²b₁dx₃dx₂	0
TokamakToroidalReg	d²b₁dx₃dx₃	0
TokamakToroidalReg	d²b₂dx₁dx₁	0.83250982711433319
TokamakToroidalReg	d²b₂dx₁dx₂	2.4286128663675299e-17
TokamakToroidalReg	d²b₂dx₁dx₃	0
TokamakToroidalReg	d²b₂dx₂dx₁	-7.9797279894933126e-17
TokamakToroidalReg	d²b₂dx₂dx₂	3.7296554733501353e-17
TokamakToroidalReg	d²b₂dx₂dx₃	0
TokamakToroidalReg	d²b₂dx₃dx₁	0
TokamakToroidalReg	d²b₂dx₃dx₂	0
TokamakToroidalReg	d²b₂dx₃dx₃	0
TokamakToroidalReg	d²b₃dx₁dx₁	-0.47079748620436435
TokamakToroidalReg	d²b₃dx₁dx₂	-0.43775161473412183
TokamakToroidalReg	d²b₃dx₁dx₃	0
TokamakToroidalReg	d²b₃dx₂dx₁	-0.43775161473412105
TokamakToroidalReg	d²b₃dx₂dx₂	-0.42569007033813405
TokamakToroidalReg	d²b₃dx₂dx₃	0
TokamakToroidalReg	d²b₃dx₃dx₁	0
TokamakToroidalReg	d²b₃dx₃dx₂	0
TokamakToroidalReg	d²b₃dx₃dx₃	0
TokamakToroidalReg	d²g²²dx₁dx₁	96
TokamakToroidalReg	d²g²²dx₁dx₂	0
TokamakToroidalReg	d²g²²dx₁dx₃	0
TokamakToroidalReg	d²g²²dx₂dx₁	0
TokamakToroidalReg	d²g²²dx₂dx₂	0
TokamakToroidalReg	d²g²²dx₂dx₃	0
TokamakToroidalReg	d²g²²dx₃dx₁	0
TokamakToroidalReg	d²g²²dx₃dx₂	0
TokamakToroidalReg	d²g²²dx₃dx₃	0
TokamakToroidalReg	d²g²³dx₁dx₁	0
TokamakToroidalReg	d²g²³dx₁dx₂	0
TokamakToroidalReg	d²g²³dx₁dx₃	0
TokamakToroidalReg	d²g²³dx₂dx₁	0
TokamakToroidalReg	d²g²³dx₂dx₂	0
TokamakToroidalReg	d²g²³dx₂dx₃	0
TokamakToroidalReg	d²g²³dx₃dx₁	0
TokamakToroidalReg	d²g²³dx₃dx₂	0
TokamakToroidalReg	d²g²³dx₃dx₃	0
TokamakToroidalReg	d²g²¹dx₁dx₁	0
TokamakToroidalReg	d²g²¹dx₁dx₂	0
TokamakToroidalReg	d²g²¹dx₁dx₃	0
TokamakToroidalReg	d²g²¹dx₂dx₁	0
TokamakToroidalReg	d²g²¹dx₂dx₂	0
TokamakToroidalReg	d²g²¹dx₂dx₃	0
TokamakToroidalReg	d²g²¹dx₃dx₁	0
TokamakToroidalReg	d²g²¹dx₃dx₂	0
TokamakToroidalReg	d²g²¹dx₃dx₃	0
TokamakToroidalReg	d²g³²dx₁dx₁	0
TokamakToroidalReg	d²g³²dx₁dx₂	0
TokamakToroidalReg	d²g³²dx₁dx₃	0
TokamakToroidalReg	d²g³²dx₂dx₁	0
TokamakToroidalReg	d²g³²dx₂dx₂	0
TokamakToroidalReg	d²g³²dx₂dx₃	0
TokamakToroidalReg	d²g³²dx₃dx₁	0
TokamakToroidalReg	d²g³²dx₃dx₂	0
TokamakToroidalReg	d²g³²dx₃dx₃	0
TokamakToroidalReg	d²g³³dx₁dx₁	1.0782911255707717
TokamakToroidalReg	d²g³³dx₁dx₂	0.027390707973785178
TokamakToroidalReg	d²g³³dx₁dx₃	0
TokamakToroidalReg	d²g³³dx₂dx₁	0.027390707973785178
TokamakToroidalReg	d²g³³dx₂dx₂	0.37509498766096633
TokamakToroidalReg	d²g³³dx₂dx₃	0
TokamakToroidalReg	d²g³³dx₃dx₁	0
TokamakToroidalReg	d²g³³dx₃dx₂	0
TokamakToroidalReg	d²g³³dx₃dx₃	0
TokamakToroidalReg	d²g³¹dx₁dx₁	0
TokamakToroidalReg	d²g³¹dx₁dx₂	0
TokamakToroidalReg	d²g³¹dx₁dx₃	0
TokamakToroidalReg	d²g³¹dx₂dx₁	0
TokamakToroidalReg	d²g³¹dx₂dx₂	0
TokamakToroidalReg	d²g³¹dx₂dx₃	0
TokamakToroidalReg	d²g³¹dx₃dx₁	0
TokamakToroidalReg	d²g³¹dx₃dx₂	0
TokamakToroidalReg	d²g³¹dx₃dx₃	0
TokamakToroidalReg	d²g¹²dx₁dx₁	0
TokamakToroidalReg	d²g¹²dx₁dx₂	0
TokamakToroidalReg	d²g¹²dx₁dx₃	0
TokamakToroidalReg	d²g¹²dx₂dx₁	0
TokamakToroidalReg	d²g¹²dx₂dx₂	0
TokamakToroidalReg	d²g¹²dx₂dx₃	0
TokamakToroidalReg	d²g¹²dx₃dx₁	0
TokamakToroidalReg	d²g¹²dx₃dx₂	0
TokamakToroidalReg	d²g¹²dx₃dx₃	0
TokamakToroidalReg	d²g¹³dx₁dx₁	0
TokamakToroidalReg	d²g¹³dx₁dx₂	0
TokamakToroidalReg	d²g¹³dx₁dx₃	0
TokamakToroidalReg	d²g¹³dx₂dx₁	0
TokamakToroidalReg	d²g¹³dx₂dx₂	0
TokamakToroidalReg	d²g¹³dx₂dx₃	0
TokamakToroidalReg	d²g¹³dx₃dx₁	0
TokamakToroidalReg	d²g¹³dx₃dx₂	0
TokamakToroidalReg	d²g¹³dx₃dx₃	0
TokamakToroidalReg	d²g¹¹dx₁dx₁	0
TokamakToroidalReg	d²g¹¹dx₁dx₂	0
TokamakToroidalReg	d²g¹¹dx₁dx₃	0
TokamakToroidalReg	d²g¹¹dx₂dx₁	0
TokamakToroidalReg	d²g¹¹dx₂dx₂	0
TokamakToroidalReg	d²g¹¹dx₂dx₃	0
TokamakToroidalReg	d²g¹¹dx₃dx₁	0
TokamakToroidalReg	d²g¹¹dx₃dx₂	0
TokamakToroidalReg	d²g¹¹dx₃dx₃	0
TokamakToroidalReg	d²g₁₁dx₁dx₁	0
TokamakToroidalReg	d²g₁₁dx₁dx₂	0
TokamakToroidalReg	d²g₁₁dx₁dx₃	0
TokamakToroidalReg	d²g₁₁dx₂dx₁	0
TokamakToroidalReg	d²g₁₁dx₂dx₂	0
TokamakToroidalReg	d²g₁₁dx₂dx₃	0
TokamakToroidalReg	d²g₁₁dx₃dx₁	0
TokamakToroidalReg	d²g₁₁dx₃dx₂	0
TokamakToroidalReg	d²g₁₁dx₃dx₃	0
TokamakToroidalReg	d²g₁₂dx₁dx₁	0
TokamakToroidalReg	d²g₁₂dx₁dx₂	0
TokamakToroidalReg	d²g₁₂dx₁dx₃	0
TokamakToroidalReg	d²g₁₂dx₂dx₁	0
TokamakToroidalReg	d²g₁₂dx₂dx₂	0
TokamakToroidalReg	d²g₁₂dx₂dx₃	0
TokamakToroidalReg	d²g₁₂dx₃dx₁	0
TokamakToroidalReg	d²g₁₂dx₃dx₂	0
TokamakToroidalReg	d²g₁₂dx₃dx₃	0
TokamakToroidalReg	d²g₁₃dx₁dx₁	0
TokamakToroidalReg	d²g₁₃dx₁dx₂	0
TokamakToroidalReg	d²g₁₃dx₁dx₃	0
TokamakToroidalReg	d²g₁₃dx₂dx₁	0
TokamakToroidalReg	d²g₁₃dx₂dx₂	0
TokamakToroidalReg	d²g₁₃dx₂dx₃	0
TokamakToroidalReg	d²g₁₃dx₃dx₁	0
TokamakToroidalReg	d²g₁₃dx₃dx₂	0
TokamakToroidalReg	d²g₁₃dx₃dx₃	0
TokamakToroidalReg	d²g₂₁dx₁dx₁	0
TokamakToroidalReg	d²g₂₁dx₁dx₂	0
TokamakToroidalReg	d²g₂₁dx₁dx₃	0
TokamakToroidalReg	d²g₂₁dx₂dx₁	0
TokamakToroidalReg	d²g₂₁dx₂dx₂	0
TokamakToroidalReg	d²g₂₁dx₂dx₃	0
TokamakToroidalReg	d²g₂₁dx₃dx₁	0
TokamakToroidalReg	d²g₂₁dx₃dx₂	0
TokamakToroidalReg	d²g₂₁dx₃dx₃	0
TokamakToroidalReg	d²g₂₂dx₁dx₁	2
TokamakToroidalReg	d²g₂₂dx₁dx₂	0
TokamakToroidalReg	d²g₂₂dx₁dx₃	0
TokamakToroidalReg	d²g₂₂dx₂dx₁	0
TokamakToroidalReg	d²g₂₂dx₂dx₂	0
TokamakToroidalReg	d²g₂₂dx₂dx₃	0
TokamakToroidalReg	d²g₂₂dx₃dx₁	0
TokamakToroidalReg	d²g₂₂dx₃dx₂	0
TokamakToroidalReg	d²g₂₂dx₃dx₃	0
TokamakToroidalReg	d²g₂₃dx₁dx₁	0
TokamakToroidalReg	d²g₂₃dx₁dx₂	0
TokamakToroidalReg	d²g₂₃dx₁dx₃	0
TokamakToroidalReg	d²g₂₃dx₂dx₁	0
TokamakToroidalReg	d²g₂₃dx₂dx₂	0
TokamakToroidalReg	d²g₂₃dx₂dx₃	0
TokamakToroidalReg	d²g₂₃dx₃dx₁	0
TokamakToroidalReg	d²g₂₃dx₃dx₂	0
TokamakToroidalReg	d²g₂₃dx₃dx₃	0
TokamakToroidalReg	d²g₃₁dx₁dx₁	0
TokamakToroidalReg	d²g₃₁dx₁dx₂	0
TokamakToroidalReg	d²g₃₁dx₁dx₃	0
TokamakToroidalReg	d²g₃₁dx₂dx₁	0
TokamakToroidalReg	d²g₃₁dx₂dx₂	0
TokamakToroidalReg	d²g₃₁dx₂dx₃	0
TokamakToroidalReg	d²g₃₁dx₃dx₁	0
TokamakToroidalReg	d²g₃₁dx₃dx₂	0
TokamakToroidalReg	d²g₃₁dx₃dx₃	0
TokamakToroidalReg	d²g₃₂dx₁dx₁	0
TokamakToroidalReg	d²g₃₂dx₁dx₂	0
TokamakToroidalReg	d²g₃₂dx₁dx₃	0
TokamakToroidalReg	d²g₃₂dx₂dx₁	0
TokamakToroidalReg	d²g₃₂dx₂dx₂	0
TokamakToroidalReg	d²g₃₂dx₂dx₃	0
TokamakToroidalReg	d²g₃₂dx₃dx₁	0
TokamakToroidalReg	d²g₃₂dx₃dx₂	0
TokamakToroidalReg	d²g₃₂dx₃dx₃	0
TokamakToroidalReg	d²g₃₃dx₁dx₁	1.5403023058681398
TokamakToroidalReg	d²g₃₃dx₁dx₂	-1.8003220620163027
TokamakToroidalReg	d²g₃₃dx₁dx₃	0
TokamakToroidalReg	d²g₃₃dx₂dx₁	-1.8003220620163027
TokamakToroidalReg	d²g₃₃dx₂dx₂	-1.1477337148244426
TokamakToroidalReg	d²g₃₃dx₂dx₃	0
TokamakToroidalReg	d²g₃₃dx₃dx₁	0
TokamakToroidalReg	d²g₃₃dx₃dx₂	0
TokamakToroidalReg	d²g₃₃dx₃dx₃	0
TokamakToroidalReg	g²²	4
TokamakToroidalReg	g²³	0
TokamakToroidalReg	g²¹	0
TokamakToroidalReg	g³²	0
TokamakToroidalReg	g³³	0.48306370204039262
TokamakToroidalReg	g³¹	0
TokamakToroidalReg	g¹²	0
TokamakToroidalReg	g¹³	0
TokamakToroidalReg	g¹¹	1
TokamakToroidalReg	g₁₁	1
TokamakToroidalReg	g₁₂	0
TokamakToroidalReg	g₁₃	0
TokamakToroidalReg	g₂₁	0
TokamakToroidalReg	g₂₂	0.25
TokamakToroidalReg	g₂₃	0
TokamakToroidalReg	g₃₁	0
TokamakToroidalReg	g₃₂	0
TokamakToroidalReg	g₃₃	2.0701203501238901
TokamakToroidalReg	maxx²	6.2831853071795862
TokamakToroidalReg	maxx³	6.2831853071795862
TokamakToroidalReg	maxx¹	Inf
TokamakToroidalReg	minx²	0
TokamakToroidalReg	minx³	0
TokamakToroidalReg	minx¹	-Inf
TokamakToroidalReg	orientation	-1
TokamakToroidalReg	r	0.5
TokamakToroidalReg	x²	0.68979328480617719
TokamakToroidalReg	x³	0.2397127693021015
TokamakToroidalReg	x¹	1.2626581383574078
TokamakToroidalReg	θ	0.5
TokamakToroidalReg	ξ²	2.1006991165438231
TokamakToroidalReg	ξ³	0.78539816339744828
TokamakToroidalReg	ξ¹	0.57947082551833873
TokamakToroidalReg	φ	0
TokamakToroidalReg	ϕ	0.5
Dipole	A²	-769.80035891950104
Dipole	A³	0
Dipole	A¹	769.80035891950104
Dipole	A₁	769.80035891950104
Dipole	A₂	-769.80035891950104
Dipole	A₃	0
Dipole	B	2177.3242158072694
Dipole	B²	-1539.6007178390018
Dipole	B³	-4.5474735088646412e-13
Dipole	B¹	-1539.6007178390018
Dipole	B₁	-1539.6007178390018
Dipole	B₁₁	0
Dipole	B₁₂	-2.2737367544323206e-13
Dipole	B₁₃	769.80035891950092
Dipole	B₂	-1539.6007178390018
Dipole	B₂₁	2.2737367544323206e-13
Dipole	B₂₂	0
Dipole	B₂₃	-769.80035891950092
Dipole	B₃	-4.5474735088646412e-13
Dipole	B₃₁	-769.80035891950092
Dipole	B₃₂	769.80035891950092
Dipole	B₃₃	0
Dipole	B₍₁₎	-1539.6007178390018
Dipole	B₍₂₎	-1539.6007178390018
Dipole	B₍₃₎	-4.5474735088646412e-13
Dipole	DF̄₁₁	1
Dipole	DF̄₁₂	0
Dipole	DF̄₁₃	0
Dipole	DF̄₂₁	0
Dipole	DF̄₂₂	1
Dipole	DF̄₂₃	0
Dipole	DF̄₃₁	0
Dipole	DF̄₃₂	0
Dipole	DF̄₃₃	1
Dipole	DF₁₁	1
Dipole	DF₁₂	0
Dipole	DF₁₃	0
Dipole	DF₂₁	0
Dipole	DF₂₂	1
Dipole	DF₂₃	0
Dipole	DF₃₁	0
Dipole	DF₃₂	0
Dipole	DF₃₃	1
Dipole	E²	0
Dipole	E³	0
Dipole	E¹	0
Dipole	E₁	0
Dipole	E₂	0
Dipole	E₃	0
Dipole	J	1
Dipole	X	0.5
Dipole	Y	0.5
Dipole	Z	0.5
Dipole	a²	2.9536706862851541e-16
Dipole	a³	-0.99999999999999989
Dipole	a¹	0
Dipole	a₁	0
Dipole	a₂	2.9536706862851541e-16
Dipole	a₃	-0.99999999999999989
Dipole	a₍₁₎	0
Dipole	a₍₂₎	2.9536706862851541e-16
Dipole	a₍₃₎	-0.99999999999999989
Dipole	b²	-0.70710678118654735
Dipole	b³	-2.088560571664156e-16
Dipole	b¹	-0.70710678118654735
Dipole	b₁	-0.70710678118654735
Dipole	b₂	-0.70710678118654735
Dipole	b₃	-2.088560571664156e-16
Dipole	b₍₁₎	-0.70710678118654735
Dipole	b₍₂₎	-0.70710678118654735
Dipole	b₍₃₎	-2.088560571664156e-16
Dipole	c²	-0.70710678118654757
Dipole	c³	-2.0885605716641555e-16
Dipole	c¹	0.70710678118654757
Dipole	c₁	0.70710678118654757
Dipole	c₂	-0.70710678118654757
Dipole	c₃	-2.0885605716641555e-16
Dipole	c₍₁₎	0.70710678118654757
Dipole	c₍₂₎	-0.70710678118654757
Dipole	c₍₃₎	-2.0885605716641555e-16
Dipole	dA₁dx₁	-1539.6007178390018
Dipole	dA₁dx₂	2.2737367544323206e-13
Dipole	dA₁dx₃	-1539.6007178390018
Dipole	dA₂dx₁	-2.2737367544323206e-13
Dipole	dA₂dx₂	1539.6007178390018
Dipole	dA₂dx₃	1539.6007178390018
Dipole	dA₃dx₁	0
Dipole	dA₃dx₂	0
Dipole	dA₃dx₃	0
Dipole	dBdx₁	-5080.4231702169618
Dipole	dBdx₂	-5080.4231702169618
Dipole	dBdx₃	-2903.0989544096906
Dipole	dB₁dx₁	2052.8009571186694
Dipole	dB₁dx₂	5132.0023927966731
Dipole	dB₁dx₃	2052.8009571186694
Dipole	dB₂dx₁	5132.0023927966731
Dipole	dB₂dx₂	2052.8009571186694
Dipole	dB₂dx₃	2052.8009571186694
Dipole	dB₃dx₁	2052.8009571186685
Dipole	dB₃dx₂	2052.8009571186685
Dipole	dB₃dx₃	-4105.6019142373389
Dipole	dE₁dx₁	0
Dipole	dE₁dx₂	0
Dipole	dE₁dx₃	0
Dipole	dE₂dx₁	0
Dipole	dE₂dx₂	0
Dipole	dE₂dx₃	0
Dipole	dE₃dx₁	0
Dipole	dE₃dx₂	0
Dipole	dE₃dx₃	0
Dipole	db₁dx₁	-0.70710678118654724
Dipole	db₁dx₂	0.70710678118654746
Dipole	db₁dx₃	8.8817841970012523e-16
Dipole	db₂dx₁	0.70710678118654746
Dipole	db₂dx₂	-0.70710678118654724
Dipole	db₂dx₃	8.8817841970012523e-16
Dipole	db₃dx₁	0.94280904158206247
Dipole	db₃dx₂	0.94280904158206247
Dipole	db₃dx₃	-1.8856180831641267
Dipole	db₍₁₎dx₁	-0.70710678118654724
Dipole	db₍₁₎dx₂	0.70710678118654746
Dipole	db₍₁₎dx₃	8.8817841970012523e-16
Dipole	db₍₂₎dx₁	0.70710678118654746
Dipole	db₍₂₎dx₂	-0.70710678118654724
Dipole	db₍₂₎dx₃	8.8817841970012523e-16
Dipole	db₍₃₎dx₁	0.94280904158206247
Dipole	db₍₃₎dx₂	0.94280904158206247
Dipole	db₍₃₎dx₃	-1.8856180831641267
Dipole	dg²²dx₁	0
Dipole	dg²²dx₂	0
Dipole	dg²²dx₃	0
Dipole	dg²³dx₁	0
Dipole	dg²³dx₂	0
Dipole	dg²³dx₃	0
Dipole	dg²¹dx₁	0
Dipole	dg²¹dx₂	0
Dipole	dg²¹dx₃	0
Dipole	dg³²dx₁	0
Dipole	dg³²dx₂	0
Dipole	dg³²dx₃	0
Dipole	dg³³dx₁	0
Dipole	dg³³dx₂	0
Dipole	dg³³dx₃	0
Dipole	dg³¹dx₁	0
Dipole	dg³¹dx₂	0
Dipole	dg³¹dx₃	0
Dipole	dg¹²dx₁	0
Dipole	dg¹²dx₂	0
Dipole	dg¹²dx₃	0
Dipole	dg¹³dx₁	0
Dipole	dg¹³dx₂	0
Dipole	dg¹³dx₃	0
Dipole	dg¹¹dx₁	0
Dipole	dg¹¹dx₂	0
Dipole	dg¹¹dx₃	0
Dipole	dg₁₁dx₁	0
Dipole	dg₁₁dx₂	0
Dipole	dg₁₁dx₃	0
Dipole	dg₁₂dx₁	0
Dipole	dg₁₂dx₂	0
Dipole	dg₁₂dx₃	0
Dipole	dg₁₃dx₁	0
Dipole	dg₁₃dx₂	0
Dipole	dg₁₃dx₃	0
Dipole	dg₂₁dx₁	0
Dipole	dg₂₁dx₂	0
Dipole	dg₂₁dx₃	0
Dipole	dg₂₂dx₁	0
Dipole	dg₂₂dx₂	0
Dipole	dg₂₂dx₃	0
Dipole	dg₂₃dx₁	0
Dipole	dg₂₃dx₂	0
Dipole	dg₂₃dx₃	0
Dipole	dg₃₁dx₁	0
Dipole	dg₃₁dx₂	0
Dipole	dg₃₁dx₃	0
Dipole	dg₃₂dx₁	0
Dipole	dg₃₂dx₂	0
Dipole	dg₃₂dx₃	0
Dipole	dg₃₃dx₁	0
Dipole	dg₃₃dx₂	0
Dipole	dg₃₃dx₃	0
Dipole	d²A₁dx₁dx₁	2052.8009571186694
Dipole	d²A₁dx₁dx₂	2052.8009571186694
Dipole	d²A₁dx₁dx₃	5132.0023927966731
Dipole	d²A₁dx₂dx₁	2052.8009571186694
Dipole	d²A₁dx₂dx₂	-4105.601914237338
Dipole	d²A₁dx₂dx₃	2052.8009571186694
Dipole	d²A₁dx₃dx₁	5132.0023927966731
Dipole	d²A₁dx₃dx₂	2052.8009571186694
Dipole	d²A₁dx₃dx₃	2052.8009571186694
Dipole	d²A₂dx₁dx₁	4105.601914237338
Dipole	d²A₂dx₁dx₂	-2052.8009571186694
Dipole	d²A₂dx₁dx₃	-2052.8009571186694
Dipole	d²A₂dx₂dx₁	-2052.8009571186694
Dipole	d²A₂dx₂dx₂	-2052.8009571186694
Dipole	d²A₂dx₂dx₃	-5132.0023927966731
Dipole	d²A₂dx₃dx₁	-2052.8009571186694
Dipole	d²A₂dx₃dx₂	-5132.0023927966731
Dipole	d²A₂dx₃dx₃	-2052.8009571186694
Dipole	d²A₃dx₁dx₁	0
Dipole	d²A₃dx₁dx₂	0
Dipole	d²A₃dx₁dx₃	0
Dipole	d²A₃dx₂dx₁	0
Dipole	d²A₃dx₂dx₂	0
Dipole	d²A₃dx₂dx₃	0
Dipole	d²A₃dx₃dx₁	0
Dipole	d²A₃dx₃dx₂	0
Dipole	d²A₃dx₃dx₃	0
Dipole	d²Bdx₁dx₁	8951.221776096545
Dipole	d²Bdx₁dx₂	19112.06811653047
Dipole	d²Bdx₁dx₃	12580.095469108666
Dipole	d²Bdx₂dx₁	19112.06811653047
Dipole	d²Bdx₂dx₂	8951.221776096545
Dipole	d²Bdx₂dx₃	12580.095469108666
Dipole	d²Bdx₃dx₁	12580.095469108663
Dipole	d²Bdx₃dx₂	12580.095469108663
Dipole	d²Bdx₃dx₃	-1935.3993029398018
Dipole	d²b₁dx₁dx₁	2.7498597046143498
Dipole	d²b₁dx₁dx₂	-0.078567420131838261
Dipole	d²b₁dx₁dx₃	-1.2570787221094175
Dipole	d²b₁dx₂dx₁	-0.078567420131836485
Dipole	d²b₁dx₂dx₂	-0.078567420131840926
Dipole	d²b₁dx₂dx₃	-1.2570787221094175
Dipole	d²b₁dx₃dx₁	-1.2570787221094175
Dipole	d²b₁dx₃dx₂	-1.2570787221094193
Dipole	d²b₁dx₃dx₃	2.5141574442188364
Dipole	d²b₂dx₁dx₁	-0.078567420131840038
Dipole	d²b₂dx₁dx₂	-0.078567420131838261
Dipole	d²b₂dx₁dx₃	-1.2570787221094175
Dipole	d²b₂dx₂dx₁	-0.078567420131836485
Dipole	d²b₂dx₂dx₂	2.749859704614348
Dipole	d²b₂dx₂dx₃	-1.2570787221094157
Dipole	d²b₂dx₃dx₁	-1.2570787221094175
Dipole	d²b₂dx₃dx₂	-1.2570787221094166
Dipole	d²b₂dx₃dx₃	2.5141574442188368
Dipole	d²b₃dx₁dx₁	-6.7446504612175693e-15
Dipole	d²b₃dx₁dx₂	-1.88561808316413
Dipole	d²b₃dx₁dx₃	-1.8691817536964336e-15
Dipole	d²b₃dx₂dx₁	-1.88561808316413
Dipole	d²b₃dx₂dx₂	-6.7446504612175693e-15
Dipole	d²b₃dx₂dx₃	-1.2521261830267445e-15
Dipole	d²b₃dx₃dx₁	-1.4250925438463718e-15
Dipole	d²b₃dx₃dx₂	-1.4250925438463718e-15
Dipole	d²b₃dx₃dx₃	3.7712361663282565
Dipole	d²g²²dx₁dx₁	0
Dipole	d²g²²dx₁dx₂	0
Dipole	d²g²²dx₁dx₃	0
Dipole	d²g²²dx₂dx₁	0
Dipole	d²g²²dx₂dx₂	0
Dipole	d²g²²dx₂dx₃	0
Dipole	d²g²²dx₃dx₁	0
Dipole	d²g²²dx₃dx₂	0
Dipole	d²g²²dx₃dx₃	0
Dipole	d²g²³dx₁dx₁	0
Dipole	d²g²³dx₁dx₂	0
Dipole	d²g²³dx₁dx₃	0
Dipole	d²g²³dx₂dx₁	0
Dipole	d²g²³dx₂dx₂	0
Dipole	d²g²³dx₂dx₃	0
Dipole	d²g²³dx₃dx₁	0
Dipole	d²g²³dx₃dx₂	0
Dipole	d²g²³dx₃dx₃	0
Dipole	d²g²¹dx₁dx₁	0
Dipole	d²g²¹dx₁dx₂	0
Dipole	d²g²¹dx₁dx₃	0
Dipole	d²g²¹dx₂dx₁	0
Dipole	d²g²¹dx₂dx₂	0
Dipole	d²g²¹dx₂dx₃	0
Dipole	d²g²¹dx₃dx₁	0
Dipole	d²g²¹dx₃dx₂	0
Dipole	d²g²¹dx₃dx₃	0
Dipole	d²g³²dx₁dx₁	0
Dipole	d²g³²dx₁dx₂	0
Dipole	d²g³²dx₁dx₃	0
Dipole	d²g³²dx₂dx₁	0
Dipole	d²g³²dx₂dx₂	0
Dipole	d²g³²dx₂dx₃	0
Dipole	d²g³²dx₃dx₁	0
Dipole	d²g³²dx₃dx₂	0
Dipole	d²g³²dx₃dx₃	0
Dipole	d²g³³dx₁dx₁	0
Dipole	d²g³³dx₁dx₂	0
Dipole	d²g³³dx₁dx₃	0
Dipole	d²g³³dx₂dx₁	0
Dipole	d²g³³dx₂dx₂	0
Dipole	d²g³³dx₂dx₃	0
Dipole	d²g³³dx₃dx₁	0
Dipole	d²g³³dx₃dx₂	0
Dipole	d²g³³dx₃dx₃	0
Dipole	d²g³¹dx₁dx₁	0
Dipole	d²g³¹dx₁dx₂	0
Dipole	d²g³¹dx₁dx₃	0
Dipole	d²g³¹dx₂dx₁	0
Dipole	d²g³¹dx₂dx₂	0
Dipole	d²g³¹dx₂dx₃	0
Dipole	d²g³¹dx₃dx₁	0
Dipole	d²g³¹dx₃dx₂	0
Dipole	d²g³¹dx₃dx₃	0
Dipole	d²g¹²dx₁dx₁	0
Dipole	d²g¹²dx₁dx₂	0
Dipole	d²g¹²dx₁dx₃	0
Dipole	d²g¹²dx₂dx₁	0
Dipole	d²g¹²dx₂dx₂	0
Dipole	d²g¹²dx₂dx₃	0
Dipole	d²g¹²dx₃dx₁	0
Dipole	d²g¹²dx₃dx₂	0
Dipole	d²g¹²dx₃dx₃	0
Dipole	d²g¹³dx₁dx₁	0
Dipole	d²g¹³dx₁dx₂	0
Dipole	d²g¹³dx₁dx₃	0
Dipole	d²g¹³dx₂dx₁	0
Dipole	d²g¹³dx₂dx₂	0
Dipole	d²g¹³dx₂dx₃	0
Dipole	d²g¹³dx₃dx₁	0
Dipole	d²g¹³dx₃dx₂	0
Dipole	d²g¹³dx₃dx₃	0
Dipole	d²g¹¹dx₁dx₁	0
Dipole	d²g¹¹dx₁dx₂	0
Dipole	d²g¹¹dx₁dx₃	0
Dipole	d²g¹¹dx₂dx₁	0
Dipole	d²g¹¹dx₂dx₂	0
Dipole	d²g¹¹dx₂dx₃	0
Dipole	d²g¹¹dx₃dx₁	0
Dipole	d²g¹¹dx₃dx₂	0
Dipole	d²g¹¹dx₃dx₃	0
Dipole	d²g₁₁dx₁dx₁	0
Dipole	d²g₁₁dx₁dx₂	0
Dipole	d²g₁₁dx₁dx₃	0
Dipole	d²g₁₁dx₂dx₁	0
Dipole	d²g₁₁dx₂dx₂	0
Dipole	d²g₁₁dx₂dx₃	0
Dipole	d²g₁₁dx₃dx₁	0
Dipole	d²g₁₁dx₃dx₂	0
Dipole	d²g₁₁dx₃dx₃	0
Dipole	d²g₁₂dx₁dx₁	0
Dipole	d²g₁₂dx₁dx₂	0
Dipole	d²g₁₂dx₁dx₃	0
Dipole	d²g₁₂dx₂dx₁	0
Dipole	d²g₁₂dx₂dx₂	0
Dipole	d²g₁₂dx₂dx₃	0
Dipole	d²g₁₂dx₃dx₁	0
Dipole	d²g₁₂dx₃dx₂	0
Dipole	d²g₁₂dx₃dx₃	0
Dipole	d²g₁₃dx₁dx₁	0
Dipole	d²g₁₃dx₁dx₂	0
Dipole	d²g₁₃dx₁dx₃	0
Dipole	d²g₁₃dx₂dx₁	0
Dipole	d²g₁₃dx₂dx₂	0
Dipole	d²g₁₃dx₂dx₃	0
Dipole	d²g₁₃dx₃dx₁	0
Dipole	d²g₁₃dx₃dx₂	0
Dipole	d²g₁₃dx₃dx₃	0
Dipole	d²g₂₁dx₁dx₁	0
Dipole	d²g₂₁dx₁dx₂	0
Dipole	d²g₂₁dx₁dx₃	0
Dipole	d²g₂₁dx₂dx₁	0
Dipole	d²g₂₁dx₂dx₂	0
Dipole	d²g₂₁dx₂dx₃	0
Dipole	d²g₂₁dx₃dx₁	0
Dipole	d²g₂₁dx₃dx₂	0
Dipole	d²g₂₁dx₃dx₃	0
Dipole	d²g₂₂dx₁dx₁	0
Dipole	d²g₂₂dx₁dx₂	0
Dipole	d²g₂₂dx₁dx₃	0
Dipole	d²g₂₂dx₂dx₁	0
Dipole	d²g₂₂dx₂dx₂	0
Dipole	d²g₂₂dx₂dx₃	0
Dipole	d²g₂₂dx₃dx₁	0
Dipole	d²g₂₂dx₃dx₂	0
Dipole	d²g₂₂dx₃dx₃	0
Dipole	d²g₂₃dx₁dx₁	0
Dipole	d²g₂₃dx₁dx₂	0
Dipole	d²g₂₃dx₁dx₃	0
Dipole	d²g₂₃dx₂dx₁	0
Dipole	d²g₂₃dx₂dx₂	0
Dipole	d²g₂₃dx₂dx₃	0
Dipole	d²g₂₃dx₃dx₁	0
Dipole	d²g₂₃dx₃dx₂	0
Dipole	d²g₂₃dx₃dx₃	0
Dipole	d²g₃₁dx₁dx₁	0
Dipole	d²g₃₁dx₁dx₂	0
Dipole	d²g₃₁dx₁dx₃	0
Dipole	d²g₃₁dx₂dx₁	0
Dipole	d²g₃₁dx₂dx₂	0
Dipole	d²g₃₁dx₂dx₃	0
Dipole	d²g₃₁dx₃dx₁	0
Dipole	d²g₃₁dx₃dx₂	0
Dipole	d²g₃₁dx₃dx₃	0
Dipole	d²g₃₂dx₁dx₁	0
Dipole	d²g₃₂dx₁dx₂	0
Dipole	d²g₃₂dx₁dx₃	0
Dipole	d²g₃₂dx₂dx₁	0
Dipole	d²g₃₂dx₂dx₂	0
Dipole	d²g₃₂dx₂dx₃	0
Dipole	d²g₃₂dx₃dx₁	0
Dipole	d²g₃₂dx₃dx₂	0
Dipole	d²g₃₂dx₃dx₃	0
Dipole	d²g₃₃dx₁dx₁	0
Dipole	d²g₃₃dx₁dx₂	0
Dipole	d²g₃₃dx₁dx₃	0
Dipole	d²g₃₃dx₂dx₁	0
Dipole	d²g₃₃dx₂dx₂	0
Dipole	d²g₃₃dx₂dx₃	0
Dipole	d²g₃₃dx₃dx₁	0
Dipole	d²g₃₃dx₃dx₂	0
Dipole	d²g₃₃dx₃dx₃	0
Dipole	g²²	1
Dipole	g²³	0
Dipole	g²¹	0
Dipole	g³²	0
Dipole	g³³	1
Dipole	g³¹	0
Dipole	g¹²	0
Dipole	g¹³	0
Dipole	g¹¹	1
Dipole	g₁₁	1
Dipole	g₁₂	0
Dipole	g₁₃	0
Dipole	g₂₁	0
Dipole	g₂₂	1
Dipole	g₂₃	0
Dipole	g₃₁	0
Dipole	g₃₂	0
Dipole	g₃₃	1
Dipole	maxx²	Inf
Dipole	maxx³	Inf
Dipole	maxx¹	Inf
Dipole	minx²	-Inf
Dipole	minx³	-Inf
Dipole	minx¹	-Inf
Dipole	orientation	1
Dipole	x²	0.5
Dipole	x³	0.5
Dipole	x¹	0.5
Dipole	ξ²	0.5
Dipole	ξ³	0.5
Dipole	ξ¹	0.5
Dipole	φ	0
PenningUniform	A²	50
PenningUniform	A³	0
PenningUniform	A¹	0
PenningUniform	A₁	0
PenningUniform	A₂	50
PenningUniform	A₃	0
PenningUniform	B	100
PenningUniform	B²	0
PenningUniform	B³	100
PenningUniform	B¹	0
PenningUniform	B₁	0
PenningUniform	B₁₁	0
PenningUniform	B₁₂	50
PenningUniform	B₁₃	0
PenningUniform	B₂	0
PenningUniform	B₂₁	-50
PenningUniform	B₂₂	0
PenningUniform	B₂₃	0
PenningUniform	B₃	100
PenningUniform	B₃₁	0
PenningUniform	B₃₂	0
PenningUniform	B₃₃	0
PenningUniform	B₍₁₎	0
PenningUniform	B₍₂₎	0
PenningUniform	B₍₃₎	100
PenningUniform	DF̄₁₁	1
PenningUniform	DF̄₁₂	0
PenningUniform	DF̄₁₃	0
PenningUniform	DF̄₂₁	0
PenningUniform	DF̄₂₂	1
PenningUniform	DF̄₂₃	0
PenningUniform	DF̄₃₁	0
PenningUniform	DF̄₃₂	0
PenningUniform	DF̄₃₃	1
PenningUniform	DF₁₁	1
PenningUniform	DF₁₂	0
PenningUniform	DF₁₃	0
PenningUniform	DF₂₁	0
PenningUniform	DF₂₂	1
PenningUniform	DF₂₃	0
PenningUniform	DF₃₁	0
PenningUniform	DF₃₂	0
PenningUniform	DF₃₃	1
PenningUniform	E²	5
PenningUniform	E³	-10
PenningUniform	E¹	5
PenningUniform	E₁	5
PenningUniform	E₂	5
PenningUniform	E₃	-10
PenningUniform	J	1
PenningUniform	X	0.5
PenningUniform	Y	0.5
PenningUniform	Z	0.5
PenningUniform	a²	-1
PenningUniform	a³	0
PenningUniform	a¹	0
PenningUniform	a₁	0
PenningUniform	a₂	-1
PenningUniform	a₃	0
PenningUniform	a₍₁₎	0
PenningUniform	a₍₂₎	-1
PenningUniform	a₍₃₎	0
PenningUniform	b²	0
PenningUniform	b³	1
PenningUniform	b¹	0
PenningUniform	b₁	0
PenningUniform	b₂	0
PenningUniform	b₃	1
PenningUniform	b₍₁₎	0
PenningUniform	b₍₂₎	0
PenningUniform	b₍₃₎	1
PenningUniform	c²	0
PenningUniform	c³	0
PenningUniform	c¹	1
PenningUniform	c₁	1
PenningUniform	c₂	0
PenningUniform	c₃	0
PenningUniform	c₍₁₎	1
PenningUniform	c₍₂₎	0
PenningUniform	c₍₃₎	0
PenningUniform	dA₁dx₁	0
PenningUniform	dA₁dx₂	0
PenningUniform	dA₁dx₃	0
PenningUniform	dA₂dx₁	100
PenningUniform	dA₂dx₂	0
PenningUniform	dA₂dx₃	0
PenningUniform	dA₃dx₁	0
PenningUniform	dA₃dx₂	0
PenningUniform	dA₃dx₃	0
PenningUniform	dBdx₁	0
PenningUniform	dBdx₂	0
PenningUniform	dBdx₃	0
PenningUniform	dB₁dx₁	0
PenningUniform	dB₁dx₂	0
PenningUniform	dB₁dx₃	0
PenningUniform	dB₂dx₁	0
PenningUniform	dB₂dx₂	0
PenningUniform	dB₂dx₃	0
PenningUniform	dB₃dx₁	0
PenningUniform	dB₃dx₂	0
PenningUniform	dB₃dx₃	0
PenningUniform	dE₁dx₁	10
PenningUniform	dE₁dx₂	0
PenningUniform	dE₁dx₃	0
PenningUniform	dE₂dx₁	0
PenningUniform	dE₂dx₂	10
PenningUniform	dE₂dx₃	0
PenningUniform	dE₃dx₁	0
PenningUniform	dE₃dx₂	0
PenningUniform	dE₃dx₃	-20
PenningUniform	db₁dx₁	0
PenningUniform	db₁dx₂	0
PenningUniform	db₁dx₃	0
PenningUniform	db₂dx₁	0
PenningUniform	db₂dx₂	0
PenningUniform	db₂dx₃	0
PenningUniform	db₃dx₁	0
PenningUniform	db₃dx₂	0
PenningUniform	db₃dx₃	0
PenningUniform	db₍₁₎dx₁	0
PenningUniform	db₍₁₎dx₂	0
PenningUniform	db₍₁₎dx₃	0
PenningUniform	db₍₂₎dx₁	0
PenningUniform	db₍₂₎dx₂	0
PenningUniform	db₍₂₎dx₃	0
PenningUniform	db₍₃₎dx₁	0
PenningUniform	db₍₃₎dx₂	0
PenningUniform	db₍₃₎dx₃	0
PenningUniform	dg²²dx₁	0
PenningUniform	dg²²dx₂	0
PenningUniform	dg²²dx₃	0
PenningUniform	dg²³dx₁	0
PenningUniform	dg²³dx₂	0
PenningUniform	dg²³dx₃	0
PenningUniform	dg²¹dx₁	0
PenningUniform	dg²¹dx₂	0
PenningUniform	dg²¹dx₃	0
PenningUniform	dg³²dx₁	0
PenningUniform	dg³²dx₂	0
PenningUniform	dg³²dx₃	0
PenningUniform	dg³³dx₁	0
PenningUniform	dg³³dx₂	0
PenningUniform	dg³³dx₃	0
PenningUniform	dg³¹dx₁	0
PenningUniform	dg³¹dx₂	0
PenningUniform	dg³¹dx₃	0
PenningUniform	dg¹²dx₁	0
PenningUniform	dg¹²dx₂	0
PenningUniform	dg¹²dx₃	0
PenningUniform	dg¹³dx₁	0
PenningUniform	dg¹³dx₂	0
PenningUniform	dg¹³dx₃	0
PenningUniform	dg¹¹dx₁	0
PenningUniform	dg¹¹dx₂	0
PenningUniform	dg¹¹dx₃	0
PenningUniform	dg₁₁dx₁	0
PenningUniform	dg₁₁dx₂	0
PenningUniform	dg₁₁dx₃	0
PenningUniform	dg₁₂dx₁	0
PenningUniform	dg₁₂dx₂	0
PenningUniform	dg₁₂dx₃	0
PenningUniform	dg₁₃dx₁	0
PenningUniform	dg₁₃dx₂	0
PenningUniform	dg₁₃dx₃	0
PenningUniform	dg₂₁dx₁	0
PenningUniform	dg₂₁dx₂	0
PenningUniform	dg₂₁dx₃	0
PenningUniform	dg₂₂dx₁	0
PenningUniform	dg₂₂dx₂	0
PenningUniform	dg₂₂dx₃	0
PenningUniform	dg₂₃dx₁	0
PenningUniform	dg₂₃dx₂	0
PenningUniform	dg₂₃dx₃	0
PenningUniform	dg₃₁dx₁	0
PenningUniform	dg₃₁dx₂	0
PenningUniform	dg₃₁dx₃	0
PenningUniform	dg₃₂dx₁	0
PenningUniform	dg₃₂dx₂	0
PenningUniform	dg₃₂dx₃	0
PenningUniform	dg₃₃dx₁	0
PenningUniform	dg₃₃dx₂	0
PenningUniform	dg₃₃dx₃	0
PenningUniform	d²A₁dx₁dx₁	0
PenningUniform	d²A₁dx₁dx₂	0
PenningUniform	d²A₁dx₁dx₃	0
PenningUniform	d²A₁dx₂dx₁	0
PenningUniform	d²A₁dx₂dx₂	0
PenningUniform	d²A₁dx₂dx₃	0
PenningUniform	d²A₁dx₃dx₁	0
PenningUniform	d²A₁dx₃dx₂	0
PenningUniform	d²A₁dx₃dx₃	0
PenningUniform	d²A₂dx₁dx₁	0
PenningUniform	d²A₂dx₁dx₂	0
PenningUniform	d²A₂dx₁dx₃	0
PenningUniform	d²A₂dx₂dx₁	0
PenningUniform	d²A₂dx₂dx₂	0
PenningUniform	d²A₂dx₂dx₃	0
PenningUniform	d²A₂dx₃dx₁	0
PenningUniform	d²A₂dx₃dx₂	0
PenningUniform	d²A₂dx₃dx₃	0
PenningUniform	d²A₃dx₁dx₁	0
PenningUniform	d²A₃dx₁dx₂	0
PenningUniform	d²A₃dx₁dx₃	0
PenningUniform	d²A₃dx₂dx₁	0
PenningUniform	d²A₃dx₂dx₂	0
PenningUniform	d²A₃dx₂dx₃	0
PenningUniform	d²A₃dx₃dx₁	0
PenningUniform	d²A₃dx₃dx₂	0
PenningUniform	d²A₃dx₃dx₃	0
PenningUniform	d²Bdx₁dx₁	0
PenningUniform	d²Bdx₁dx₂	0
PenningUniform	d²Bdx₁dx₃	0
PenningUniform	d²Bdx₂dx₁	0
PenningUniform	d²Bdx₂dx₂	0
PenningUniform	d²Bdx₂dx₃	0
PenningUniform	d²Bdx₃dx₁	0
PenningUniform	d²Bdx₃dx₂	0
PenningUniform	d²Bdx₃dx₃	0
PenningUniform	d²b₁dx₁dx₁	0
PenningUniform	d²b₁dx₁dx₂	0
PenningUniform	d²b₁dx₁dx₃	0
PenningUniform	d²b₁dx₂dx₁	0
PenningUniform	d²b₁dx₂dx₂	0
PenningUniform	d²b₁dx₂dx₃	0
PenningUniform	d²b₁dx₃dx₁	0
PenningUniform	d²b₁dx₃dx₂	0
PenningUniform	d²b₁dx₃dx₃	0
PenningUniform	d²b₂dx₁dx₁	0
PenningUniform	d²b₂dx₁dx₂	0
PenningUniform	d²b₂dx₁dx₃	0
PenningUniform	d²b₂dx₂dx₁	0
PenningUniform	d²b₂dx₂dx₂	0
PenningUniform	d²b₂dx₂dx₃	0
PenningUniform	d²b₂dx₃dx₁	0
PenningUniform	d²b₂dx₃dx₂	0
PenningUniform	d²b₂dx₃dx₃	0
PenningUniform	d²b₃dx₁dx₁	0
PenningUniform	d²b₃dx₁dx₂	0
PenningUniform	d²b₃dx₁dx₃	0
PenningUniform	d²b₃dx₂dx₁	0
PenningUniform	d²b₃dx₂dx₂	0
PenningUniform	d²b₃dx₂dx₃	0
PenningUniform	d²b₃dx₃dx₁	0
PenningUniform	d²b₃dx₃dx₂	0
PenningUniform	d²b₃dx₃dx₃	0
PenningUniform	d²g²²dx₁dx₁	0
PenningUniform	d²g²²dx₁dx₂	0
PenningUniform	d²g²²dx₁dx₃	0
PenningUniform	d²g²²dx₂dx₁	0
PenningUniform	d²g²²dx₂dx₂	0
PenningUniform	d²g²²dx₂dx₃	0
PenningUniform	d²g²²dx₃dx₁	0
PenningUniform	d²g²²dx₃dx₂	0
PenningUniform	d²g²²dx₃dx₃	0
PenningUniform	d²g²³dx₁dx₁	0
PenningUniform	d²g²³dx₁dx₂	0
PenningUniform	d²g²³dx₁dx₃	0
PenningUniform	d²g²³dx₂dx₁	0
PenningUniform	d²g²³dx₂dx₂	0
PenningUniform	d²g²³dx₂dx₃	0
PenningUniform	d²g²³dx₃dx₁	0
PenningUniform	d²g²³dx₃dx₂	0
PenningUniform	d²g²³dx₃dx₃	0
PenningUniform	d²g²¹dx₁dx₁	0
PenningUniform	d²g²¹dx₁dx₂	0
PenningUniform	d²g²¹dx₁dx₃	0
PenningUniform	d²g²¹dx₂dx₁	0
PenningUniform	d²g²¹dx₂dx₂	0
PenningUniform	d²g²¹dx₂dx₃	0
PenningUniform	d²g²¹dx₃dx₁	0
PenningUniform	d²g²¹dx₃dx₂	0
PenningUniform	d²g²¹dx₃dx₃	0
PenningUniform	d²g³²dx₁dx₁	0
PenningUniform	d²g³²dx₁dx₂	0
PenningUniform	d²g³²dx₁dx₃	0
PenningUniform	d²g³²dx₂dx₁	0
PenningUniform	d²g³²dx₂dx₂	0
PenningUniform	d²g³²dx₂dx₃	0
PenningUniform	d²g³²dx₃dx₁	0
PenningUniform	d²g³²dx₃dx₂	0
PenningUniform	d²g³²dx₃dx₃	0
PenningUniform	d²g³³dx₁dx₁	0
PenningUniform	d²g³³dx₁dx₂	0
PenningUniform	d²g³³dx₁dx₃	0
PenningUniform	d²g³³dx₂dx₁	0
PenningUniform	d²g³³dx₂dx₂	0
PenningUniform	d²g³³dx₂dx₃	0
PenningUniform	d²g³³dx₃dx₁	0
PenningUniform	d²g³³dx₃dx₂	0
PenningUniform	d²g³³dx₃dx₃	0
PenningUniform	d²g³¹dx₁dx₁	0
PenningUniform	d²g³¹dx₁dx₂	0
PenningUniform	d²g³¹dx₁dx₃	0
PenningUniform	d²g³¹dx₂dx₁	0
PenningUniform	d²g³¹dx₂dx₂	0
PenningUniform	d²g³¹dx₂dx₃	0
PenningUniform	d²g³¹dx₃dx₁	0
PenningUniform	d²g³¹dx₃dx₂	0
PenningUniform	d²g³¹dx₃dx₃	0
PenningUniform	d²g¹²dx₁dx₁	0
PenningUniform	d²g¹²dx₁dx₂	0
PenningUniform	d²g¹²dx₁dx₃	0
PenningUniform	d²g¹²dx₂dx₁	0
PenningUniform	d²g¹²dx₂dx₂	0
PenningUniform	d²g¹²dx₂dx₃	0
PenningUniform	d²g¹²dx₃dx₁	0
PenningUniform	d²g¹²dx₃dx₂	0
PenningUniform	d²g¹²dx₃dx₃	0
PenningUniform	d²g¹³dx₁dx₁	0
PenningUniform	d²g¹³dx₁dx₂	0
PenningUniform	d²g¹³dx₁dx₃	0
PenningUniform	d²g¹³dx₂dx₁	0
PenningUniform	d²g¹³dx₂dx₂	0
PenningUniform	d²g¹³dx₂dx₃	0
PenningUniform	d²g¹³dx₃dx₁	0
PenningUniform	d²g¹³dx₃dx₂	0
PenningUniform	d²g¹³dx₃dx₃	0
PenningUniform	d²g¹¹dx₁dx₁	0
PenningUniform	d²g¹¹dx₁dx₂	0
PenningUniform	d²g¹¹dx₁dx₃	0
PenningUniform	d²g¹¹dx₂dx₁	0
PenningUniform	d²g¹¹dx₂dx₂	0
PenningUniform	d²g¹¹dx₂dx₃	0
PenningUniform	d²g¹¹dx₃dx₁	0
PenningUniform	d²g¹¹dx₃dx₂	0
PenningUniform	d²g¹¹dx₃dx₃	0
PenningUniform	d²g₁₁dx₁dx₁	0
PenningUniform	d²g₁₁dx₁dx₂	0
PenningUniform	d²g₁₁dx₁dx₃	0
PenningUniform	d²g₁₁dx₂dx₁	0
PenningUniform	d²g₁₁dx₂dx₂	0
PenningUniform	d²g₁₁dx₂dx₃	0
PenningUniform	d²g₁₁dx₃dx₁	0
PenningUniform	d²g₁₁dx₃dx₂	0
PenningUniform	d²g₁₁dx₃dx₃	0
PenningUniform	d²g₁₂dx₁dx₁	0
PenningUniform	d²g₁₂dx₁dx₂	0
PenningUniform	d²g₁₂dx₁dx₃	0
PenningUniform	d²g₁₂dx₂dx₁	0
PenningUniform	d²g₁₂dx₂dx₂	0
PenningUniform	d²g₁₂dx₂dx₃	0
PenningUniform	d²g₁₂dx₃dx₁	0
PenningUniform	d²g₁₂dx₃dx₂	0
PenningUniform	d²g₁₂dx₃dx₃	0
PenningUniform	d²g₁₃dx₁dx₁	0
PenningUniform	d²g₁₃dx₁dx₂	0
PenningUniform	d²g₁₃dx₁dx₃	0
PenningUniform	d²g₁₃dx₂dx₁	0
PenningUniform	d²g₁₃dx₂dx₂	0
PenningUniform	d²g₁₃dx₂dx₃	0
PenningUniform	d²g₁₃dx₃dx₁	0
PenningUniform	d²g₁₃dx₃dx₂	0
PenningUniform	d²g₁₃dx₃dx₃	0
PenningUniform	d²g₂₁dx₁dx₁	0
PenningUniform	d²g₂₁dx₁dx₂	0
PenningUniform	d²g₂₁dx₁dx₃	0
PenningUniform	d²g₂₁dx₂dx₁	0
PenningUniform	d²g₂₁dx₂dx₂	0
PenningUniform	d²g₂₁dx₂dx₃	0
PenningUniform	d²g₂₁dx₃dx₁	0
PenningUniform	d²g₂₁dx₃dx₂	0
PenningUniform	d²g₂₁dx₃dx₃	0
PenningUniform	d²g₂₂dx₁dx₁	0
PenningUniform	d²g₂₂dx₁dx₂	0
PenningUniform	d²g₂₂dx₁dx₃	0
PenningUniform	d²g₂₂dx₂dx₁	0
PenningUniform	d²g₂₂dx₂dx₂	0
PenningUniform	d²g₂₂dx₂dx₃	0
PenningUniform	d²g₂₂dx₃dx₁	0
PenningUniform	d²g₂₂dx₃dx₂	0
PenningUniform	d²g₂₂dx₃dx₃	0
PenningUniform	d²g₂₃dx₁dx₁	0
PenningUniform	d²g₂₃dx₁dx₂	0
PenningUniform	d²g₂₃dx₁dx₃	0
PenningUniform	d²g₂₃dx₂dx₁	0
PenningUniform	d²g₂₃dx₂dx₂	0
PenningUniform	d²g₂₃dx₂dx₃	0
PenningUniform	d²g₂₃dx₃dx₁	0
PenningUniform	d²g₂₃dx₃dx₂	0
PenningUniform	d²g₂₃dx₃dx₃	0
PenningUniform	d²g₃₁dx₁dx₁	0
PenningUniform	d²g₃₁dx₁dx₂	0
PenningUniform	d²g₃₁dx₁dx₃	0
PenningUniform	d²g₃₁dx₂dx₁	0
PenningUniform	d²g₃₁dx₂dx₂	0
PenningUniform	d²g₃₁dx₂dx₃	0
PenningUniform	d²g₃₁dx₃dx₁	0
PenningUniform	d²g₃₁dx₃dx₂	0
PenningUniform	d²g₃₁dx₃dx₃	0
PenningUniform	d²g₃₂dx₁dx₁	0
PenningUniform	d²g₃₂dx₁dx₂	0
PenningUniform	d²g₃₂dx₁dx₃	0
PenningUniform	d²g₃₂dx₂dx₁	0
PenningUniform	d²g₃₂dx₂dx₂	0
PenningUniform	d²g₃₂dx₂dx₃	0
PenningUniform	d²g₃₂dx₃dx₁	0
PenningUniform	d²g₃₂dx₃dx₂	0
PenningUniform	d²g₃₂dx₃dx₃	0
PenningUniform	d²g₃₃dx₁dx₁	0
PenningUniform	d²g₃₃dx₁dx₂	0
PenningUniform	d²g₃₃dx₁dx₃	0
PenningUniform	d²g₃₃dx₂dx₁	0
PenningUniform	d²g₃₃dx₂dx₂	0
PenningUniform	d²g₃₃dx₂dx₃	0
PenningUniform	d²g₃₃dx₃dx₁	0
PenningUniform	d²g₃₃dx₃dx₂	0
PenningUniform	d²g₃₃dx₃dx₃	0
PenningUniform	g²²	1
PenningUniform	g²³	0
PenningUniform	g²¹	0
PenningUniform	g³²	0
PenningUniform	g³³	1
PenningUniform	g³¹	0
PenningUniform	g¹²	0
PenningUniform	g¹³	0
PenningUniform	g¹¹	1
PenningUniform	g₁₁	1
PenningUniform	g₁₂	0
PenningUniform	g₁₃	0
PenningUniform	g₂₁	0
PenningUniform	g₂₂	1
PenningUniform	g₂₃	0
PenningUniform	g₃₁	0
PenningUniform	g₃₂	0
PenningUniform	g₃₃	1
PenningUniform	maxx²	Inf
PenningUniform	maxx³	Inf
PenningUniform	maxx¹	Inf
PenningUniform	minx²	-Inf
PenningUniform	minx³	-Inf
PenningUniform	minx¹	-Inf
PenningUniform	orientation	1
PenningUniform	x²	0.5
PenningUniform	x³	0.5
PenningUniform	x¹	0.5
PenningUniform	ξ²	0.5
PenningUniform	ξ³	0.5
PenningUniform	ξ¹	0.5
PenningUniform	φ	-0
PenningBottle	A²	20.833333333333336
PenningBottle	A³	-25
PenningBottle	A¹	-45.833333333333336
PenningBottle	A₁	-45.833333333333336
PenningBottle	A₂	20.833333333333336
PenningBottle	A₃	-25
PenningBottle	B	122.47448713915891
PenningBottle	B²	-50
PenningBottle	B³	100
PenningBottle	B¹	-50
PenningBottle	B₁	-50
PenningBottle	B₁₁	0
PenningBottle	B₁₂	50
PenningBottle	B₁₃	25
PenningBottle	B₂	-50
PenningBottle	B₂₁	-50
PenningBottle	B₂₂	0
PenningBottle	B₂₃	-25
PenningBottle	B₃	100
PenningBottle	B₃₁	-25
PenningBottle	B₃₂	25
PenningBottle	B₃₃	0
PenningBottle	B₍₁₎	-50
PenningBottle	B₍₂₎	-50
PenningBottle	B₍₃₎	100
PenningBottle	DF̄₁₁	1
PenningBottle	DF̄₁₂	0
PenningBottle	DF̄₁₃	0
PenningBottle	DF̄₂₁	0
PenningBottle	DF̄₂₂	1
PenningBottle	DF̄₂₃	0
PenningBottle	DF̄₃₁	0
PenningBottle	DF̄₃₂	0
PenningBottle	DF̄₃₃	1
PenningBottle	DF₁₁	1
PenningBottle	DF₁₂	0
PenningBottle	DF₁₃	0
PenningBottle	DF₂₁	0
PenningBottle	DF₂₂	1
PenningBottle	DF₂₃	0
PenningBottle	DF₃₁	0
PenningBottle	DF₃₂	0
PenningBottle	DF₃₃	1
PenningBottle	E²	5
PenningBottle	E³	-10
PenningBottle	E¹	5
PenningBottle	E₁	5
PenningBottle	E₂	5
PenningBottle	E₃	-10
PenningBottle	J	1
PenningBottle	X	0.5
PenningBottle	Y	0.5
PenningBottle	Z	0.5
PenningBottle	a²	-0.89442719099991574
PenningBottle	a³	-0.44721359549995787
PenningBottle	a¹	0
PenningBottle	a₁	0
PenningBottle	a₂	-0.89442719099991574
PenningBottle	a₃	-0.44721359549995787
PenningBottle	a₍₁₎	0
PenningBottle	a₍₂₎	-0.89442719099991574
PenningBottle	a₍₃₎	-0.44721359549995787
PenningBottle	b²	-0.40824829046386296
PenningBottle	b³	0.81649658092772592
PenningBottle	b¹	-0.40824829046386296
PenningBottle	b₁	-0.40824829046386296
PenningBottle	b₂	-0.40824829046386296
PenningBottle	b₃	0.81649658092772592
PenningBottle	b₍₁₎	-0.40824829046386296
PenningBottle	b₍₂₎	-0.40824829046386296
PenningBottle	b₍₃₎	0.81649658092772592
PenningBottle	c²	-0.18257418583505539
PenningBottle	c³	0.36514837167011077
PenningBottle	c¹	0.9128709291752769
PenningBottle	c₁	0.9128709291752769
PenningBottle	c₂	-0.18257418583505539
PenningBottle	c₃	0.36514837167011077
PenningBottle	c₍₁₎	0.9128709291752769
PenningBottle	c₍₂₎	-0.18257418583505539
PenningBottle	c₍₃₎	0.36514837167011077
PenningBottle	dA₁dx₁	0
PenningBottle	dA₁dx₂	-75
PenningBottle	dA₁dx₃	-100
PenningBottle	dA₂dx₁	25.000000000000004
PenningBottle	dA₂dx₂	0
PenningBottle	dA₂dx₃	0
PenningBottle	dA₃dx₁	-50
PenningBottle	dA₃dx₂	-50
PenningBottle	dA₃dx₃	-50
PenningBottle	dBdx₁	-40.824829046386284
PenningBottle	dBdx₂	-40.824829046386299
PenningBottle	dBdx₃	244.94897427831779
PenningBottle	dB₁dx₁	-100
PenningBottle	dB₁dx₂	0
PenningBottle	dB₁dx₃	-100
PenningBottle	dB₂dx₁	0
PenningBottle	dB₂dx₂	-100
PenningBottle	dB₂dx₃	-100
PenningBottle	dB₃dx₁	-99.999999999999986
PenningBottle	dB₃dx₂	-100
PenningBottle	dB₃dx₃	200
PenningBottle	dE₁dx₁	10
PenningBottle	dE₁dx₂	0
PenningBottle	dE₁dx₃	0
PenningBottle	dE₂dx₁	0
PenningBottle	dE₂dx₂	10
PenningBottle	dE₂dx₃	0
PenningBottle	dE₃dx₁	0
PenningBottle	dE₃dx₂	0
PenningBottle	dE₃dx₃	-20
PenningBottle	db₁dx₁	-0.95257934441568026
PenningBottle	db₁dx₂	-0.13608276348795434
PenningBottle	db₁dx₃	1.1102230246251565e-16
PenningBottle	db₂dx₁	-0.13608276348795431
PenningBottle	db₂dx₂	-0.95257934441568026
PenningBottle	db₂dx₃	1.1102230246251565e-16
PenningBottle	db₃dx₁	-0.54433105395181713
PenningBottle	db₃dx₂	-0.54433105395181725
PenningBottle	db₃dx₃	-2.2204460492503131e-16
PenningBottle	db₍₁₎dx₁	-0.95257934441568026
PenningBottle	db₍₁₎dx₂	-0.13608276348795434
PenningBottle	db₍₁₎dx₃	1.1102230246251565e-16
PenningBottle	db₍₂₎dx₁	-0.13608276348795431
PenningBottle	db₍₂₎dx₂	-0.95257934441568026
PenningBottle	db₍₂₎dx₃	1.1102230246251565e-16
PenningBottle	db₍₃₎dx₁	-0.54433105395181713
PenningBottle	db₍₃₎dx₂	-0.54433105395181725
PenningBottle	db₍₃₎dx₃	-2.2204460492503131e-16
PenningBottle	dg²²dx₁	0
PenningBottle	dg²²dx₂	0
PenningBottle	dg²²dx₃	0
PenningBottle	dg²³dx₁	0
PenningBottle	dg²³dx₂	0
PenningBottle	dg²³dx₃	0
PenningBottle	dg²¹dx₁	0
PenningBottle	dg²¹dx₂	0
PenningBottle	dg²¹dx₃	0
PenningBottle	dg³²dx₁	0
PenningBottle	dg³²dx₂	0
PenningBottle	dg³²dx₃	0
PenningBottle	dg³³dx₁	0
PenningBottle	dg³³dx₂	0
PenningBottle	dg³³dx₃	0
PenningBottle	dg³¹dx₁	0
PenningBottle	dg³¹dx₂	0
PenningBottle	dg³¹dx₃	0
PenningBottle	dg¹²dx₁	0
PenningBottle	dg¹²dx₂	0
PenningBottle	dg¹²dx₃	0
PenningBottle	dg¹³dx₁	0
PenningBottle	dg¹³dx₂	0
PenningBottle	dg¹³dx₃	0
PenningBottle	dg¹¹dx₁	0
PenningBottle	dg¹¹dx₂	0
PenningBottle	dg¹¹dx₃	0
PenningBottle	dg₁₁dx₁	0
PenningBottle	dg₁₁dx₂	0
PenningBottle	dg₁₁dx₃	0
PenningBottle	dg₁₂dx₁	0
PenningBottle	dg₁₂dx₂	0
PenningBottle	dg₁₂dx₃	0
PenningBottle	dg₁₃dx₁	0
PenningBottle	dg₁₃dx₂	0
PenningBottle	dg₁₃dx₃	0
PenningBottle	dg₂₁dx₁	0
PenningBottle	dg₂₁dx₂	0
PenningBottle	dg₂₁dx₃	0
PenningBottle	dg₂₂dx₁	0
PenningBottle	dg₂₂dx₂	0
PenningBottle	dg₂₂dx₃	0
PenningBottle	dg₂₃dx₁	0
PenningBottle	dg₂₃dx₂	0
PenningBottle	dg₂₃dx₃	0
PenningBottle	dg₃₁dx₁	0
PenningBottle	dg₃₁dx₂	0
PenningBottle	dg₃₁dx₃	0
PenningBottle	dg₃₂dx₁	0
PenningBottle	dg₃₂dx₂	0
PenningBottle	dg₃₂dx₃	0
PenningBottle	dg₃₃dx₁	0
PenningBottle	dg₃₃dx₂	0
PenningBottle	dg₃₃dx₃	0
PenningBottle	d²A₁dx₁dx₁	0
PenningBottle	d²A₁dx₁dx₂	0
PenningBottle	d²A₁dx₁dx₃	0
PenningBottle	d²A₁dx₂dx₁	0
PenningBottle	d²A₁dx₂dx₂	100
PenningBottle	d²A₁dx₂dx₃	-200
PenningBottle	d²A₁dx₃dx₁	0
PenningBottle	d²A₁dx₃dx₂	-200
PenningBottle	d²A₁dx₃dx₃	-200
PenningBottle	d²A₂dx₁dx₁	-99.999999999999986
PenningBottle	d²A₂dx₁dx₂	0
PenningBottle	d²A₂dx₁dx₃	0
PenningBottle	d²A₂dx₂dx₁	0
PenningBottle	d²A₂dx₂dx₂	0
PenningBottle	d²A₂dx₂dx₃	0
PenningBottle	d²A₂dx₃dx₁	0
PenningBottle	d²A₂dx₃dx₂	0
PenningBottle	d²A₂dx₃dx₃	0
PenningBottle	d²A₃dx₁dx₁	0
PenningBottle	d²A₃dx₁dx₂	-100
PenningBottle	d²A₃dx₁dx₃	-100
PenningBottle	d²A₃dx₂dx₁	-100
PenningBottle	d²A₃dx₂dx₂	0
PenningBottle	d²A₃dx₂dx₃	-100
PenningBottle	d²A₃dx₃dx₁	-100
PenningBottle	d²A₃dx₃dx₂	-100
PenningBottle	d²A₃dx₃dx₃	0
PenningBottle	d²Bdx₁dx₁	-13.608276348795439
PenningBottle	d²Bdx₁dx₂	68.041381743977155
PenningBottle	d²Bdx₁dx₃	81.649658092772611
PenningBottle	d²Bdx₂dx₁	68.041381743977155
PenningBottle	d²Bdx₂dx₂	-13.608276348795435
PenningBottle	d²Bdx₂dx₃	81.649658092772611
PenningBottle	d²Bdx₃dx₁	81.649658092772611
PenningBottle	d²Bdx₃dx₂	81.649658092772611
PenningBottle	d²Bdx₃dx₃	326.59863237109033
PenningBottle	d²b₁dx₁dx₁	-0.68041381743977147
PenningBottle	d²b₁dx₁dx₂	-0.13608276348795434
PenningBottle	d²b₁dx₁dx₃	0.54433105395181725
PenningBottle	d²b₁dx₂dx₁	-0.13608276348795434
PenningBottle	d²b₁dx₂dx₂	-0.13608276348795434
PenningBottle	d²b₁dx₂dx₃	0.54433105395181736
PenningBottle	d²b₁dx₃dx₁	0.54433105395181736
PenningBottle	d²b₁dx₃dx₂	0.54433105395181736
PenningBottle	d²b₁dx₃dx₃	1.0886621079036352
PenningBottle	d²b₂dx₁dx₁	-0.13608276348795428
PenningBottle	d²b₂dx₁dx₂	-0.13608276348795428
PenningBottle	d²b₂dx₁dx₃	0.54433105395181713
PenningBottle	d²b₂dx₂dx₁	-0.13608276348795428
PenningBottle	d²b₂dx₂dx₂	-0.6804138174397717
PenningBottle	d²b₂dx₂dx₃	0.54433105395181758
PenningBottle	d²b₂dx₃dx₁	0.54433105395181725
PenningBottle	d²b₂dx₃dx₂	0.54433105395181758
PenningBottle	d²b₂dx₃dx₃	1.0886621079036352
PenningBottle	d²b₃dx₁dx₁	-1.9051586888313603
PenningBottle	d²b₃dx₁dx₂	-0.81649658092772615
PenningBottle	d²b₃dx₁dx₃	0.54433105395181758
PenningBottle	d²b₃dx₂dx₁	-0.81649658092772603
PenningBottle	d²b₃dx₂dx₂	-1.9051586888313605
PenningBottle	d²b₃dx₂dx₃	0.54433105395181736
PenningBottle	d²b₃dx₃dx₁	0.54433105395181747
PenningBottle	d²b₃dx₃dx₂	0.54433105395181736
PenningBottle	d²b₃dx₃dx₃	1.0886621079036356
PenningBottle	d²g²²dx₁dx₁	0
PenningBottle	d²g²²dx₁dx₂	0
PenningBottle	d²g²²dx₁dx₃	0
PenningBottle	d²g²²dx₂dx₁	0
PenningBottle	d²g²²dx₂dx₂	0
PenningBottle	d²g²²dx₂dx₃	0
PenningBottle	d²g²²dx₃dx₁	0
PenningBottle	d²g²²dx₃dx₂	0
PenningBottle	d²g²²dx₃dx₃	0
PenningBottle	d²g²³dx₁dx₁	0
PenningBottle	d²g²³dx₁dx₂	0
PenningBottle	d²g²³dx₁dx₃	0
PenningBottle	d²g²³dx₂dx₁	0
PenningBottle	d²g²³dx₂dx₂	0
PenningBottle	d²g²³dx₂dx₃	0
PenningBottle	d²g²³dx₃dx₁	0
PenningBottle	d²g²³dx₃dx₂	0
PenningBottle	d²g²³dx₃dx₃	0
PenningBottle	d²g²¹dx₁dx₁	0
PenningBottle	d²g²¹dx₁dx₂	0
PenningBottle	d²g²¹dx₁dx₃	0
PenningBottle	d²g²¹dx₂dx₁	0
PenningBottle	d²g²¹dx₂dx₂	0
PenningBottle	d²g²¹dx₂dx₃	0
PenningBottle	d²g²¹dx₃dx₁	0
PenningBottle	d²g²¹dx₃dx₂	0
PenningBottle	d²g²¹dx₃dx₃	0
PenningBottle	d²g³²dx₁dx₁	0
PenningBottle	d²g³²dx₁dx₂	0
PenningBottle	d²g³²dx₁dx₃	0
PenningBottle	d²g³²dx₂dx₁	0
PenningBottle	d²g³²dx₂dx₂	0
PenningBottle	d²g³²dx₂dx₃	0
PenningBottle	d²g³²dx₃dx₁	0
PenningBottle	d²g³²dx₃dx₂	0
PenningBottle	d²g³²dx₃dx₃	0
PenningBottle	d²g³³dx₁dx₁	0
PenningBottle	d²g³³dx₁dx₂	0
PenningBottle	d²g³³dx₁dx₃	0
PenningBottle	d²g³³dx₂dx₁	0
PenningBottle	d²g³³dx₂dx₂	0
PenningBottle	d²g³³dx₂dx₃	0
PenningBottle	d²g³³dx₃dx₁	0
PenningBottle	d²g³³dx₃dx₂	0
PenningBottle	d²g³³dx₃dx₃	0
PenningBottle	d²g³¹dx₁dx₁	0
PenningBottle	d²g³¹dx₁dx₂	0
PenningBottle	d²g³¹dx₁dx₃	0
PenningBottle	d²g³¹dx₂dx₁	0
PenningBottle	d²g³¹dx₂dx₂	0
PenningBottle	d²g³¹dx₂dx₃	0
PenningBottle	d²g³¹dx₃dx₁	0
PenningBottle	d²g³¹dx₃dx₂	0
PenningBottle	d²g³¹dx₃dx₃	0
PenningBottle	d²g¹²dx₁dx₁	0
PenningBottle	d²g¹²dx₁dx₂	0
PenningBottle	d²g¹²dx₁dx₃	0
PenningBottle	d²g¹²dx₂dx₁	0
PenningBottle	d²g¹²dx₂dx₂	0
PenningBottle	d²g¹²dx₂dx₃	0
PenningBottle	d²g¹²dx₃dx₁	0
PenningBottle	d²g¹²dx₃dx₂	0
PenningBottle	d²g¹²dx₃dx₃	0
PenningBottle	d²g¹³dx₁dx₁	0
PenningBottle	d²g¹³dx₁dx₂	0
PenningBottle	d²g¹³dx₁dx₃	0
PenningBottle	d²g¹³dx₂dx₁	0
PenningBottle	d²g¹³dx₂dx₂	0
PenningBottle	d²g¹³dx₂dx₃	0
PenningBottle	d²g¹³dx₃dx₁	0
PenningBottle	d²g¹³dx₃dx₂	0
PenningBottle	d²g¹³dx₃dx₃	0
PenningBottle	d²g¹¹dx₁dx₁	0
PenningBottle	d²g¹¹dx₁dx₂	0
PenningBottle	d²g¹¹dx₁dx₃	0
PenningBottle	d²g¹¹dx₂dx₁	0
PenningBottle	d²g¹¹dx₂dx₂	0
PenningBottle	d²g¹¹dx₂dx₃	0
PenningBottle	d²g¹¹dx₃dx₁	0
PenningBottle	d²g¹¹dx₃dx₂	0
PenningBottle	d²g¹¹dx₃dx₃	0
PenningBottle	d²g₁₁dx₁dx₁	0
PenningBottle	d²g₁₁dx₁dx₂	0
PenningBottle	d²g₁₁dx₁dx₃	0
PenningBottle	d²g₁₁dx₂dx₁	0
PenningBottle	d²g₁₁dx₂dx₂	0
PenningBottle	d²g₁₁dx₂dx₃	0
PenningBottle	d²g₁₁dx₃dx₁	0
PenningBottle	d²g₁₁dx₃dx₂	0
PenningBottle	d²g₁₁dx₃dx₃	0
PenningBottle	d²g₁₂dx₁dx₁	0
PenningBottle	d²g₁₂dx₁dx₂	0
PenningBottle	d²g₁₂dx₁dx₃	0
PenningBottle	d²g₁₂dx₂dx₁	0
PenningBottle	d²g₁₂dx₂dx₂	0
PenningBottle	d²g₁₂dx₂dx₃	0
PenningBottle	d²g₁₂dx₃dx₁	0
PenningBottle	d²g₁₂dx₃dx₂	0
PenningBottle	d²g₁₂dx₃dx₃	0
PenningBottle	d²g₁₃dx₁dx₁	0
PenningBottle	d²g₁₃dx₁dx₂	0
PenningBottle	d²g₁₃dx₁dx₃	0
PenningBottle	d²g₁₃dx₂dx₁	0
PenningBottle	d²g₁₃dx₂dx₂	0
PenningBottle	d²g₁₃dx₂dx₃	0
PenningBottle	d²g₁₃dx₃dx₁	0
PenningBottle	d²g₁₃dx₃dx₂	0
PenningBottle	d²g₁₃dx₃dx₃	0
PenningBottle	d²g₂₁dx₁dx₁	0
PenningBottle	d²g₂₁dx₁dx₂	0
PenningBottle	d²g₂₁dx₁dx₃	0
PenningBottle	d²g₂₁dx₂dx₁	0
PenningBottle	d²g₂₁dx₂dx₂	0
PenningBottle	d²g₂₁dx₂dx₃	0
PenningBottle	d²g₂₁dx₃dx₁	0
PenningBottle	d²g₂₁dx₃dx₂	0
PenningBottle	d²g₂₁dx₃dx₃	0
PenningBottle	d²g₂₂dx₁dx₁	0
PenningBottle	d²g₂₂dx₁dx₂	0
PenningBottle	d²g₂₂dx₁dx₃	0
PenningBottle	d²g₂₂dx₂dx₁	0
PenningBottle	d²g₂₂dx₂dx₂	0
PenningBottle	d²g₂₂dx₂dx₃	0
PenningBottle	d²g₂₂dx₃dx₁	0
PenningBottle	d²g₂₂dx₃dx₂	0
PenningBottle	d²g₂₂dx₃dx₃	0
PenningBottle	d²g₂₃dx₁dx₁	0
PenningBottle	d²g₂₃dx₁dx₂	0
PenningBottle	d²g₂₃dx₁dx₃	0
PenningBottle	d²g₂₃dx₂dx₁	0
PenningBottle	d²g₂₃dx₂dx₂	0
PenningBottle	d²g₂₃dx₂dx₃	0
PenningBottle	d²g₂₃dx₃dx₁	0
PenningBottle	d²g₂₃dx₃dx₂	0
PenningBottle	d²g₂₃dx₃dx₃	0
PenningBottle	d²g₃₁dx₁dx₁	0
PenningBottle	d²g₃₁dx₁dx₂	0
PenningBottle	d²g₃₁dx₁dx₃	0
PenningBottle	d²g₃₁dx₂dx₁	0
PenningBottle	d²g₃₁dx₂dx₂	0
PenningBottle	d²g₃₁dx₂dx₃	0
PenningBottle	d²g₃₁dx₃dx₁	0
PenningBottle	d²g₃₁dx₃dx₂	0
PenningBottle	d²g₃₁dx₃dx₃	0
PenningBottle	d²g₃₂dx₁dx₁	0
PenningBottle	d²g₃₂dx₁dx₂	0
PenningBottle	d²g₃₂dx₁dx₃	0
PenningBottle	d²g₃₂dx₂dx₁	0
PenningBottle	d²g₃₂dx₂dx₂	0
PenningBottle	d²g₃₂dx₂dx₃	0
PenningBottle	d²g₃₂dx₃dx₁	0
PenningBottle	d²g₃₂dx₃dx₂	0
PenningBottle	d²g₃₂dx₃dx₃	0
PenningBottle	d²g₃₃dx₁dx₁	0
PenningBottle	d²g₃₃dx₁dx₂	0
PenningBottle	d²g₃₃dx₁dx₃	0
PenningBottle	d²g₃₃dx₂dx₁	0
PenningBottle	d²g₃₃dx₂dx₂	0
PenningBottle	d²g₃₃dx₂dx₃	0
PenningBottle	d²g₃₃dx₃dx₁	0
PenningBottle	d²g₃₃dx₃dx₂	0
PenningBottle	d²g₃₃dx₃dx₃	0
PenningBottle	g²²	1
PenningBottle	g²³	0
PenningBottle	g²¹	0
PenningBottle	g³²	0
PenningBottle	g³³	1
PenningBottle	g³¹	0
PenningBottle	g¹²	0
PenningBottle	g¹³	0
PenningBottle	g¹¹	1
PenningBottle	g₁₁	1
PenningBottle	g₁₂	0
PenningBottle	g₁₃	0
PenningBottle	g₂₁	0
PenningBottle	g₂₂	1
PenningBottle	g₂₃	0
PenningBottle	g₃₁	0
PenningBottle	g₃₂	0
PenningBottle	g₃₃	1
PenningBottle	maxx²	Inf
PenningBottle	maxx³	Inf
PenningBottle	maxx¹	Inf
PenningBottle	minx²	-Inf
PenningBottle	minx³	-Inf
PenningBottle	minx¹	-Inf
PenningBottle	orientation	1
PenningBottle	x²	0.5
PenningBottle	x³	0.5
PenningBottle	x¹	0.5
PenningBottle	ξ²	0.5
PenningBottle	ξ³	0.5
PenningBottle	ξ¹	0.5
PenningBottle	φ	-0
PenningAsymmetric	A²	20.833333333333336
PenningAsymmetric	A³	4.1666666666666661
PenningAsymmetric	A¹	-25
PenningAsymmetric	A₁	-25
PenningAsymmetric	A₂	20.833333333333336
PenningAsymmetric	A₃	4.1666666666666661
PenningAsymmetric	B	113.0388330520878
PenningAsymmetric	B²	50
PenningAsymmetric	B³	100
PenningAsymmetric	B¹	16.666666666666661
PenningAsymmetric	B₁	16.666666666666664
PenningAsymmetric	B₁₁	0
PenningAsymmetric	B₁₂	50
PenningAsymmetric	B₁₃	-25
PenningAsymmetric	B₂	50
PenningAsymmetric	B₂₁	-50
PenningAsymmetric	B₂₂	0
PenningAsymmetric	B₂₃	8.3333333333333321
PenningAsymmetric	B₃	100
PenningAsymmetric	B₃₁	25
PenningAsymmetric	B₃₂	-8.3333333333333321
PenningAsymmetric	B₃₃	0
PenningAsymmetric	B₍₁₎	16.666666666666661
PenningAsymmetric	B₍₂₎	50
PenningAsymmetric	B₍₃₎	100
PenningAsymmetric	DF̄₁₁	1
PenningAsymmetric	DF̄₁₂	0
PenningAsymmetric	DF̄₁₃	0
PenningAsymmetric	DF̄₂₁	0
PenningAsymmetric	DF̄₂₂	1
PenningAsymmetric	DF̄₂₃	0
PenningAsymmetric	DF̄₃₁	0
PenningAsymmetric	DF̄₃₂	0
PenningAsymmetric	DF̄₃₃	1
PenningAsymmetric	DF₁₁	1
PenningAsymmetric	DF₁₂	0
PenningAsymmetric	DF₁₃	0
PenningAsymmetric	DF₂₁	0
PenningAsymmetric	DF₂₂	1
PenningAsymmetric	DF₂₃	0
PenningAsymmetric	DF₃₁	0
PenningAsymmetric	DF₃₂	0
PenningAsymmetric	DF₃₃	1
PenningAsymmetric	E²	5
PenningAsymmetric	E³	-10
PenningAsymmetric	E¹	5
PenningAsymmetric	E₁	5
PenningAsymmetric	E₂	5
PenningAsymmetric	E₃	-10
PenningAsymmetric	J	1
PenningAsymmetric	X	0.5
PenningAsymmetric	Y	0.5
PenningAsymmetric	Z	0.5
PenningAsymmetric	a²	-0.89442719099991597
PenningAsymmetric	a³	0.44721359549995798
PenningAsymmetric	a¹	0
PenningAsymmetric	a₁	0
PenningAsymmetric	a₂	-0.89442719099991597
PenningAsymmetric	a₃	0.44721359549995798
PenningAsymmetric	a₍₁₎	0
PenningAsymmetric	a₍₂₎	-0.89442719099991597
PenningAsymmetric	a₍₃₎	0.44721359549995798
PenningAsymmetric	b²	0.44232586846469141
PenningAsymmetric	b³	0.88465173692938281
PenningAsymmetric	b¹	0.14744195615489708
PenningAsymmetric	b₁	0.14744195615489711
PenningAsymmetric	b₂	0.44232586846469141
PenningAsymmetric	b₃	0.88465173692938281
PenningAsymmetric	b₍₁₎	0.14744195615489708
PenningAsymmetric	b₍₂₎	0.44232586846469141
PenningAsymmetric	b₍₃₎	0.88465173692938281
PenningAsymmetric	c²	-0.065938047339578684
PenningAsymmetric	c³	-0.13187609467915737
PenningAsymmetric	c¹	0.98907071009368053
PenningAsymmetric	c₁	0.98907071009368053
PenningAsymmetric	c₂	-0.065938047339578684
PenningAsymmetric	c₃	-0.13187609467915737
PenningAsymmetric	c₍₁₎	0.98907071009368053
PenningAsymmetric	c₍₂₎	-0.065938047339578684
PenningAsymmetric	c₍₃₎	-0.13187609467915737
PenningAsymmetric	dA₁dx₁	0
PenningAsymmetric	dA₁dx₂	-75
PenningAsymmetric	dA₁dx₃	25
PenningAsymmetric	dA₂dx₁	25
PenningAsymmetric	dA₂dx₂	0
PenningAsymmetric	dA₂dx₃	16.666666666666668
PenningAsymmetric	dA₃dx₁	-25
PenningAsymmetric	dA₃dx₂	33.333333333333329
PenningAsymmetric	dA₃dx₃	0
PenningAsymmetric	dBdx₁	-22.11629342323457
PenningAsymmetric	dBdx₂	51.604684654213997
PenningAsymmetric	dBdx₃	14.744195615489716
PenningAsymmetric	dB₁dx₁	0
PenningAsymmetric	dB₁dx₂	50
PenningAsymmetric	dB₁dx₃	-50
PenningAsymmetric	dB₂dx₁	50
PenningAsymmetric	dB₂dx₂	0
PenningAsymmetric	dB₂dx₃	50
PenningAsymmetric	dB₃dx₁	-50
PenningAsymmetric	dB₃dx₂	50
PenningAsymmetric	dB₃dx₃	0
PenningAsymmetric	dE₁dx₁	10
PenningAsymmetric	dE₁dx₂	0
PenningAsymmetric	dE₁dx₃	0
PenningAsymmetric	dE₂dx₁	0
PenningAsymmetric	dE₂dx₂	10
PenningAsymmetric	dE₂dx₃	0
PenningAsymmetric	dE₃dx₁	0
PenningAsymmetric	dE₃dx₂	0
PenningAsymmetric	dE₃dx₃	-20
PenningAsymmetric	db₁dx₁	0.028847339247697265
PenningAsymmetric	db₁dx₂	0.37501541022006446
PenningAsymmetric	db₁dx₃	-0.46155742796315624
PenningAsymmetric	db₂dx₁	0.52886788620778324
PenningAsymmetric	db₂dx₂	-0.20193137473388084
PenningAsymmetric	db₂dx₃	0.38463118996929685
PenningAsymmetric	db₃dx₁	-0.26924183297850779
PenningAsymmetric	db₃dx₂	0.038463118996929724
PenningAsymmetric	db₃dx₃	-0.11538935699078909
PenningAsymmetric	db₍₁₎dx₁	0.028847339247697255
PenningAsymmetric	db₍₁₎dx₂	0.37501541022006446
PenningAsymmetric	db₍₁₎dx₃	-0.46155742796315624
PenningAsymmetric	db₍₂₎dx₁	0.52886788620778324
PenningAsymmetric	db₍₂₎dx₂	-0.20193137473388084
PenningAsymmetric	db₍₂₎dx₃	0.38463118996929685
PenningAsymmetric	db₍₃₎dx₁	-0.26924183297850779
PenningAsymmetric	db₍₃₎dx₂	0.038463118996929724
PenningAsymmetric	db₍₃₎dx₃	-0.11538935699078909
PenningAsymmetric	dg²²dx₁	0
PenningAsymmetric	dg²²dx₂	0
PenningAsymmetric	dg²²dx₃	0
PenningAsymmetric	dg²³dx₁	0
PenningAsymmetric	dg²³dx₂	0
PenningAsymmetric	dg²³dx₃	0
PenningAsymmetric	dg²¹dx₁	0
PenningAsymmetric	dg²¹dx₂	0
PenningAsymmetric	dg²¹dx₃	0
PenningAsymmetric	dg³²dx₁	0
PenningAsymmetric	dg³²dx₂	0
PenningAsymmetric	dg³²dx₃	0
PenningAsymmetric	dg³³dx₁	0
PenningAsymmetric	dg³³dx₂	0
PenningAsymmetric	dg³³dx₃	0
PenningAsymmetric	dg³¹dx₁	0
PenningAsymmetric	dg³¹dx₂	0
PenningAsymmetric	dg³¹dx₃	0
PenningAsymmetric	dg¹²dx₁	0
PenningAsymmetric	dg¹²dx₂	0
PenningAsymmetric	dg¹²dx₃	0
PenningAsymmetric	dg¹³dx₁	0
PenningAsymmetric	dg¹³dx₂	0
PenningAsymmetric	dg¹³dx₃	0
PenningAsymmetric	dg¹¹dx₁	0
PenningAsymmetric	dg¹¹dx₂	0
PenningAsymmetric	dg¹¹dx₃	0
PenningAsymmetric	dg₁₁dx₁	0
PenningAsymmetric	dg₁₁dx₂	0
PenningAsymmetric	dg₁₁dx₃	0
PenningAsymmetric	dg₁₂dx₁	0
PenningAsymmetric	dg₁₂dx₂	0
PenningAsymmetric	dg₁₂dx₃	0
PenningAsymmetric	dg₁₃dx₁	0
PenningAsymmetric	dg₁₃dx₂	0
PenningAsymmetric	dg₁₃dx₃	0
PenningAsymmetric	dg₂₁dx₁	0
PenningAsymmetric	dg₂₁dx₂	0
PenningAsymmetric	dg₂₁dx₃	0
PenningAsymmetric	dg₂₂dx₁	0
PenningAsymmetric	dg₂₂dx₂	0
PenningAsymmetric	dg₂₂dx₃	0
PenningAsymmetric	dg₂₃dx₁	0
PenningAsymmetric	dg₂₃dx₂	0
PenningAsymmetric	dg₂₃dx₃	0
PenningAsymmetric	dg₃₁dx₁	0
PenningAsymmetric	dg₃₁dx₂	0
PenningAsymmetric	dg₃₁dx₃	0
PenningAsymmetric	dg₃₂dx₁	0
PenningAsymmetric	dg₃₂dx₂	0
PenningAsymmetric	dg₃₂dx₃	0
PenningAsymmetric	dg₃₃dx₁	0
PenningAsymmetric	dg₃₃dx₂	0
PenningAsymmetric	dg₃₃dx₃	0
PenningAsymmetric	d²A₁dx₁dx₁	0
PenningAsymmetric	d²A₁dx₁dx₂	0
PenningAsymmetric	d²A₁dx₁dx₃	0
PenningAsymmetric	d²A₁dx₂dx₁	0
PenningAsymmetric	d²A₁dx₂dx₂	-50
PenningAsymmetric	d²A₁dx₂dx₃	0
PenningAsymmetric	d²A₁dx₃dx₁	0
PenningAsymmetric	d²A₁dx₃dx₂	0
PenningAsymmetric	d²A₁dx₃dx₃	50
PenningAsymmetric	d²A₂dx₁dx₁	-50
PenningAsymmetric	d²A₂dx₁dx₂	0
PenningAsymmetric	d²A₂dx₁dx₃	0
PenningAsymmetric	d²A₂dx₂dx₁	0
PenningAsymmetric	d²A₂dx₂dx₂	0
PenningAsymmetric	d²A₂dx₂dx₃	0
PenningAsymmetric	d²A₂dx₃dx₁	0
PenningAsymmetric	d²A₂dx₃dx₂	0
PenningAsymmetric	d²A₂dx₃dx₃	50
PenningAsymmetric	d²A₃dx₁dx₁	-50
PenningAsymmetric	d²A₃dx₁dx₂	0
PenningAsymmetric	d²A₃dx₁dx₃	0
PenningAsymmetric	d²A₃dx₂dx₁	0
PenningAsymmetric	d²A₃dx₂dx₂	50
PenningAsymmetric	d²A₃dx₂dx₃	0
PenningAsymmetric	d²A₃dx₃dx₁	0
PenningAsymmetric	d²A₃dx₃dx₂	0
PenningAsymmetric	d²A₃dx₃dx₃	0
PenningAsymmetric	d²Bdx₁dx₁	39.905485959314547
PenningAsymmetric	d²Bdx₁dx₂	-12.019724686540528
PenningAsymmetric	d²Bdx₁dx₃	25.001027348004296
PenningAsymmetric	d²Bdx₂dx₁	-12.019724686540528
PenningAsymmetric	d²Bdx₂dx₂	20.673926460849707
PenningAsymmetric	d²Bdx₂dx₃	-28.847339247697267
PenningAsymmetric	d²Bdx₃dx₁	25.001027348004296
PenningAsymmetric	d²Bdx₃dx₂	-28.847339247697267
PenningAsymmetric	d²Bdx₃dx₃	42.309430896622658
PenningAsymmetric	d²b₁dx₁dx₁	-0.040762544589137445
PenningAsymmetric	d²b₁dx₁dx₂	0.075881044542855866
PenningAsymmetric	d²b₁dx₁dx₃	-0.12667744626162714
PenningAsymmetric	d²b₁dx₂dx₁	0.075881044542855866
PenningAsymmetric	d²b₁dx₂dx₂	-0.36937136558464545
PenningAsymmetric	d²b₁dx₂dx₃	0.19942291045147237
PenningAsymmetric	d²b₁dx₃dx₁	-0.12667744626162714
PenningAsymmetric	d²b₁dx₃dx₂	0.19942291045147237
PenningAsymmetric	d²b₁dx₃dx₃	0.065220071342619937
PenningAsymmetric	d²b₂dx₁dx₁	0.05079640171877127
PenningAsymmetric	d²b₂dx₁dx₂	-0.23391429433458866
PenningAsymmetric	d²b₂dx₁dx₃	-0.091558946307908728
PenningAsymmetric	d²b₂dx₂dx₁	-0.23391429433458866
PenningAsymmetric	d²b₂dx₂dx₂	0.10347415164934881
PenningAsymmetric	d²b₂dx₂dx₃	-0.036372732094922589
PenningAsymmetric	d²b₂dx₃dx₁	-0.091558946307908728
PenningAsymmetric	d²b₂dx₃dx₂	-0.036372732094922602
PenningAsymmetric	d²b₂dx₃dx₃	-0.26589721393529653
PenningAsymmetric	d²b₃dx₁dx₁	-0.4176593030210084
PenningAsymmetric	d²b₃dx₁dx₂	0.22450755327555696
PenningAsymmetric	d²b₃dx₁dx₃	-0.18311789261581746
PenningAsymmetric	d²b₃dx₂dx₁	0.22450755327555702
PenningAsymmetric	d²b₃dx₂dx₂	-0.19691444616906406
PenningAsymmetric	d²b₃dx₂dx₃	0.27342260678252195
PenningAsymmetric	d²b₃dx₃dx₁	-0.18311789261581746
PenningAsymmetric	d²b₃dx₃dx₂	0.27342260678252195
PenningAsymmetric	d²b₃dx₃dx₃	-0.30101571388901499
PenningAsymmetric	d²g²²dx₁dx₁	0
PenningAsymmetric	d²g²²dx₁dx₂	0
PenningAsymmetric	d²g²²dx₁dx₃	0
PenningAsymmetric	d²g²²dx₂dx₁	0
PenningAsymmetric	d²g²²dx₂dx₂	0
PenningAsymmetric	d²g²²dx₂dx₃	0
PenningAsymmetric	d²g²²dx₃dx₁	0
PenningAsymmetric	d²g²²dx₃dx₂	0
PenningAsymmetric	d²g²²dx₃dx₃	0
PenningAsymmetric	d²g²³dx₁dx₁	0
PenningAsymmetric	d²g²³dx₁dx₂	0
PenningAsymmetric	d²g²³dx₁dx₃	0
PenningAsymmetric	d²g²³dx₂dx₁	0
PenningAsymmetric	d²g²³dx₂dx₂	0
PenningAsymmetric	d²g²³dx₂dx₃	0
PenningAsymmetric	d²g²³dx₃dx₁	0
PenningAsymmetric	d²g²³dx₃dx₂	0
PenningAsymmetric	d²g²³dx₃dx₃	0
PenningAsymmetric	d²g²¹dx₁dx₁	0
PenningAsymmetric	d²g²¹dx₁dx₂	0
PenningAsymmetric	d²g²¹dx₁dx₃	0
PenningAsymmetric	d²g²¹dx₂dx₁	0
PenningAsymmetric	d²g²¹dx₂dx₂	0
PenningAsymmetric	d²g²¹dx₂dx₃	0
PenningAsymmetric	d²g²¹dx₃dx₁	0
PenningAsymmetric	d²g²¹dx₃dx₂	0
PenningAsymmetric	d²g²¹dx₃dx₃	0
PenningAsymmetric	d²g³²dx₁dx₁	0
PenningAsymmetric	d²g³²dx₁dx₂	0
PenningAsymmetric	d²g³²dx₁dx₃	0
PenningAsymmetric	d²g³²dx₂dx₁	0
PenningAsymmetric	d²g³²dx₂dx₂	0
PenningAsymmetric	d²g³²dx₂dx₃	0
PenningAsymmetric	d²g³²dx₃dx₁	0
PenningAsymmetric	d²g³²dx₃dx₂	0
PenningAsymmetric	d²g³²dx₃dx₃	0
PenningAsymmetric	d²g³³dx₁dx₁	0
PenningAsymmetric	d²g³³dx₁dx₂	0
PenningAsymmetric	d²g³³dx₁dx₃	0
PenningAsymmetric	d²g³³dx₂dx₁	0
PenningAsymmetric	d²g³³dx₂dx₂	0
PenningAsymmetric	d²g³³dx₂dx₃	0
PenningAsymmetric	d²g³³dx₃dx₁	0
PenningAsymmetric	d²g³³dx₃dx₂	0
PenningAsymmetric	d²g³³dx₃dx₃	0
PenningAsymmetric	d²g³¹dx₁dx₁	0
PenningAsymmetric	d²g³¹dx₁dx₂	0
PenningAsymmetric	d²g³¹dx₁dx₃	0
PenningAsymmetric	d²g³¹dx₂dx₁	0
PenningAsymmetric	d²g³¹dx₂dx₂	0
PenningAsymmetric	d²g³¹dx₂dx₃	0
PenningAsymmetric	d²g³¹dx₃dx₁	0
PenningAsymmetric	d²g³¹dx₃dx₂	0
PenningAsymmetric	d²g³¹dx₃dx₃	0
PenningAsymmetric	d²g¹²dx₁dx₁	0
PenningAsymmetric	d²g¹²dx₁dx₂	0
PenningAsymmetric	d²g¹²dx₁dx₃	0
PenningAsymmetric	d²g¹²dx₂dx₁	0
PenningAsymmetric	d²g¹²dx₂dx₂	0
PenningAsymmetric	d²g¹²dx₂dx₃	0
PenningAsymmetric	d²g¹²dx₃dx₁	0
PenningAsymmetric	d²g¹²dx₃dx₂	0
PenningAsymmetric	d²g¹²dx₃dx₃	0
PenningAsymmetric	d²g¹³dx₁dx₁	0
PenningAsymmetric	d²g¹³dx₁dx₂	0
PenningAsymmetric	d²g¹³dx₁dx₃	0
PenningAsymmetric	d²g¹³dx₂dx₁	0
PenningAsymmetric	d²g¹³dx₂dx₂	0
PenningAsymmetric	d²g¹³dx₂dx₃	0
PenningAsymmetric	d²g¹³dx₃dx₁	0
PenningAsymmetric	d²g¹³dx₃dx₂	0
PenningAsymmetric	d²g¹³dx₃dx₃	0
PenningAsymmetric	d²g¹¹dx₁dx₁	0
PenningAsymmetric	d²g¹¹dx₁dx₂	0
PenningAsymmetric	d²g¹¹dx₁dx₃	0
PenningAsymmetric	d²g¹¹dx₂dx₁	0
PenningAsymmetric	d²g¹¹dx₂dx₂	0
PenningAsymmetric	d²g¹¹dx₂dx₃	0
PenningAsymmetric	d²g¹¹dx₃dx₁	0
PenningAsymmetric	d²g¹¹dx₃dx₂	0
PenningAsymmetric	d²g¹¹dx₃dx₃	0
PenningAsymmetric	d²g₁₁dx₁dx₁	0
PenningAsymmetric	d²g₁₁dx₁dx₂	0
PenningAsymmetric	d²g₁₁dx₁dx₃	0
PenningAsymmetric	d²g₁₁dx₂dx₁	0
PenningAsymmetric	d²g₁₁dx₂dx₂	0
PenningAsymmetric	d²g₁₁dx₂dx₃	0
PenningAsymmetric	d²g₁₁dx₃dx₁	0
PenningAsymmetric	d²g₁₁dx₃dx₂	0
PenningAsymmetric	d²g₁₁dx₃dx₃	0
PenningAsymmetric	d²g₁₂dx₁dx₁	0
PenningAsymmetric	d²g₁₂dx₁dx₂	0
PenningAsymmetric	d²g₁₂dx₁dx₃	0
PenningAsymmetric	d²g₁₂dx₂dx₁	0
PenningAsymmetric	d²g₁₂dx₂dx₂	0
PenningAsymmetric	d²g₁₂dx₂dx₃	0
PenningAsymmetric	d²g₁₂dx₃dx₁	0
PenningAsymmetric	d²g₁₂dx₃dx₂	0
PenningAsymmetric	d²g₁₂dx₃dx₃	0
PenningAsymmetric	d²g₁₃dx₁dx₁	0
PenningAsymmetric	d²g₁₃dx₁dx₂	0
PenningAsymmetric	d²g₁₃dx₁dx₃	0
PenningAsymmetric	d²g₁₃dx₂dx₁	0
PenningAsymmetric	d²g₁₃dx₂dx₂	0
PenningAsymmetric	d²g₁₃dx₂dx₃	0
PenningAsymmetric	d²g₁₃dx₃dx₁	0
PenningAsymmetric	d²g₁₃dx₃dx₂	0
PenningAsymmetric	d²g₁₃dx₃dx₃	0
PenningAsymmetric	d²g₂₁dx₁dx₁	0
PenningAsymmetric	d²g₂₁dx₁dx₂	0
PenningAsymmetric	d²g₂₁dx₁dx₃	0
PenningAsymmetric	d²g₂₁dx₂dx₁	0
PenningAsymmetric	d²g₂₁dx₂dx₂	0
PenningAsymmetric	d²g₂₁dx₂dx₃	0
PenningAsymmetric	d²g₂₁dx₃dx₁	0
PenningAsymmetric	d²g₂₁dx₃dx₂	0
PenningAsymmetric	d²g₂₁dx₃dx₃	0
PenningAsymmetric	d²g₂₂dx₁dx₁	0
PenningAsymmetric	d²g₂₂dx₁dx₂	0
PenningAsymmetric	d²g₂₂dx₁dx₃	0
PenningAsymmetric	d²g₂₂dx₂dx₁	0
PenningAsymmetric	d²g₂₂dx₂dx₂	0
PenningAsymmetric	d²g₂₂dx₂dx₃	0
PenningAsymmetric	d²g₂₂dx₃dx₁	0
PenningAsymmetric	d²g₂₂dx₃dx₂	0
PenningAsymmetric	d²g₂₂dx₃dx₃	0
PenningAsymmetric	d²g₂₃dx₁dx₁	0
PenningAsymmetric	d²g₂₃dx₁dx₂	0
PenningAsymmetric	d²g₂₃dx₁dx₃	0
PenningAsymmetric	d²g₂₃dx₂dx₁	0
PenningAsymmetric	d²g₂₃dx₂dx₂	0
PenningAsymmetric	d²g₂₃dx₂dx₃	0
PenningAsymmetric	d²g₂₃dx₃dx₁	0
PenningAsymmetric	d²g₂₃dx₃dx₂	0
PenningAsymmetric	d²g₂₃dx₃dx₃	0
PenningAsymmetric	d²g₃₁dx₁dx₁	0
PenningAsymmetric	d²g₃₁dx₁dx₂	0
PenningAsymmetric	d²g₃₁dx₁dx₃	0
PenningAsymmetric	d²g₃₁dx₂dx₁	0
PenningAsymmetric	d²g₃₁dx₂dx₂	0
PenningAsymmetric	d²g₃₁dx₂dx₃	0
PenningAsymmetric	d²g₃₁dx₃dx₁	0
PenningAsymmetric	d²g₃₁dx₃dx₂	0
PenningAsymmetric	d²g₃₁dx₃dx₃	0
PenningAsymmetric	d²g₃₂dx₁dx₁	0
PenningAsymmetric	d²g₃₂dx₁dx₂	0
PenningAsymmetric	d²g₃₂dx₁dx₃	0
PenningAsymmetric	d²g₃₂dx₂dx₁	0
PenningAsymmetric	d²g₃₂dx₂dx₂	0
PenningAsymmetric	d²g₃₂dx₂dx₃	0
PenningAsymmetric	d²g₃₂dx₃dx₁	0
PenningAsymmetric	d²g₃₂dx₃dx₂	0
PenningAsymmetric	d²g₃₂dx₃dx₃	0
PenningAsymmetric	d²g₃₃dx₁dx₁	0
PenningAsymmetric	d²g₃₃dx₁dx₂	0
PenningAsymmetric	d²g₃₃dx₁dx₃	0
PenningAsymmetric	d²g₃₃dx₂dx₁	0
PenningAsymmetric	d²g₃₃dx₂dx₂	0
PenningAsymmetric	d²g₃₃dx₂dx₃	0
PenningAsymmetric	d²g₃₃dx₃dx₁	0
PenningAsymmetric	d²g₃₃dx₃dx₂	0
PenningAsymmetric	d²g₃₃dx₃dx₃	0
PenningAsymmetric	g²²	1
PenningAsymmetric	g²³	0
PenningAsymmetric	g²¹	0
PenningAsymmetric	g³²	0
PenningAsymmetric	g³³	1
PenningAsymmetric	g³¹	0
PenningAsymmetric	g¹²	0
PenningAsymmetric	g¹³	0
PenningAsymmetric	g¹¹	1
PenningAsymmetric	g₁₁	1
PenningAsymmetric	g₁₂	0
PenningAsymmetric	g₁₃	0
PenningAsymmetric	g₂₁	0
PenningAsymmetric	g₂₂	1
PenningAsymmetric	g₂₃	0
PenningAsymmetric	g₃₁	0
PenningAsymmetric	g₃₂	0
PenningAsymmetric	g₃₃	1
PenningAsymmetric	maxx²	Inf
PenningAsymmetric	maxx³	Inf
PenningAsymmetric	maxx¹	Inf
PenningAsymmetric	minx²	-Inf
PenningAsymmetric	minx³	-Inf
PenningAsymmetric	minx¹	-Inf
PenningAsymmetric	orientation	1
PenningAsymmetric	x²	0.5
PenningAsymmetric	x³	0.5
PenningAsymmetric	x¹	0.5
PenningAsymmetric	ξ²	0.5
PenningAsymmetric	ξ³	0.5
PenningAsymmetric	ξ¹	0.5
PenningAsymmetric	φ	-0
QuadraticPotentials	A²	25
QuadraticPotentials	A³	0.25
QuadraticPotentials	A¹	-25
QuadraticPotentials	A₁	-25
QuadraticPotentials	A₂	25
QuadraticPotentials	A₃	0.25
QuadraticPotentials	B	100.00249996875078
QuadraticPotentials	B²	-0.5
QuadraticPotentials	B³	100
QuadraticPotentials	B¹	0.5
QuadraticPotentials	B₁	0.5
QuadraticPotentials	B₁₁	0
QuadraticPotentials	B₁₂	50
QuadraticPotentials	B₁₃	0.25
QuadraticPotentials	B₂	-0.5
QuadraticPotentials	B₂₁	-50
QuadraticPotentials	B₂₂	0
QuadraticPotentials	B₂₃	0.25
QuadraticPotentials	B₃	100
QuadraticPotentials	B₃₁	-0.25
QuadraticPotentials	B₃₂	-0.25
QuadraticPotentials	B₃₃	0
QuadraticPotentials	B₍₁₎	0.5
QuadraticPotentials	B₍₂₎	-0.5
QuadraticPotentials	B₍₃₎	100
QuadraticPotentials	DF̄₁₁	1
QuadraticPotentials	DF̄₁₂	0
QuadraticPotentials	DF̄₁₃	0
QuadraticPotentials	DF̄₂₁	0
QuadraticPotentials	DF̄₂₂	1
QuadraticPotentials	DF̄₂₃	0
QuadraticPotentials	DF̄₃₁	0
QuadraticPotentials	DF̄₃₂	0
QuadraticPotentials	DF̄₃₃	1
QuadraticPotentials	DF₁₁	1
QuadraticPotentials	DF₁₂	0
QuadraticPotentials	DF₁₃	0
QuadraticPotentials	DF₂₁	0
QuadraticPotentials	DF₂₂	1
QuadraticPotentials	DF₂₃	0
QuadraticPotentials	DF₃₁	0
QuadraticPotentials	DF₃₂	0
QuadraticPotentials	DF₃₃	1
QuadraticPotentials	E²	-0.5
QuadraticPotentials	E³	-0.5
QuadraticPotentials	E¹	-0.5
QuadraticPotentials	E₁	-0.5
QuadraticPotentials	E₂	-0.5
QuadraticPotentials	E₃	-0.5
QuadraticPotentials	J	1
QuadraticPotentials	X	0.5
QuadraticPotentials	Y	0.5
QuadraticPotentials	Z	0.5
QuadraticPotentials	a²	-0.99998750023437011
QuadraticPotentials	a³	-0.0049999375011718509
QuadraticPotentials	a¹	0
QuadraticPotentials	a₁	0
QuadraticPotentials	a₂	-0.99998750023437011
QuadraticPotentials	a₃	-0.0049999375011718509
QuadraticPotentials	a₍₁₎	0
QuadraticPotentials	a₍₂₎	-0.99998750023437011
QuadraticPotentials	a₍₃₎	-0.0049999375011718509
QuadraticPotentials	b²	-0.0049998750046873043
QuadraticPotentials	b³	0.99997500093746083
QuadraticPotentials	b¹	0.0049998750046873043
QuadraticPotentials	b₁	0.0049998750046873043
QuadraticPotentials	b₂	-0.0049998750046873043
QuadraticPotentials	b₃	0.99997500093746083
QuadraticPotentials	b₍₁₎	0.0049998750046873043
QuadraticPotentials	b₍₂₎	-0.0049998750046873043
QuadraticPotentials	b₍₃₎	0.99997500093746083
QuadraticPotentials	c²	2.4999062537107839e-05
QuadraticPotentials	c³	-0.0049998125074215676
QuadraticPotentials	c¹	0.99998750054685059
QuadraticPotentials	c₁	0.99998750054685059
QuadraticPotentials	c₂	2.4999062537107839e-05
QuadraticPotentials	c₃	-0.0049998125074215676
QuadraticPotentials	c₍₁₎	0.99998750054685059
QuadraticPotentials	c₍₂₎	2.4999062537107839e-05
QuadraticPotentials	c₍₃₎	-0.0049998125074215676
QuadraticPotentials	dA₁dx₁	0
QuadraticPotentials	dA₁dx₂	-50
QuadraticPotentials	dA₁dx₃	0
QuadraticPotentials	dA₂dx₁	50
QuadraticPotentials	dA₂dx₂	0
QuadraticPotentials	dA₂dx₃	0
QuadraticPotentials	dA₃dx₁	0.5
QuadraticPotentials	dA₃dx₂	0.5
QuadraticPotentials	dA₃dx₃	0
QuadraticPotentials	dBdx₁	0.0049998750046873043
QuadraticPotentials	dBdx₂	0.0049998750046873043
QuadraticPotentials	dBdx₃	0
QuadraticPotentials	dB₁dx₁	0
QuadraticPotentials	dB₁dx₂	1
QuadraticPotentials	dB₁dx₃	0
QuadraticPotentials	dB₂dx₁	-1
QuadraticPotentials	dB₂dx₂	0
QuadraticPotentials	dB₂dx₃	0
QuadraticPotentials	dB₃dx₁	0
QuadraticPotentials	dB₃dx₂	0
QuadraticPotentials	dB₃dx₃	0
QuadraticPotentials	dE₁dx₁	-1
QuadraticPotentials	dE₁dx₂	0
QuadraticPotentials	dE₁dx₃	0
QuadraticPotentials	dE₂dx₁	0
QuadraticPotentials	dE₂dx₂	-1
QuadraticPotentials	dE₂dx₃	0
QuadraticPotentials	dE₃dx₁	0
QuadraticPotentials	dE₃dx₂	0
QuadraticPotentials	dE₃dx₃	-1
QuadraticPotentials	db₁dx₁	-2.4998125117180666e-07
QuadraticPotentials	db₁dx₂	0.0099995000281234373
QuadraticPotentials	db₁dx₃	0
QuadraticPotentials	db₂dx₁	-0.0099995000281234373
QuadraticPotentials	db₂dx₂	2.4998125117180666e-07
QuadraticPotentials	db₂dx₃	0
QuadraticPotentials	db₃dx₁	-4.9996250234361336e-05
QuadraticPotentials	db₃dx₂	-4.9996250234361336e-05
QuadraticPotentials	db₃dx₃	0
QuadraticPotentials	db₍₁₎dx₁	-2.4998125117180666e-07
QuadraticPotentials	db₍₁₎dx₂	0.0099995000281234373
QuadraticPotentials	db₍₁₎dx₃	0
QuadraticPotentials	db₍₂₎dx₁	-0.0099995000281234373
QuadraticPotentials	db₍₂₎dx₂	2.4998125117180666e-07
QuadraticPotentials	db₍₂₎dx₃	0
QuadraticPotentials	db₍₃₎dx₁	-4.9996250234361336e-05
QuadraticPotentials	db₍₃₎dx₂	-4.9996250234361336e-05
QuadraticPotentials	db₍₃₎dx₃	0
QuadraticPotentials	dg²²dx₁	0
QuadraticPotentials	dg²²dx₂	0
QuadraticPotentials	dg²²dx₃	0
QuadraticPotentials	dg²³dx₁	0
QuadraticPotentials	dg²³dx₂	0
QuadraticPotentials	dg²³dx₃	0
QuadraticPotentials	dg²¹dx₁	0
QuadraticPotentials	dg²¹dx₂	0
QuadraticPotentials	dg²¹dx₃	0
QuadraticPotentials	dg³²dx₁	0
QuadraticPotentials	dg³²dx₂	0
QuadraticPotentials	dg³²dx₃	0
QuadraticPotentials	dg³³dx₁	0
QuadraticPotentials	dg³³dx₂	0
QuadraticPotentials	dg³³dx₃	0
QuadraticPotentials	dg³¹dx₁	0
QuadraticPotentials	dg³¹dx₂	0
QuadraticPotentials	dg³¹dx₃	0
QuadraticPotentials	dg¹²dx₁	0
QuadraticPotentials	dg¹²dx₂	0
QuadraticPotentials	dg¹²dx₃	0
QuadraticPotentials	dg¹³dx₁	0
QuadraticPotentials	dg¹³dx₂	0
QuadraticPotentials	dg¹³dx₃	0
QuadraticPotentials	dg¹¹dx₁	0
QuadraticPotentials	dg¹¹dx₂	0
QuadraticPotentials	dg¹¹dx₃	0
QuadraticPotentials	dg₁₁dx₁	0
QuadraticPotentials	dg₁₁dx₂	0
QuadraticPotentials	dg₁₁dx₃	0
QuadraticPotentials	dg₁₂dx₁	0
QuadraticPotentials	dg₁₂dx₂	0
QuadraticPotentials	dg₁₂dx₃	0
QuadraticPotentials	dg₁₃dx₁	0
QuadraticPotentials	dg₁₃dx₂	0
QuadraticPotentials	dg₁₃dx₃	0
QuadraticPotentials	dg₂₁dx₁	0
QuadraticPotentials	dg₂₁dx₂	0
QuadraticPotentials	dg₂₁dx₃	0
QuadraticPotentials	dg₂₂dx₁	0
QuadraticPotentials	dg₂₂dx₂	0
QuadraticPotentials	dg₂₂dx₃	0
QuadraticPotentials	dg₂₃dx₁	0
QuadraticPotentials	dg₂₃dx₂	0
QuadraticPotentials	dg₂₃dx₃	0
QuadraticPotentials	dg₃₁dx₁	0
QuadraticPotentials	dg₃₁dx₂	0
QuadraticPotentials	dg₃₁dx₃	0
QuadraticPotentials	dg₃₂dx₁	0
QuadraticPotentials	dg₃₂dx₂	0
QuadraticPotentials	dg₃₂dx₃	0
QuadraticPotentials	dg₃₃dx₁	0
QuadraticPotentials	dg₃₃dx₂	0
QuadraticPotentials	dg₃₃dx₃	0
QuadraticPotentials	d²A₁dx₁dx₁	0
QuadraticPotentials	d²A₁dx₁dx₂	0
QuadraticPotentials	d²A₁dx₁dx₃	0
QuadraticPotentials	d²A₁dx₂dx₁	0
QuadraticPotentials	d²A₁dx₂dx₂	0
QuadraticPotentials	d²A₁dx₂dx₃	0
QuadraticPotentials	d²A₁dx₃dx₁	0
QuadraticPotentials	d²A₁dx₃dx₂	0
QuadraticPotentials	d²A₁dx₃dx₃	0
QuadraticPotentials	d²A₂dx₁dx₁	0
QuadraticPotentials	d²A₂dx₁dx₂	0
QuadraticPotentials	d²A₂dx₁dx₃	0
QuadraticPotentials	d²A₂dx₂dx₁	0
QuadraticPotentials	d²A₂dx₂dx₂	0
QuadraticPotentials	d²A₂dx₂dx₃	0
QuadraticPotentials	d²A₂dx₃dx₁	0
QuadraticPotentials	d²A₂dx₃dx₂	0
QuadraticPotentials	d²A₂dx₃dx₃	0
QuadraticPotentials	d²A₃dx₁dx₁	1
QuadraticPotentials	d²A₃dx₁dx₂	0
QuadraticPotentials	d²A₃dx₁dx₃	0
QuadraticPotentials	d²A₃dx₂dx₁	0
QuadraticPotentials	d²A₃dx₂dx₂	1
QuadraticPotentials	d²A₃dx₂dx₃	0
QuadraticPotentials	d²A₃dx₃dx₁	0
QuadraticPotentials	d²A₃dx₃dx₂	0
QuadraticPotentials	d²A₃dx₃dx₃	0
QuadraticPotentials	d²Bdx₁dx₁	0.0099995000281234373
QuadraticPotentials	d²Bdx₁dx₂	-2.4998125117180666e-07
QuadraticPotentials	d²Bdx₁dx₃	0
QuadraticPotentials	d²Bdx₂dx₁	-2.4998125117180666e-07
QuadraticPotentials	d²Bdx₂dx₂	0.0099995000281234373
QuadraticPotentials	d²Bdx₂dx₃	0
QuadraticPotentials	d²Bdx₃dx₁	0
QuadraticPotentials	d²Bdx₃dx₂	0
QuadraticPotentials	d²Bdx₃dx₃	0
QuadraticPotentials	d²b₁dx₁dx₁	-4.9992500703070319e-07
QuadraticPotentials	d²b₁dx₁dx₂	-4.9992500703070319e-07
QuadraticPotentials	d²b₁dx₁dx₃	0
QuadraticPotentials	d²b₁dx₂dx₁	-4.9992500703070319e-07
QuadraticPotentials	d²b₁dx₂dx₂	-1.4998500117179299e-06
QuadraticPotentials	d²b₁dx₂dx₃	0
QuadraticPotentials	d²b₁dx₃dx₁	0
QuadraticPotentials	d²b₁dx₃dx₂	0
QuadraticPotentials	d²b₁dx₃dx₃	0
QuadraticPotentials	d²b₂dx₁dx₁	1.4998500117179299e-06
QuadraticPotentials	d²b₂dx₁dx₂	4.9992500703070319e-07
QuadraticPotentials	d²b₂dx₁dx₃	0
QuadraticPotentials	d²b₂dx₂dx₁	4.9992500703070319e-07
QuadraticPotentials	d²b₂dx₂dx₂	4.9992500703070319e-07
QuadraticPotentials	d²b₂dx₂dx₃	0
QuadraticPotentials	d²b₂dx₃dx₁	0
QuadraticPotentials	d²b₂dx₃dx₂	0
QuadraticPotentials	d²b₂dx₃dx₃	0
QuadraticPotentials	d²b₃dx₁dx₁	-9.9985001406140652e-05
QuadraticPotentials	d²b₃dx₁dx₂	7.4990625820250989e-09
QuadraticPotentials	d²b₃dx₁dx₃	0
QuadraticPotentials	d²b₃dx₂dx₁	7.4990625820250989e-09
QuadraticPotentials	d²b₃dx₂dx₂	-9.9985001406140652e-05
QuadraticPotentials	d²b₃dx₂dx₃	0
QuadraticPotentials	d²b₃dx₃dx₁	0
QuadraticPotentials	d²b₃dx₃dx₂	0
QuadraticPotentials	d²b₃dx₃dx₃	0
QuadraticPotentials	d²g²²dx₁dx₁	0
QuadraticPotentials	d²g²²dx₁dx₂	0
QuadraticPotentials	d²g²²dx₁dx₃	0
QuadraticPotentials	d²g²²dx₂dx₁	0
QuadraticPotentials	d²g²²dx₂dx₂	0
QuadraticPotentials	d²g²²dx₂dx₃	0
QuadraticPotentials	d²g²²dx₃dx₁	0
QuadraticPotentials	d²g²²dx₃dx₂	0
QuadraticPotentials	d²g²²dx₃dx₃	0
QuadraticPotentials	d²g²³dx₁dx₁	0
QuadraticPotentials	d²g²³dx₁dx₂	0
QuadraticPotentials	d²g²³dx₁dx₃	0
QuadraticPotentials	d²g²³dx₂dx₁	0
QuadraticPotentials	d²g²³dx₂dx₂	0
QuadraticPotentials	d²g²³dx₂dx₃	0
QuadraticPotentials	d²g²³dx₃dx₁	0
QuadraticPotentials	d²g²³dx₃dx₂	0
QuadraticPotentials	d²g²³dx₃dx₃	0
QuadraticPotentials	d²g²¹dx₁dx₁	0
QuadraticPotentials	d²g²¹dx₁dx₂	0
QuadraticPotentials	d²g²¹dx₁dx₃	0
QuadraticPotentials	d²g²¹dx₂dx₁	0
QuadraticPotentials	d²g²¹dx₂dx₂	0
QuadraticPotentials	d²g²¹dx₂dx₃	0
QuadraticPotentials	d²g²¹dx₃dx₁	0
QuadraticPotentials	d²g²¹dx₃dx₂	0
QuadraticPotentials	d²g²¹dx₃dx₃	0
QuadraticPotentials	d²g³²dx₁dx₁	0
QuadraticPotentials	d²g³²dx₁dx₂	0
QuadraticPotentials	d²g³²dx₁dx₃	0
QuadraticPotentials	d²g³²dx₂dx₁	0
QuadraticPotentials	d²g³²dx₂dx₂	0
QuadraticPotentials	d²g³²dx₂dx₃	0
QuadraticPotentials	d²g³²dx₃dx₁	0
QuadraticPotentials	d²g³²dx₃dx₂	0
QuadraticPotentials	d²g³²dx₃dx₃	0
QuadraticPotentials	d²g³³dx₁dx₁	0
QuadraticPotentials	d²g³³dx₁dx₂	0
QuadraticPotentials	d²g³³dx₁dx₃	0
QuadraticPotentials	d²g³³dx₂dx₁	0
QuadraticPotentials	d²g³³dx₂dx₂	0
QuadraticPotentials	d²g³³dx₂dx₃	0
QuadraticPotentials	d²g³³dx₃dx₁	0
QuadraticPotentials	d²g³³dx₃dx₂	0
QuadraticPotentials	d²g³³dx₃dx₃	0
QuadraticPotentials	d²g³¹dx₁dx₁	0
QuadraticPotentials	d²g³¹dx₁dx₂	0
QuadraticPotentials	d²g³¹dx₁dx₃	0
QuadraticPotentials	d²g³¹dx₂dx₁	0
QuadraticPotentials	d²g³¹dx₂dx₂	0
QuadraticPotentials	d²g³¹dx₂dx₃	0
QuadraticPotentials	d²g³¹dx₃dx₁	0
QuadraticPotentials	d²g³¹dx₃dx₂	0
QuadraticPotentials	d²g³¹dx₃dx₃	0
QuadraticPotentials	d²g¹²dx₁dx₁	0
QuadraticPotentials	d²g¹²dx₁dx₂	0
QuadraticPotentials	d²g¹²dx₁dx₃	0
QuadraticPotentials	d²g¹²dx₂dx₁	0
QuadraticPotentials	d²g¹²dx₂dx₂	0
QuadraticPotentials	d²g¹²dx₂dx₃	0
QuadraticPotentials	d²g¹²dx₃dx₁	0
QuadraticPotentials	d²g¹²dx₃dx₂	0
QuadraticPotentials	d²g¹²dx₃dx₃	0
QuadraticPotentials	d²g¹³dx₁dx₁	0
QuadraticPotentials	d²g¹³dx₁dx₂	0
QuadraticPotentials	d²g¹³dx₁dx₃	0
QuadraticPotentials	d²g¹³dx₂dx₁	0
QuadraticPotentials	d²g¹³dx₂dx₂	0
QuadraticPotentials	d²g¹³dx₂dx₃	0
QuadraticPotentials	d²g¹³dx₃dx₁	0
QuadraticPotentials	d²g¹³dx₃dx₂	0
QuadraticPotentials	d²g¹³dx₃dx₃	0
QuadraticPotentials	d²g¹¹dx₁dx₁	0
QuadraticPotentials	d²g¹¹dx₁dx₂	0
QuadraticPotentials	d²g¹¹dx₁dx₃	0
QuadraticPotentials	d²g¹¹dx₂dx₁	0
QuadraticPotentials	d²g¹¹dx₂dx₂	0
QuadraticPotentials	d²g¹¹dx₂dx₃	0
QuadraticPotentials	d²g¹¹dx₃dx₁	0
QuadraticPotentials	d²g¹¹dx₃dx₂	0
QuadraticPotentials	d²g¹¹dx₃dx₃	0
QuadraticPotentials	d²g₁₁dx₁dx₁	0
QuadraticPotentials	d²g₁₁dx₁dx₂	0
QuadraticPotentials	d²g₁₁dx₁dx₃	0
QuadraticPotentials	d²g₁₁dx₂dx₁	0
QuadraticPotentials	d²g₁₁dx₂dx₂	0
QuadraticPotentials	d²g₁₁dx₂dx₃	0
QuadraticPotentials	d²g₁₁dx₃dx₁	0
QuadraticPotentials	d²g₁₁dx₃dx₂	0
QuadraticPotentials	d²g₁₁dx₃dx₃	0
QuadraticPotentials	d²g₁₂dx₁dx₁	0
QuadraticPotentials	d²g₁₂dx₁dx₂	0
QuadraticPotentials	d²g₁₂dx₁dx₃	0
QuadraticPotentials	d²g₁₂dx₂dx₁	0
QuadraticPotentials	d²g₁₂dx₂dx₂	0
QuadraticPotentials	d²g₁₂dx₂dx₃	0
QuadraticPotentials	d²g₁₂dx₃dx₁	0
QuadraticPotentials	d²g₁₂dx₃dx₂	0
QuadraticPotentials	d²g₁₂dx₃dx₃	0
QuadraticPotentials	d²g₁₃dx₁dx₁	0
QuadraticPotentials	d²g₁₃dx₁dx₂	0
QuadraticPotentials	d²g₁₃dx₁dx₃	0
QuadraticPotentials	d²g₁₃dx₂dx₁	0
QuadraticPotentials	d²g₁₃dx₂dx₂	0
QuadraticPotentials	d²g₁₃dx₂dx₃	0
QuadraticPotentials	d²g₁₃dx₃dx₁	0
QuadraticPotentials	d²g₁₃dx₃dx₂	0
QuadraticPotentials	d²g₁₃dx₃dx₃	0
QuadraticPotentials	d²g₂₁dx₁dx₁	0
QuadraticPotentials	d²g₂₁dx₁dx₂	0
QuadraticPotentials	d²g₂₁dx₁dx₃	0
QuadraticPotentials	d²g₂₁dx₂dx₁	0
QuadraticPotentials	d²g₂₁dx₂dx₂	0
QuadraticPotentials	d²g₂₁dx₂dx₃	0
QuadraticPotentials	d²g₂₁dx₃dx₁	0
QuadraticPotentials	d²g₂₁dx₃dx₂	0
QuadraticPotentials	d²g₂₁dx₃dx₃	0
QuadraticPotentials	d²g₂₂dx₁dx₁	0
QuadraticPotentials	d²g₂₂dx₁dx₂	0
QuadraticPotentials	d²g₂₂dx₁dx₃	0
QuadraticPotentials	d²g₂₂dx₂dx₁	0
QuadraticPotentials	d²g₂₂dx₂dx₂	0
QuadraticPotentials	d²g₂₂dx₂dx₃	0
QuadraticPotentials	d²g₂₂dx₃dx₁	0
QuadraticPotentials	d²g₂₂dx₃dx₂	0
QuadraticPotentials	d²g₂₂dx₃dx₃	0
QuadraticPotentials	d²g₂₃dx₁dx₁	0
QuadraticPotentials	d²g₂₃dx₁dx₂	0
QuadraticPotentials	d²g₂₃dx₁dx₃	0
QuadraticPotentials	d²g₂₃dx₂dx₁	0
QuadraticPotentials	d²g₂₃dx₂dx₂	0
QuadraticPotentials	d²g₂₃dx₂dx₃	0
QuadraticPotentials	d²g₂₃dx₃dx₁	0
QuadraticPotentials	d²g₂₃dx₃dx₂	0
QuadraticPotentials	d²g₂₃dx₃dx₃	0
QuadraticPotentials	d²g₃₁dx₁dx₁	0
QuadraticPotentials	d²g₃₁dx₁dx₂	0
QuadraticPotentials	d²g₃₁dx₁dx₃	0
QuadraticPotentials	d²g₃₁dx₂dx₁	0
QuadraticPotentials	d²g₃₁dx₂dx₂	0
QuadraticPotentials	d²g₃₁dx₂dx₃	0
QuadraticPotentials	d²g₃₁dx₃dx₁	0
QuadraticPotentials	d²g₃₁dx₃dx₂	0
QuadraticPotentials	d²g₃₁dx₃dx₃	0
QuadraticPotentials	d²g₃₂dx₁dx₁	0
QuadraticPotentials	d²g₃₂dx₁dx₂	0
QuadraticPotentials	d²g₃₂dx₁dx₃	0
QuadraticPotentials	d²g₃₂dx₂dx₁	0
QuadraticPotentials	d²g₃₂dx₂dx₂	0
QuadraticPotentials	d²g₃₂dx₂dx₃	0
QuadraticPotentials	d²g₃₂dx₃dx₁	0
QuadraticPotentials	d²g₃₂dx₃dx₂	0
QuadraticPotentials	d²g₃₂dx₃dx₃	0
QuadraticPotentials	d²g₃₃dx₁dx₁	0
QuadraticPotentials	d²g₃₃dx₁dx₂	0
QuadraticPotentials	d²g₃₃dx₁dx₃	0
QuadraticPotentials	d²g₃₃dx₂dx₁	0
QuadraticPotentials	d²g₃₃dx₂dx₂	0
QuadraticPotentials	d²g₃₃dx₂dx₃	0
QuadraticPotentials	d²g₃₃dx₃dx₁	0
QuadraticPotentials	d²g₃₃dx₃dx₂	0
QuadraticPotentials	d²g₃₃dx₃dx₃	0
QuadraticPotentials	g²²	1
QuadraticPotentials	g²³	0
QuadraticPotentials	g²¹	0
QuadraticPotentials	g³²	0
QuadraticPotentials	g³³	1
QuadraticPotentials	g³¹	0
QuadraticPotentials	g¹²	0
QuadraticPotentials	g¹³	0
QuadraticPotentials	g¹¹	1
QuadraticPotentials	g₁₁	1
QuadraticPotentials	g₁₂	0
QuadraticPotentials	g₁₃	0
QuadraticPotentials	g₂₁	0
QuadraticPotentials	g₂₂	1
QuadraticPotentials	g₂₃	0
QuadraticPotentials	g₃₁	0
QuadraticPotentials	g₃₂	0
QuadraticPotentials	g₃₃	1
QuadraticPotentials	maxx²	Inf
QuadraticPotentials	maxx³	Inf
QuadraticPotentials	maxx¹	Inf
QuadraticPotentials	minx²	-Inf
QuadraticPotentials	minx³	-Inf
QuadraticPotentials	minx¹	-Inf
QuadraticPotentials	orientation	1
QuadraticPotentials	x²	0.5
QuadraticPotentials	x³	0.5
QuadraticPotentials	x¹	0.5
QuadraticPotentials	ξ²	0.5
QuadraticPotentials	ξ³	0.5
QuadraticPotentials	ξ¹	0.5
QuadraticPotentials	φ	0.375
Singular	A²	-1.4142135623730951
Singular	A³	0
Singular	A¹	1.4142135623730951
Singular	A₁	1.4142135623730951
Singular	A₂	-1.4142135623730951
Singular	A₃	0
Singular	B	2.8284271247461907
Singular	B²	0
Singular	B³	2.8284271247461907
Singular	B¹	0
Singular	B₁	0
Singular	B₁₁	0
Singular	B₁₂	1.4142135623730956
Singular	B₁₃	0
Singular	B₂	0
Singular	B₂₁	-1.4142135623730956
Singular	B₂₂	0
Singular	B₂₃	0
Singular	B₃	2.8284271247461912
Singular	B₃₁	0
Singular	B₃₂	0
Singular	B₃₃	0
Singular	B₍₁₎	0
Singular	B₍₂₎	0
Singular	B₍₃₎	2.8284271247461907
Singular	DF̄₁₁	1
Singular	DF̄₁₂	0
Singular	DF̄₁₃	0
Singular	DF̄₂₁	0
Singular	DF̄₂₂	1
Singular	DF̄₂₃	0
Singular	DF̄₃₁	0
Singular	DF̄₃₂	0
Singular	DF̄₃₃	1
Singular	DF₁₁	1
Singular	DF₁₂	0
Singular	DF₁₃	0
Singular	DF₂₁	0
Singular	DF₂₂	1
Singular	DF₂₃	0
Singular	DF₃₁	0
Singular	DF₃₂	0
Singular	DF₃₃	1
Singular	E²	0
Singular	E³	0
Singular	E¹	0
Singular	E₁	0
Singular	E₂	0
Singular	E₃	0
Singular	J	1
Singular	R	0.70710678118654757
Singular	X	0.5
Singular	Y	0.5
Singular	Z	0.5
Singular	a²	-1
Singular	a³	0
Singular	a¹	0
Singular	a₁	0
Singular	a₂	-1
Singular	a₃	0
Singular	a₍₁₎	0
Singular	a₍₂₎	-1
Singular	a₍₃₎	0
Singular	b²	0
Singular	b³	1
Singular	b¹	0
Singular	b₁	0
Singular	b₂	0
Singular	b₃	1.0000000000000002
Singular	b₍₁₎	0
Singular	b₍₂₎	0
Singular	b₍₃₎	1
Singular	c²	0
Singular	c³	0
Singular	c¹	1
Singular	c₁	1
Singular	c₂	0
Singular	c₃	0
Singular	c₍₁₎	1
Singular	c₍₂₎	0
Singular	c₍₃₎	0
Singular	dA₁dx₁	-4.2426406871192857
Singular	dA₁dx₂	-1.4142135623730954
Singular	dA₁dx₃	0
Singular	dA₂dx₁	1.4142135623730954
Singular	dA₂dx₂	4.2426406871192857
Singular	dA₂dx₃	0
Singular	dA₃dx₁	0
Singular	dA₃dx₂	0
Singular	dA₃dx₃	0
Singular	dBdx₁	-8.4852813742385678
Singular	dBdx₂	-8.4852813742385678
Singular	dBdx₃	0
Singular	dB₁dx₁	0
Singular	dB₁dx₂	0
Singular	dB₁dx₃	0
Singular	dB₂dx₁	0
Singular	dB₂dx₂	0
Singular	dB₂dx₃	0
Singular	dB₃dx₁	-8.4852813742385678
Singular	dB₃dx₂	-8.4852813742385678
Singular	dB₃dx₃	0
Singular	dE₁dx₁	0
Singular	dE₁dx₂	0
Singular	dE₁dx₃	0
Singular	dE₂dx₁	0
Singular	dE₂dx₂	0
Singular	dE₂dx₃	0
Singular	dE₃dx₁	0
Singular	dE₃dx₂	0
Singular	dE₃dx₃	0
Singular	db₁dx₁	0
Singular	db₁dx₂	0
Singular	db₁dx₃	0
Singular	db₂dx₁	0
Singular	db₂dx₂	0
Singular	db₂dx₃	0
Singular	db₃dx₁	4.4408920985006262e-16
Singular	db₃dx₂	4.4408920985006262e-16
Singular	db₃dx₃	0
Singular	db₍₁₎dx₁	0
Singular	db₍₁₎dx₂	0
Singular	db₍₁₎dx₃	0
Singular	db₍₂₎dx₁	0
Singular	db₍₂₎dx₂	0
Singular	db₍₂₎dx₃	0
Singular	db₍₃₎dx₁	0
Singular	db₍₃₎dx₂	0
Singular	db₍₃₎dx₃	0
Singular	dg²²dx₁	0
Singular	dg²²dx₂	0
Singular	dg²²dx₃	0
Singular	dg²³dx₁	0
Singular	dg²³dx₂	0
Singular	dg²³dx₃	0
Singular	dg²¹dx₁	0
Singular	dg²¹dx₂	0
Singular	dg²¹dx₃	0
Singular	dg³²dx₁	0
Singular	dg³²dx₂	0
Singular	dg³²dx₃	0
Singular	dg³³dx₁	0
Singular	dg³³dx₂	0
Singular	dg³³dx₃	0
Singular	dg³¹dx₁	0
Singular	dg³¹dx₂	0
Singular	dg³¹dx₃	0
Singular	dg¹²dx₁	0
Singular	dg¹²dx₂	0
Singular	dg¹²dx₃	0
Singular	dg¹³dx₁	0
Singular	dg¹³dx₂	0
Singular	dg¹³dx₃	0
Singular	dg¹¹dx₁	0
Singular	dg¹¹dx₂	0
Singular	dg¹¹dx₃	0
Singular	dg₁₁dx₁	0
Singular	dg₁₁dx₂	0
Singular	dg₁₁dx₃	0
Singular	dg₁₂dx₁	0
Singular	dg₁₂dx₂	0
Singular	dg₁₂dx₃	0
Singular	dg₁₃dx₁	0
Singular	dg₁₃dx₂	0
Singular	dg₁₃dx₃	0
Singular	dg₂₁dx₁	0
Singular	dg₂₁dx₂	0
Singular	dg₂₁dx₃	0
Singular	dg₂₂dx₁	0
Singular	dg₂₂dx₂	0
Singular	dg₂₂dx₃	0
Singular	dg₂₃dx₁	0
Singular	dg₂₃dx₂	0
Singular	dg₂₃dx₃	0
Singular	dg₃₁dx₁	0
Singular	dg₃₁dx₂	0
Singular	dg₃₁dx₃	0
Singular	dg₃₂dx₁	0
Singular	dg₃₂dx₂	0
Singular	dg₃₂dx₃	0
Singular	dg₃₃dx₁	0
Singular	dg₃₃dx₂	0
Singular	dg₃₃dx₃	0
Singular	d²A₁dx₁dx₁	12.727922061357855
Singular	d²A₁dx₁dx₂	12.727922061357855
Singular	d²A₁dx₁dx₃	0
Singular	d²A₁dx₂dx₁	12.727922061357855
Singular	d²A₁dx₂dx₂	-4.2426406871192874
Singular	d²A₁dx₂dx₃	0
Singular	d²A₁dx₃dx₁	0
Singular	d²A₁dx₃dx₂	0
Singular	d²A₁dx₃dx₃	0
Singular	d²A₂dx₁dx₁	4.2426406871192874
Singular	d²A₂dx₁dx₂	-12.727922061357855
Singular	d²A₂dx₁dx₃	0
Singular	d²A₂dx₂dx₁	-12.727922061357855
Singular	d²A₂dx₂dx₂	-12.727922061357855
Singular	d²A₂dx₂dx₃	0
Singular	d²A₂dx₃dx₁	0
Singular	d²A₂dx₃dx₂	0
Singular	d²A₂dx₃dx₃	0
Singular	d²A₃dx₁dx₁	0
Singular	d²A₃dx₁dx₂	0
Singular	d²A₃dx₁dx₃	0
Singular	d²A₃dx₂dx₁	0
Singular	d²A₃dx₂dx₂	0
Singular	d²A₃dx₂dx₃	0
Singular	d²A₃dx₃dx₁	0
Singular	d²A₃dx₃dx₂	0
Singular	d²A₃dx₃dx₃	0
Singular	d²Bdx₁dx₁	25.455844122715718
Singular	d²Bdx₁dx₂	42.426406871192853
Singular	d²Bdx₁dx₃	0
Singular	d²Bdx₂dx₁	42.426406871192853
Singular	d²Bdx₂dx₂	25.455844122715689
Singular	d²Bdx₂dx₃	0
Singular	d²Bdx₃dx₁	0
Singular	d²Bdx₃dx₂	0
Singular	d²Bdx₃dx₃	0
Singular	d²b₁dx₁dx₁	0
Singular	d²b₁dx₁dx₂	0
Singular	d²b₁dx₁dx₃	0
Singular	d²b₁dx₂dx₁	0
Singular	d²b₁dx₂dx₂	0
Singular	d²b₁dx₂dx₃	0
Singular	d²b₁dx₃dx₁	0
Singular	d²b₁dx₃dx₂	0
Singular	d²b₁dx₃dx₃	0
Singular	d²b₂dx₁dx₁	0
Singular	d²b₂dx₁dx₂	0
Singular	d²b₂dx₁dx₃	0
Singular	d²b₂dx₂dx₁	0
Singular	d²b₂dx₂dx₂	0
Singular	d²b₂dx₂dx₃	0
Singular	d²b₂dx₃dx₁	0
Singular	d²b₂dx₃dx₂	0
Singular	d²b₂dx₃dx₃	0
Singular	d²b₃dx₁dx₁	7.1054273576010019e-15
Singular	d²b₃dx₁dx₂	1.0658141036401503e-14
Singular	d²b₃dx₁dx₃	0
Singular	d²b₃dx₂dx₁	1.0658141036401503e-14
Singular	d²b₃dx₂dx₂	3.5527136788005009e-15
Singular	d²b₃dx₂dx₃	0
Singular	d²b₃dx₃dx₁	0
Singular	d²b₃dx₃dx₂	0
Singular	d²b₃dx₃dx₃	0
Singular	d²g²²dx₁dx₁	0
Singular	d²g²²dx₁dx₂	0
Singular	d²g²²dx₁dx₃	0
Singular	d²g²²dx₂dx₁	0
Singular	d²g²²dx₂dx₂	0
Singular	d²g²²dx₂dx₃	0
Singular	d²g²²dx₃dx₁	0
Singular	d²g²²dx₃dx₂	0
Singular	d²g²²dx₃dx₃	0
Singular	d²g²³dx₁dx₁	0
Singular	d²g²³dx₁dx₂	0
Singular	d²g²³dx₁dx₃	0
Singular	d²g²³dx₂dx₁	0
Singular	d²g²³dx₂dx₂	0
Singular	d²g²³dx₂dx₃	0
Singular	d²g²³dx₃dx₁	0
Singular	d²g²³dx₃dx₂	0
Singular	d²g²³dx₃dx₃	0
Singular	d²g²¹dx₁dx₁	0
Singular	d²g²¹dx₁dx₂	0
Singular	d²g²¹dx₁dx₃	0
Singular	d²g²¹dx₂dx₁	0
Singular	d²g²¹dx₂dx₂	0
Singular	d²g²¹dx₂dx₃	0
Singular	d²g²¹dx₃dx₁	0
Singular	d²g²¹dx₃dx₂	0
Singular	d²g²¹dx₃dx₃	0
Singular	d²g³²dx₁dx₁	0
Singular	d²g³²dx₁dx₂	0
Singular	d²g³²dx₁dx₃	0
Singular	d²g³²dx₂dx₁	0
Singular	d²g³²dx₂dx₂	0
Singular	d²g³²dx₂dx₃	0
Singular	d²g³²dx₃dx₁	0
Singular	d²g³²dx₃dx₂	0
Singular	d²g³²dx₃dx₃	0
Singular	d²g³³dx₁dx₁	0
Singular	d²g³³dx₁dx₂	0
Singular	d²g³³dx₁dx₃	0
Singular	d²g³³dx₂dx₁	0
Singular	d²g³³dx₂dx₂	0
Singular	d²g³³dx₂dx₃	0
Singular	d²g³³dx₃dx₁	0
Singular	d²g³³dx₃dx₂	0
Singular	d²g³³dx₃dx₃	0
Singular	d²g³¹dx₁dx₁	0
Singular	d²g³¹dx₁dx₂	0
Singular	d²g³¹dx₁dx₃	0
Singular	d²g³¹dx₂dx₁	0
Singular	d²g³¹dx₂dx₂	0
Singular	d²g³¹dx₂dx₃	0
Singular	d²g³¹dx₃dx₁	0
Singular	d²g³¹dx₃dx₂	0
Singular	d²g³¹dx₃dx₃	0
Singular	d²g¹²dx₁dx₁	0
Singular	d²g¹²dx₁dx₂	0
Singular	d²g¹²dx₁dx₃	0
Singular	d²g¹²dx₂dx₁	0
Singular	d²g¹²dx₂dx₂	0
Singular	d²g¹²dx₂dx₃	0
Singular	d²g¹²dx₃dx₁	0
Singular	d²g¹²dx₃dx₂	0
Singular	d²g¹²dx₃dx₃	0
Singular	d²g¹³dx₁dx₁	0
Singular	d²g¹³dx₁dx₂	0
Singular	d²g¹³dx₁dx₃	0
Singular	d²g¹³dx₂dx₁	0
Singular	d²g¹³dx₂dx₂	0
Singular	d²g¹³dx₂dx₃	0
Singular	d²g¹³dx₃dx₁	0
Singular	d²g¹³dx₃dx₂	0
Singular	d²g¹³dx₃dx₃	0
Singular	d²g¹¹dx₁dx₁	0
Singular	d²g¹¹dx₁dx₂	0
Singular	d²g¹¹dx₁dx₃	0
Singular	d²g¹¹dx₂dx₁	0
Singular	d²g¹¹dx₂dx₂	0
Singular	d²g¹¹dx₂dx₃	0
Singular	d²g¹¹dx₃dx₁	0
Singular	d²g¹¹dx₃dx₂	0
Singular	d²g¹¹dx₃dx₃	0
Singular	d²g₁₁dx₁dx₁	0
Singular	d²g₁₁dx₁dx₂	0
Singular	d²g₁₁dx₁dx₃	0
Singular	d²g₁₁dx₂dx₁	0
Singular	d²g₁₁dx₂dx₂	0
Singular	d²g₁₁dx₂dx₃	0
Singular	d²g₁₁dx₃dx₁	0
Singular	d²g₁₁dx₃dx₂	0
Singular	d²g₁₁dx₃dx₃	0
Singular	d²g₁₂dx₁dx₁	0
Singular	d²g₁₂dx₁dx₂	0
Singular	d²g₁₂dx₁dx₃	0
Singular	d²g₁₂dx₂dx₁	0
Singular	d²g₁₂dx₂dx₂	0
Singular	d²g₁₂dx₂dx₃	0
Singular	d²g₁₂dx₃dx₁	0
Singular	d²g₁₂dx₃dx₂	0
Singular	d²g₁₂dx₃dx₃	0
Singular	d²g₁₃dx₁dx₁	0
Singular	d²g₁₃dx₁dx₂	0
Singular	d²g₁₃dx₁dx₃	0
Singular	d²g₁₃dx₂dx₁	0
Singular	d²g₁₃dx₂dx₂	0
Singular	d²g₁₃dx₂dx₃	0
Singular	d²g₁₃dx₃dx₁	0
Singular	d²g₁₃dx₃dx₂	0
Singular	d²g₁₃dx₃dx₃	0
Singular	d²g₂₁dx₁dx₁	0
Singular	d²g₂₁dx₁dx₂	0
Singular	d²g₂₁dx₁dx₃	0
Singular	d²g₂₁dx₂dx₁	0
Singular	d²g₂₁dx₂dx₂	0
Singular	d²g₂₁dx₂dx₃	0
Singular	d²g₂₁dx₃dx₁	0
Singular	d²g₂₁dx₃dx₂	0
Singular	d²g₂₁dx₃dx₃	0
Singular	d²g₂₂dx₁dx₁	0
Singular	d²g₂₂dx₁dx₂	0
Singular	d²g₂₂dx₁dx₃	0
Singular	d²g₂₂dx₂dx₁	0
Singular	d²g₂₂dx₂dx₂	0
Singular	d²g₂₂dx₂dx₃	0
Singular	d²g₂₂dx₃dx₁	0
Singular	d²g₂₂dx₃dx₂	0
Singular	d²g₂₂dx₃dx₃	0
Singular	d²g₂₃dx₁dx₁	0
Singular	d²g₂₃dx₁dx₂	0
Singular	d²g₂₃dx₁dx₃	0
Singular	d²g₂₃dx₂dx₁	0
Singular	d²g₂₃dx₂dx₂	0
Singular	d²g₂₃dx₂dx₃	0
Singular	d²g₂₃dx₃dx₁	0
Singular	d²g₂₃dx₃dx₂	0
Singular	d²g₂₃dx₃dx₃	0
Singular	d²g₃₁dx₁dx₁	0
Singular	d²g₃₁dx₁dx₂	0
Singular	d²g₃₁dx₁dx₃	0
Singular	d²g₃₁dx₂dx₁	0
Singular	d²g₃₁dx₂dx₂	0
Singular	d²g₃₁dx₂dx₃	0
Singular	d²g₃₁dx₃dx₁	0
Singular	d²g₃₁dx₃dx₂	0
Singular	d²g₃₁dx₃dx₃	0
Singular	d²g₃₂dx₁dx₁	0
Singular	d²g₃₂dx₁dx₂	0
Singular	d²g₃₂dx₁dx₃	0
Singular	d²g₃₂dx₂dx₁	0
Singular	d²g₃₂dx₂dx₂	0
Singular	d²g₃₂dx₂dx₃	0
Singular	d²g₃₂dx₃dx₁	0
Singular	d²g₃₂dx₃dx₂	0
Singular	d²g₃₂dx₃dx₃	0
Singular	d²g₃₃dx₁dx₁	0
Singular	d²g₃₃dx₁dx₂	0
Singular	d²g₃₃dx₁dx₃	0
Singular	d²g₃₃dx₂dx₁	0
Singular	d²g₃₃dx₂dx₂	0
Singular	d²g₃₃dx₂dx₃	0
Singular	d²g₃₃dx₃dx₁	0
Singular	d²g₃₃dx₃dx₂	0
Singular	d²g₃₃dx₃dx₃	0
Singular	g²²	1
Singular	g²³	0
Singular	g²¹	0
Singular	g³²	0
Singular	g³³	1
Singular	g³¹	0
Singular	g¹²	0
Singular	g¹³	0
Singular	g¹¹	1
Singular	g₁₁	1
Singular	g₁₂	0
Singular	g₁₃	0
Singular	g₂₁	0
Singular	g₂₂	1
Singular	g₂₃	0
Singular	g₃₁	0
Singular	g₃₂	0
Singular	g₃₃	1
Singular	maxx²	Inf
Singular	maxx³	Inf
Singular	maxx¹	Inf
Singular	minx²	-Inf
Singular	minx³	-Inf
Singular	minx¹	-Inf
Singular	orientation	1
Singular	r	0.70710678118654757
Singular	r²	0.5
Singular	x²	0.5
Singular	x³	0.5
Singular	x¹	0.5
Singular	θ	0.78539816339744828
Singular	ξ²	0.5
Singular	ξ³	0.5
Singular	ξ¹	0.5
Singular	φ	0
Singular	ϕ	0.78539816339744828
SolovevITER	A²	-0.02085386049177337
SolovevITER	A³	-0.00063959547610554254
SolovevITER	A¹	0.10176651305683561
SolovevITER	A₁	3.9119047619047618
SolovevITER	A₂	-0.8016223973037685
SolovevITER	A₃	-0.027106120236900511
SolovevITER	B	0.81413467019131713
SolovevITER	B²	0.00010141765063242694
SolovevITER	B³	0.12505869500071962
SolovevITER	B¹	-0.00031368075821199096
SolovevITER	B₁	-0.012057888345668934
SolovevITER	B₁₁	0
SolovevITER	B₁₂	-15.647619047619047
SolovevITER	B₁₃	0.012689599565960656
SolovevITER	B₂	0.0038984944903104925
SolovevITER	B₂₁	15.647619047619047
SolovevITER	B₂₂	0
SolovevITER	B₂₃	0.039248426565152393
SolovevITER	B₃	5.2999999999999989
SolovevITER	B₃₁	-0.012689599565960635
SolovevITER	B₃₂	-0.039248426565152393
SolovevITER	B₃₃	0
SolovevITER	B₍₁₎	-0.39202246340628627
SolovevITER	B₍₂₎	0.71353574123251817
SolovevITER	B₍₃₎	0.00062878943392104714
SolovevITER	DF̄₁₁	0.14154557449844721
SolovevITER	DF̄₁₂	0.077326699774871444
SolovevITER	DF̄₁₃	0
SolovevITER	DF̄₂₁	0
SolovevITER	DF̄₂₂	0
SolovevITER	DF̄₂₃	0.16129032258064516
SolovevITER	DF̄₃₁	-0.073644475976068033
SolovevITER	DF̄₃₂	0.13480530904614016
SolovevITER	DF̄₃₃	0
SolovevITER	DF₁₁	5.4410118837203116
SolovevITER	DF₁₂	0
SolovevITER	DF₁₃	-3.121060256313362
SolovevITER	DF₂₁	2.9724383393460587
SolovevITER	DF₂₂	0
SolovevITER	DF₂₃	5.7130624779063268
SolovevITER	DF₃₁	0
SolovevITER	DF₃₂	6.2000000000000002
SolovevITER	DF₃₃	0
SolovevITER	E²	0
SolovevITER	E³	0
SolovevITER	E¹	0
SolovevITER	E₁	0
SolovevITER	E₂	0
SolovevITER	E₃	0
SolovevITER	J	250.24440000000004
SolovevITER	R	6.5100000000000007
SolovevITER	X	5.7130624779063268
SolovevITER	Y	3.121060256313362
SolovevITER	Z	1.55
SolovevITER	a²	0.16129027447469141
SolovevITER	a³	-0.00011863948044910413
SolovevITER	a¹	0
SolovevITER	a₁	0
SolovevITER	a₂	6.1999981508071382
SolovevITER	a₃	-0.005027953045381079
SolovevITER	a₍₁₎	0.00037028096725936501
SolovevITER	a₍₂₎	-0.0006777947641520781
SolovevITER	a₍₃₎	0.99999970174308694
SolovevITER	b²	0.00012457109904015555
SolovevITER	b³	0.1536093469294601
SolovevITER	b¹	-0.00038529345291028782
SolovevITER	b₁	-0.014810680329871465
SolovevITER	b₂	0.00478851304710358
SolovevITER	b₃	6.5099794838052132
SolovevITER	b₍₁₎	-0.48152041395579326
SolovevITER	b₍₂₎	0.87643453516706415
SolovevITER	b₍₃₎	0.00077234081404896446
SolovevITER	c²	2.9757870812990369e-07
SolovevITER	c³	0.00036694603618462105
SolovevITER	c¹	0.16128986238174958
SolovevITER	c₁	6.1999823099544535
SolovevITER	c₂	1.1438925540513499e-05
SolovevITER	c₃	0.015551209708107857
SolovevITER	c₍₁₎	0.87643479725296569
SolovevITER	c₍₂₎	0.48152055632210494
SolovevITER	c₍₃₎	1.8449879904054031e-06
SolovevITER	dA₁dx₁	-3.7256235827664397
SolovevITER	dA₁dx₂	15.647619047619047
SolovevITER	dA₁dx₃	0
SolovevITER	dA₂dx₁	-15.647619047619047
SolovevITER	dA₂dx₂	0
SolovevITER	dA₂dx₃	0
SolovevITER	dA₃dx₁	0.025379199131921271
SolovevITER	dA₃dx₂	0.078496853130304772
SolovevITER	dA₃dx₃	0
SolovevITER	dBdx₁	-0.77533791821037312
SolovevITER	dBdx₂	2.218816928195696e-05
SolovevITER	dBdx₃	0
SolovevITER	dB₁dx₁	-0.020813921597067526
SolovevITER	dB₁dx₂	-0.047145412228246239
SolovevITER	dB₁dx₃	0
SolovevITER	dB₂dx₁	0.12464990267190734
SolovevITER	dB₂dx₂	0.032297624783418889
SolovevITER	dB₂dx₃	0
SolovevITER	dB₃dx₁	0
SolovevITER	dB₃dx₂	0
SolovevITER	dB₃dx₃	0
SolovevITER	dE₁dx₁	0
SolovevITER	dE₁dx₂	0
SolovevITER	dE₁dx₃	0
SolovevITER	dE₂dx₁	0
SolovevITER	dE₂dx₂	0
SolovevITER	dE₂dx₃	0
SolovevITER	dE₃dx₁	0
SolovevITER	dE₃dx₂	0
SolovevITER	dE₃dx₃	0
SolovevITER	db₁dx₁	-0.039670591161189241
SolovevITER	db₁dx₂	-0.057908212649001992
SolovevITER	db₁dx₃	0
SolovevITER	db₂dx₁	0.15766754949645778
SolovevITER	db₂dx₂	0.039670977932300865
SolovevITER	db₂dx₃	0
SolovevITER	db₃dx₁	6.1997530941406227
SolovevITER	db₃dx₂	-0.00017742092567411876
SolovevITER	db₃dx₃	0
SolovevITER	db₍₁₎dx₁	-0.0055984523205593328
SolovevITER	db₍₁₎dx₂	-0.0081835851564827748
SolovevITER	db₍₁₎dx₃	-0.87643453516706415
SolovevITER	db₍₂₎dx₁	-0.0030982461209306811
SolovevITER	db₍₂₎dx₂	-0.0045017682567255425
SolovevITER	db₍₂₎dx₃	-0.48152041395579326
SolovevITER	db₍₃₎dx₁	0.02543024991878351
SolovevITER	db₍₃₎dx₂	0.0063985448277904628
SolovevITER	db₍₃₎dx₃	0
SolovevITER	dg²²dx₁	0
SolovevITER	dg²²dx₂	0
SolovevITER	dg²²dx₃	0
SolovevITER	dg²³dx₁	0
SolovevITER	dg²³dx₂	0
SolovevITER	dg²³dx₃	0
SolovevITER	dg²¹dx₁	0
SolovevITER	dg²¹dx₂	0
SolovevITER	dg²¹dx₃	0
SolovevITER	dg³²dx₁	0
SolovevITER	dg³²dx₂	0
SolovevITER	dg³²dx₃	0
SolovevITER	dg³³dx₁	-0.044944724169171481
SolovevITER	dg³³dx₂	0
SolovevITER	dg³³dx₃	0
SolovevITER	dg³¹dx₁	0
SolovevITER	dg³¹dx₂	0
SolovevITER	dg³¹dx₃	0
SolovevITER	dg¹²dx₁	0
SolovevITER	dg¹²dx₂	0
SolovevITER	dg¹²dx₃	0
SolovevITER	dg¹³dx₁	0
SolovevITER	dg¹³dx₂	0
SolovevITER	dg¹³dx₃	0
SolovevITER	dg¹¹dx₁	0
SolovevITER	dg¹¹dx₂	0
SolovevITER	dg¹¹dx₃	0
SolovevITER	dg₁₁dx₁	0
SolovevITER	dg₁₁dx₂	0
SolovevITER	dg₁₁dx₃	0
SolovevITER	dg₁₂dx₁	0
SolovevITER	dg₁₂dx₂	0
SolovevITER	dg₁₂dx₃	0
SolovevITER	dg₁₃dx₁	0
SolovevITER	dg₁₃dx₂	0
SolovevITER	dg₁₃dx₃	0
SolovevITER	dg₂₁dx₁	0
SolovevITER	dg₂₁dx₂	0
SolovevITER	dg₂₁dx₃	0
SolovevITER	dg₂₂dx₁	0
SolovevITER	dg₂₂dx₂	0
SolovevITER	dg₂₂dx₃	0
SolovevITER	dg₂₃dx₁	0
SolovevITER	dg₂₃dx₂	0
SolovevITER	dg₂₃dx₃	0
SolovevITER	dg₃₁dx₁	0
SolovevITER	dg₃₁dx₂	0
SolovevITER	dg₃₁dx₃	0
SolovevITER	dg₃₂dx₁	0
SolovevITER	dg₃₂dx₂	0
SolovevITER	dg₃₂dx₃	0
SolovevITER	dg₃₃dx₁	80.724000000000018
SolovevITER	dg₃₃dx₂	0
SolovevITER	dg₃₃dx₃	0
SolovevITER	d²A₁dx₁dx₁	7.0964258719360753
SolovevITER	d²A₁dx₁dx₂	-14.902494331065759
SolovevITER	d²A₁dx₁dx₃	0
SolovevITER	d²A₁dx₂dx₁	-14.902494331065759
SolovevITER	d²A₁dx₂dx₂	0
SolovevITER	d²A₁dx₂dx₃	0
SolovevITER	d²A₁dx₃dx₁	0
SolovevITER	d²A₁dx₃dx₂	0
SolovevITER	d²A₁dx₃dx₃	0
SolovevITER	d²A₂dx₁dx₁	14.902494331065759
SolovevITER	d²A₂dx₁dx₂	0
SolovevITER	d²A₂dx₁dx₃	0
SolovevITER	d²A₂dx₂dx₁	0
SolovevITER	d²A₂dx₂dx₂	0
SolovevITER	d²A₂dx₂dx₃	0
SolovevITER	d²A₂dx₃dx₁	0
SolovevITER	d²A₂dx₃dx₂	0
SolovevITER	d²A₂dx₃dx₃	0
SolovevITER	d²A₃dx₁dx₁	0.83564153223404158
SolovevITER	d²A₃dx₁dx₂	0.21025753734005703
SolovevITER	d²A₃dx₁dx₃	0
SolovevITER	d²A₃dx₂dx₁	0.21025753734005703
SolovevITER	d²A₃dx₂dx₂	0.30691663360588317
SolovevITER	d²A₃dx₂dx₃	0
SolovevITER	d²A₃dx₃dx₁	0
SolovevITER	d²A₃dx₃dx₂	0
SolovevITER	d²A₃dx₃dx₃	0
SolovevITER	d²Bdx₁dx₁	1.4774562714809636
SolovevITER	d²Bdx₁dx₂	0.00021438896703899427
SolovevITER	d²Bdx₁dx₃	0
SolovevITER	d²Bdx₂dx₁	0.00021438896703899427
SolovevITER	d²Bdx₂dx₂	0.00011509659967744572
SolovevITER	d²Bdx₂dx₃	0
SolovevITER	d²Bdx₃dx₁	0
SolovevITER	d²Bdx₃dx₂	0
SolovevITER	d²Bdx₃dx₃	0
SolovevITER	d²b₁dx₁dx₁	-0.053944732254335395
SolovevITER	d²b₁dx₁dx₂	-0.15594681000046112
SolovevITER	d²b₁dx₁dx₃	0
SolovevITER	d²b₁dx₂dx₁	-0.15594681000046109
SolovevITER	d²b₁dx₂dx₂	0.016182063486802824
SolovevITER	d²b₁dx₂dx₃	0
SolovevITER	d²b₁dx₃dx₁	0
SolovevITER	d²b₁dx₃dx₂	0
SolovevITER	d²b₁dx₃dx₃	0
SolovevITER	d²b₂dx₁dx₁	0.44748760406800991
SolovevITER	d²b₂dx₁dx₂	0.053951753437649005
SolovevITER	d²b₂dx₁dx₃	0
SolovevITER	d²b₂dx₂dx₁	0.053951753437649005
SolovevITER	d²b₂dx₂dx₂	0.15595135891090145
SolovevITER	d²b₂dx₂dx₃	0
SolovevITER	d²b₂dx₃dx₁	0
SolovevITER	d²b₂dx₃dx₂	0
SolovevITER	d²b₂dx₃dx₃	0
SolovevITER	d²b₃dx₁dx₁	-0.0054078285362351153
SolovevITER	d²b₃dx₁dx₂	-0.0020522281883704522
SolovevITER	d²b₃dx₁dx₃	0
SolovevITER	d²b₃dx₂dx₁	-0.0020522281883704517
SolovevITER	d²b₃dx₂dx₂	-0.00092032517063641748
SolovevITER	d²b₃dx₂dx₃	0
SolovevITER	d²b₃dx₃dx₁	0
SolovevITER	d²b₃dx₃dx₂	0
SolovevITER	d²b₃dx₃dx₃	0
SolovevITER	d²g²²dx₁dx₁	0
SolovevITER	d²g²²dx₁dx₂	0
SolovevITER	d²g²²dx₁dx₃	0
SolovevITER	d²g²²dx₂dx₁	0
SolovevITER	d²g²²dx₂dx₂	0
SolovevITER	d²g²²dx₂dx₃	0
SolovevITER	d²g²²dx₃dx₁	0
SolovevITER	d²g²²dx₃dx₂	0
SolovevITER	d²g²²dx₃dx₃	0
SolovevITER	d²g²³dx₁dx₁	0
SolovevITER	d²g²³dx₁dx₂	0
SolovevITER	d²g²³dx₁dx₃	0
SolovevITER	d²g²³dx₂dx₁	0
SolovevITER	d²g²³dx₂dx₂	0
SolovevITER	d²g²³dx₂dx₃	0
SolovevITER	d²g²³dx₃dx₁	0
SolovevITER	d²g²³dx₃dx₂	0
SolovevITER	d²g²³dx₃dx₃	0
SolovevITER	d²g²¹dx₁dx₁	0
SolovevITER	d²g²¹dx₁dx₂	0
SolovevITER	d²g²¹dx₁dx₃	0
SolovevITER	d²g²¹dx₂dx₁	0
SolovevITER	d²g²¹dx₂dx₂	0
SolovevITER	d²g²¹dx₂dx₃	0
SolovevITER	d²g²¹dx₃dx₁	0
SolovevITER	d²g²¹dx₃dx₂	0
SolovevITER	d²g²¹dx₃dx₃	0
SolovevITER	d²g³²dx₁dx₁	0
SolovevITER	d²g³²dx₁dx₂	0
SolovevITER	d²g³²dx₁dx₃	0
SolovevITER	d²g³²dx₂dx₁	0
SolovevITER	d²g³²dx₂dx₂	0
SolovevITER	d²g³²dx₂dx₃	0
SolovevITER	d²g³²dx₃dx₁	0
SolovevITER	d²g³²dx₃dx₂	0
SolovevITER	d²g³²dx₃dx₃	0
SolovevITER	d²g³³dx₁dx₁	0.12841349762620421
SolovevITER	d²g³³dx₁dx₂	0
SolovevITER	d²g³³dx₁dx₃	0
SolovevITER	d²g³³dx₂dx₁	0
SolovevITER	d²g³³dx₂dx₂	0
SolovevITER	d²g³³dx₂dx₃	0
SolovevITER	d²g³³dx₃dx₁	0
SolovevITER	d²g³³dx₃dx₂	0
SolovevITER	d²g³³dx₃dx₃	0
SolovevITER	d²g³¹dx₁dx₁	0
SolovevITER	d²g³¹dx₁dx₂	0
SolovevITER	d²g³¹dx₁dx₃	0
SolovevITER	d²g³¹dx₂dx₁	0
SolovevITER	d²g³¹dx₂dx₂	0
SolovevITER	d²g³¹dx₂dx₃	0
SolovevITER	d²g³¹dx₃dx₁	0
SolovevITER	d²g³¹dx₃dx₂	0
SolovevITER	d²g³¹dx₃dx₃	0
SolovevITER	d²g¹²dx₁dx₁	0
SolovevITER	d²g¹²dx₁dx₂	0
SolovevITER	d²g¹²dx₁dx₃	0
SolovevITER	d²g¹²dx₂dx₁	0
SolovevITER	d²g¹²dx₂dx₂	0
SolovevITER	d²g¹²dx₂dx₃	0
SolovevITER	d²g¹²dx₃dx₁	0
SolovevITER	d²g¹²dx₃dx₂	0
SolovevITER	d²g¹²dx₃dx₃	0
SolovevITER	d²g¹³dx₁dx₁	0
SolovevITER	d²g¹³dx₁dx₂	0
SolovevITER	d²g¹³dx₁dx₃	0
SolovevITER	d²g¹³dx₂dx₁	0
SolovevITER	d²g¹³dx₂dx₂	0
SolovevITER	d²g¹³dx₂dx₃	0
SolovevITER	d²g¹³dx₃dx₁	0
SolovevITER	d²g¹³dx₃dx₂	0
SolovevITER	d²g¹³dx₃dx₃	0
SolovevITER	d²g¹¹dx₁dx₁	0
SolovevITER	d²g¹¹dx₁dx₂	0
SolovevITER	d²g¹¹dx₁dx₃	0
SolovevITER	d²g¹¹dx₂dx₁	0
SolovevITER	d²g¹¹dx₂dx₂	0
SolovevITER	d²g¹¹dx₂dx₃	0
SolovevITER	d²g¹¹dx₃dx₁	0
SolovevITER	d²g¹¹dx₃dx₂	0
SolovevITER	d²g¹¹dx₃dx₃	0
SolovevITER	d²g₁₁dx₁dx₁	0
SolovevITER	d²g₁₁dx₁dx₂	0
SolovevITER	d²g₁₁dx₁dx₃	0
SolovevITER	d²g₁₁dx₂dx₁	0
SolovevITER	d²g₁₁dx₂dx₂	0
SolovevITER	d²g₁₁dx₂dx₃	0
SolovevITER	d²g₁₁dx₃dx₁	0
SolovevITER	d²g₁₁dx₃dx₂	0
SolovevITER	d²g₁₁dx₃dx₃	0
SolovevITER	d²g₁₂dx₁dx₁	0
SolovevITER	d²g₁₂dx₁dx₂	0
SolovevITER	d²g₁₂dx₁dx₃	0
SolovevITER	d²g₁₂dx₂dx₁	0
SolovevITER	d²g₁₂dx₂dx₂	0
SolovevITER	d²g₁₂dx₂dx₃	0
SolovevITER	d²g₁₂dx₃dx₁	0
SolovevITER	d²g₁₂dx₃dx₂	0
SolovevITER	d²g₁₂dx₃dx₃	0
SolovevITER	d²g₁₃dx₁dx₁	0
SolovevITER	d²g₁₃dx₁dx₂	0
SolovevITER	d²g₁₃dx₁dx₃	0
SolovevITER	d²g₁₃dx₂dx₁	0
SolovevITER	d²g₁₃dx₂dx₂	0
SolovevITER	d²g₁₃dx₂dx₃	0
SolovevITER	d²g₁₃dx₃dx₁	0
SolovevITER	d²g₁₃dx₃dx₂	0
SolovevITER	d²g₁₃dx₃dx₃	0
SolovevITER	d²g₂₁dx₁dx₁	0
SolovevITER	d²g₂₁dx₁dx₂	0
SolovevITER	d²g₂₁dx₁dx₃	0
SolovevITER	d²g₂₁dx₂dx₁	0
SolovevITER	d²g₂₁dx₂dx₂	0
SolovevITER	d²g₂₁dx₂dx₃	0
SolovevITER	d²g₂₁dx₃dx₁	0
SolovevITER	d²g₂₁dx₃dx₂	0
SolovevITER	d²g₂₁dx₃dx₃	0
SolovevITER	d²g₂₂dx₁dx₁	0
SolovevITER	d²g₂₂dx₁dx₂	0
SolovevITER	d²g₂₂dx₁dx₃	0
SolovevITER	d²g₂₂dx₂dx₁	0
SolovevITER	d²g₂₂dx₂dx₂	0
SolovevITER	d²g₂₂dx₂dx₃	0
SolovevITER	d²g₂₂dx₃dx₁	0
SolovevITER	d²g₂₂dx₃dx₂	0
SolovevITER	d²g₂₂dx₃dx₃	0
SolovevITER	d²g₂₃dx₁dx₁	0
SolovevITER	d²g₂₃dx₁dx₂	0
SolovevITER	d²g₂₃dx₁dx₃	0
SolovevITER	d²g₂₃dx₂dx₁	0
SolovevITER	d²g₂₃dx₂dx₂	0
SolovevITER	d²g₂₃dx₂dx₃	0
SolovevITER	d²g₂₃dx₃dx₁	0
SolovevITER	d²g₂₃dx₃dx₂	0
SolovevITER	d²g₂₃dx₃dx₃	0
SolovevITER	d²g₃₁dx₁dx₁	0
SolovevITER	d²g₃₁dx₁dx₂	0
SolovevITER	d²g₃₁dx₁dx₃	0
SolovevITER	d²g₃₁dx₂dx₁	0
SolovevITER	d²g₃₁dx₂dx₂	0
SolovevITER	d²g₃₁dx₂dx₃	0
SolovevITER	d²g₃₁dx₃dx₁	0
SolovevITER	d²g₃₁dx₃dx₂	0
SolovevITER	d²g₃₁dx₃dx₃	0
SolovevITER	d²g₃₂dx₁dx₁	0
SolovevITER	d²g₃₂dx₁dx₂	0
SolovevITER	d²g₃₂dx₁dx₃	0
SolovevITER	d²g₃₂dx₂dx₁	0
SolovevITER	d²g₃₂dx₂dx₂	0
SolovevITER	d²g₃₂dx₂dx₃	0
SolovevITER	d²g₃₂dx₃dx₁	0
SolovevITER	d²g₃₂dx₃dx₂	0
SolovevITER	d²g₃₂dx₃dx₃	0
SolovevITER	d²g₃₃dx₁dx₁	76.88000000000001
SolovevITER	d²g₃₃dx₁dx₂	0
SolovevITER	d²g₃₃dx₁dx₃	0
SolovevITER	d²g₃₃dx₂dx₁	0
SolovevITER	d²g₃₃dx₂dx₂	0
SolovevITER	d²g₃₃dx₂dx₃	0
SolovevITER	d²g₃₃dx₃dx₁	0
SolovevITER	d²g₃₃dx₃dx₂	0
SolovevITER	d²g₃₃dx₃dx₃	0
SolovevITER	g²²	0.02601456815816857
SolovevITER	g²³	0
SolovevITER	g²¹	0
SolovevITER	g³²	0
SolovevITER	g³³	0.023595980188815029
SolovevITER	g³¹	0
SolovevITER	g¹²	0
SolovevITER	g¹³	0
SolovevITER	g¹¹	0.02601456815816857
SolovevITER	g₁₁	38.440000000000005
SolovevITER	g₁₂	0
SolovevITER	g₁₃	0
SolovevITER	g₂₁	0
SolovevITER	g₂₂	38.440000000000005
SolovevITER	g₂₃	0
SolovevITER	g₃₁	0
SolovevITER	g₃₂	0
SolovevITER	g₃₃	42.380100000000006
SolovevITER	maxx²	Inf
SolovevITER	maxx³	6.2831853071795862
SolovevITER	maxx¹	Inf
SolovevITER	minx²	-Inf
SolovevITER	minx³	0
SolovevITER	minx¹	-Inf
SolovevITER	orientation	-1
SolovevITER	r	1.5806960492137634
SolovevITER	r²	2.4986000000000006
SolovevITER	x²	3.121060256313362
SolovevITER	x³	1.55
SolovevITER	x¹	5.7130624779063268
SolovevITER	θ	1.3734007669450157
SolovevITER	ξ²	0.080645161290322578
SolovevITER	ξ³	0.23374318086890142
SolovevITER	ξ¹	0.17408897697518472
SolovevITER	φ	0
SolovevITER	ϕ	0.5
SolovevNSTX	A²	-0.0086100289710762442
SolovevNSTX	A³	-0.2601507018625327
SolovevNSTX	A¹	0.042016806722689079
SolovevNSTX	A₁	0.030357142857142857
SolovevNSTX	A₂	-0.0062207459316025865
SolovevNSTX	A₃	-0.20722466751048707
SolovevNSTX	B	0.34290407465242617
SolovevNSTX	B²	-0.035213380899157661
SolovevNSTX	B³	0.3766212367299861
SolovevNSTX	B¹	-0.071571062359237395
SolovevNSTX	B₁	-0.05171009255454901
SolovevNSTX	B₁₁	0
SolovevNSTX	B₁₂	-0.12142857142857143
SolovevNSTX	B₁₃	-0.011353344210964978
SolovevNSTX	B₂	-0.025441667699641408
SolovevNSTX	B₂₁	0.12142857142857143
SolovevNSTX	B₂₂	0
SolovevNSTX	B₂₃	0.023075628802467496
SolovevNSTX	B₃	0.29999999999999999
SolovevNSTX	B₃₁	0.011353344210964969
SolovevNSTX	B₃₂	-0.023075628802467496
SolovevNSTX	B₃₃	0
SolovevNSTX	B₍₁₎	-0.21453953037070117
SolovevNSTX	B₍₂₎	0.26581968923715643
SolovevNSTX	B₍₃₎	-0.029931373764284008
SolovevNSTX	DF̄₁₁	1.0324500728122032
SolovevNSTX	DF̄₁₂	0.56403004541670942
SolovevNSTX	DF̄₁₃	0
SolovevNSTX	DF̄₂₁	0
SolovevNSTX	DF̄₂₂	0
SolovevNSTX	DF̄₂₃	1.1764705882352942
SolovevNSTX	DF̄₃₁	-0.53717147182543745
SolovevNSTX	DF̄₃₂	0.98328578363066954
SolovevNSTX	DF̄₃₃	0
SolovevNSTX	DF₁₁	0.74594517760681678
SolovevNSTX	DF₁₂	0
SolovevNSTX	DF₁₃	-0.42788729320425117
SolovevNSTX	DF₂₁	0.40751170781357254
SolovevNSTX	DF₂₂	0
SolovevNSTX	DF₂₃	0.78324243648715763
SolovevNSTX	DF₃₁	0
SolovevNSTX	DF₃₂	0.84999999999999998
SolovevNSTX	DF₃₃	0
SolovevNSTX	E²	0
SolovevNSTX	E³	0
SolovevNSTX	E¹	0
SolovevNSTX	E₁	0
SolovevNSTX	E₂	0
SolovevNSTX	E₃	0
SolovevNSTX	J	0.64483124999999997
SolovevNSTX	R	0.89249999999999996
SolovevNSTX	X	0.78324243648715763
SolovevNSTX	Y	0.42788729320425117
SolovevNSTX	Z	0.21249999999999999
SolovevNSTX	a²	1.1718339312886239
SolovevNSTX	a³	0.099378031596698654
SolovevNSTX	a¹	0
SolovevNSTX	a₁	0
SolovevNSTX	a₂	0.84665001535603079
SolovevNSTX	a₃	0.079160192181047792
SolovevNSTX	a₍₁₎	-0.042522596943877937
SolovevNSTX	a₍₂₎	0.07783709160109599
SolovevNSTX	a₍₃₎	0.99605884159533031
SolovevNSTX	b²	-0.10269163740573974
SolovevNSTX	b³	1.0983282631206299
SolovevNSTX	b¹	-0.20872036131907479
SolovevNSTX	b₁	-0.15080046105303152
SolovevNSTX	b₂	-0.074194708025646955
SolovevNSTX	b₃	0.87488024254038221
SolovevNSTX	b₍₁₎	-0.62565465455072922
SolovevNSTX	b₍₂₎	0.77520131397270819
SolovevNSTX	b₍₃₎	-0.087287891794878766
SolovevNSTX	c²	-0.018512430155871919
SolovevNSTX	c³	0.19799786791698701
SolovevNSTX	c¹	1.1578077801403539
SolovevNSTX	c₁	0.8365161211514055
SolovevNSTX	c₂	-0.013375230787617461
SolovevNSTX	c₃	0.15771643917595049
SolovevNSTX	c₍₁₎	0.77894035842813802
SolovevNSTX	c₍₂₎	0.62690055829140023
SolovevNSTX	c₍₃₎	-0.015735565632491132
SolovevNSTX	dA₁dx₁	-0.028911564625850338
SolovevNSTX	dA₁dx₂	0.12142857142857143
SolovevNSTX	dA₁dx₃	0
SolovevNSTX	dA₂dx₁	-0.12142857142857143
SolovevNSTX	dA₂dx₂	0
SolovevNSTX	dA₂dx₃	0
SolovevNSTX	dA₃dx₁	-0.022706688421929938
SolovevNSTX	dA₃dx₂	0.046151257604934992
SolovevNSTX	dA₃dx₃	0
SolovevNSTX	dBdx₁	-0.40383454047258038
SolovevNSTX	dBdx₂	0.036961119352631772
SolovevNSTX	dBdx₃	0
SolovevNSTX	dB₁dx₁	-0.016821413072316688
SolovevNSTX	dB₁dx₂	-0.2095907903682884
SolovevNSTX	dB₁dx₃	0
SolovevNSTX	dB₂dx₁	0.91085738890342027
SolovevNSTX	dB₂dx₂	0.066069120267125261
SolovevNSTX	dB₂dx₃	0
SolovevNSTX	dB₃dx₁	0
SolovevNSTX	dB₃dx₂	0
SolovevNSTX	dB₃dx₃	0
SolovevNSTX	dE₁dx₁	0
SolovevNSTX	dE₁dx₂	0
SolovevNSTX	dE₁dx₃	0
SolovevNSTX	dE₂dx₁	0
SolovevNSTX	dE₂dx₂	0
SolovevNSTX	dE₂dx₃	0
SolovevNSTX	dE₃dx₁	0
SolovevNSTX	dE₃dx₂	0
SolovevNSTX	dE₃dx₃	0
SolovevNSTX	db₁dx₁	-0.22665186479192234
SolovevNSTX	db₁dx₂	-0.59496824800250847
SolovevNSTX	db₁dx₃	0
SolovevNSTX	db₂dx₁	2.568925446497762
SolovevNSTX	db₂dx₂	0.20067256358952104
SolovevNSTX	db₂dx₃	0
SolovevNSTX	db₃dx₁	1.0303373066445864
SolovevNSTX	db₃dx₂	-0.094302037957908272
SolovevNSTX	db₃dx₃	0
SolovevNSTX	db₍₁₎dx₁	-0.3398929155501686
SolovevNSTX	db₍₁₎dx₂	-0.56361864644515092
SolovevNSTX	db₍₁₎dx₃	-0.77520131397270819
SolovevNSTX	db₍₂₎dx₁	0.065984893071461159
SolovevNSTX	db₍₂₎dx₂	-0.42830582123376587
SolovevNSTX	db₍₂₎dx₃	-0.62565465455072922
SolovevNSTX	db₍₃₎dx₁	3.0222652311738374
SolovevNSTX	db₍₃₎dx₂	0.23608536892884827
SolovevNSTX	db₍₃₎dx₃	0
SolovevNSTX	dg²²dx₁	0
SolovevNSTX	dg²²dx₂	0
SolovevNSTX	dg²²dx₃	0
SolovevNSTX	dg²³dx₁	0
SolovevNSTX	dg²³dx₂	0
SolovevNSTX	dg²³dx₃	0
SolovevNSTX	dg²¹dx₁	0
SolovevNSTX	dg²¹dx₂	0
SolovevNSTX	dg²¹dx₃	0
SolovevNSTX	dg³²dx₁	0
SolovevNSTX	dg³²dx₂	0
SolovevNSTX	dg³²dx₃	0
SolovevNSTX	dg³³dx₁	-2.3912459474919752
SolovevNSTX	dg³³dx₂	0
SolovevNSTX	dg³³dx₃	0
SolovevNSTX	dg³¹dx₁	0
SolovevNSTX	dg³¹dx₂	0
SolovevNSTX	dg³¹dx₃	0
SolovevNSTX	dg¹²dx₁	0
SolovevNSTX	dg¹²dx₂	0
SolovevNSTX	dg¹²dx₃	0
SolovevNSTX	dg¹³dx₁	0
SolovevNSTX	dg¹³dx₂	0
SolovevNSTX	dg¹³dx₃	0
SolovevNSTX	dg¹¹dx₁	0
SolovevNSTX	dg¹¹dx₂	0
SolovevNSTX	dg¹¹dx₃	0
SolovevNSTX	dg₁₁dx₁	0
SolovevNSTX	dg₁₁dx₂	0
SolovevNSTX	dg₁₁dx₃	0
SolovevNSTX	dg₁₂dx₁	0
SolovevNSTX	dg₁₂dx₂	0
SolovevNSTX	dg₁₂dx₃	0
SolovevNSTX	dg₁₃dx₁	0
SolovevNSTX	dg₁₃dx₂	0
SolovevNSTX	dg₁₃dx₃	0
SolovevNSTX	dg₂₁dx₁	0
SolovevNSTX	dg₂₁dx₂	0
SolovevNSTX	dg₂₁dx₃	0
SolovevNSTX	dg₂₂dx₁	0
SolovevNSTX	dg₂₂dx₂	0
SolovevNSTX	dg₂₂dx₃	0
SolovevNSTX	dg₂₃dx₁	0
SolovevNSTX	dg₂₃dx₂	0
SolovevNSTX	dg₂₃dx₃	0
SolovevNSTX	dg₃₁dx₁	0
SolovevNSTX	dg₃₁dx₂	0
SolovevNSTX	dg₃₁dx₃	0
SolovevNSTX	dg₃₂dx₁	0
SolovevNSTX	dg₃₂dx₂	0
SolovevNSTX	dg₃₂dx₃	0
SolovevNSTX	dg₃₃dx₁	1.51725
SolovevNSTX	dg₃₃dx₂	0
SolovevNSTX	dg₃₃dx₃	0
SolovevNSTX	d²A₁dx₁dx₁	0.055069646906381595
SolovevNSTX	d²A₁dx₁dx₂	-0.11564625850340135
SolovevNSTX	d²A₁dx₁dx₃	0
SolovevNSTX	d²A₁dx₂dx₁	-0.11564625850340135
SolovevNSTX	d²A₁dx₂dx₂	0
SolovevNSTX	d²A₁dx₂dx₃	0
SolovevNSTX	d²A₁dx₃dx₁	0
SolovevNSTX	d²A₁dx₃dx₂	0
SolovevNSTX	d²A₁dx₃dx₃	0
SolovevNSTX	d²A₂dx₁dx₁	0.11564625850340135
SolovevNSTX	d²A₂dx₁dx₂	0
SolovevNSTX	d²A₂dx₁dx₃	0
SolovevNSTX	d²A₂dx₂dx₁	0
SolovevNSTX	d²A₂dx₂dx₂	0
SolovevNSTX	d²A₂dx₂dx₃	0
SolovevNSTX	d²A₂dx₃dx₁	0
SolovevNSTX	d²A₂dx₃dx₂	0
SolovevNSTX	d²A₂dx₃dx₃	0
SolovevNSTX	d²A₃dx₁dx₁	0.79131480205160742
SolovevNSTX	d²A₃dx₁dx₂	0.058966689838409289
SolovevNSTX	d²A₃dx₁dx₃	0
SolovevNSTX	d²A₃dx₂dx₁	0.058966689838409289
SolovevNSTX	d²A₃dx₂dx₂	0.18705978040369742
SolovevNSTX	d²A₃dx₂dx₃	0
SolovevNSTX	d²A₃dx₃dx₁	0
SolovevNSTX	d²A₃dx₃dx₂	0
SolovevNSTX	d²A₃dx₃dx₃	0
SolovevNSTX	d²Bdx₁dx₁	3.8867992757700494
SolovevNSTX	d²Bdx₁dx₂	0.31776817124198292
SolovevNSTX	d²Bdx₁dx₃	0
SolovevNSTX	d²Bdx₂dx₁	0.31776817124198292
SolovevNSTX	d²Bdx₂dx₂	0.1706283531982134
SolovevNSTX	d²Bdx₂dx₃	0
SolovevNSTX	d²Bdx₃dx₁	0
SolovevNSTX	d²Bdx₃dx₂	0
SolovevNSTX	d²Bdx₃dx₃	0
SolovevNSTX	d²b₁dx₁dx₁	1.1820980574283242
SolovevNSTX	d²b₁dx₁dx₂	-0.72789812136057919
SolovevNSTX	d²b₁dx₁dx₃	0
SolovevNSTX	d²b₁dx₂dx₁	-0.72789812136057908
SolovevNSTX	d²b₁dx₂dx₂	0.10660477944223029
SolovevNSTX	d²b₁dx₂dx₃	0
SolovevNSTX	d²b₁dx₃dx₁	0
SolovevNSTX	d²b₁dx₃dx₂	0
SolovevNSTX	d²b₁dx₃dx₃	0
SolovevNSTX	d²b₂dx₁dx₁	3.5884691452344017
SolovevNSTX	d²b₂dx₁dx₂	-0.068509354418716417
SolovevNSTX	d²b₂dx₁dx₃	0
SolovevNSTX	d²b₂dx₂dx₁	-0.068509354418716417
SolovevNSTX	d²b₂dx₂dx₂	0.76716273664262913
SolovevNSTX	d²b₂dx₂dx₃	0
SolovevNSTX	d²b₂dx₃dx₁	0
SolovevNSTX	d²b₂dx₃dx₂	0
SolovevNSTX	d²b₂dx₃dx₃	0
SolovevNSTX	d²b₃dx₁dx₁	-7.4898856485552887
SolovevNSTX	d²b₃dx₁dx₂	-1.0328659273457637
SolovevNSTX	d²b₃dx₁dx₃	0
SolovevNSTX	d²b₃dx₂dx₁	-1.0328659273457637
SolovevNSTX	d²b₃dx₂dx₂	-0.41500923374634135
SolovevNSTX	d²b₃dx₂dx₃	0
SolovevNSTX	d²b₃dx₃dx₁	0
SolovevNSTX	d²b₃dx₃dx₂	0
SolovevNSTX	d²b₃dx₃dx₃	0
SolovevNSTX	d²g²²dx₁dx₁	0
SolovevNSTX	d²g²²dx₁dx₂	0
SolovevNSTX	d²g²²dx₁dx₃	0
SolovevNSTX	d²g²²dx₂dx₁	0
SolovevNSTX	d²g²²dx₂dx₂	0
SolovevNSTX	d²g²²dx₂dx₃	0
SolovevNSTX	d²g²²dx₃dx₁	0
SolovevNSTX	d²g²²dx₃dx₂	0
SolovevNSTX	d²g²²dx₃dx₃	0
SolovevNSTX	d²g²³dx₁dx₁	0
SolovevNSTX	d²g²³dx₁dx₂	0
SolovevNSTX	d²g²³dx₁dx₃	0
SolovevNSTX	d²g²³dx₂dx₁	0
SolovevNSTX	d²g²³dx₂dx₂	0
SolovevNSTX	d²g²³dx₂dx₃	0
SolovevNSTX	d²g²³dx₃dx₁	0
SolovevNSTX	d²g²³dx₃dx₂	0
SolovevNSTX	d²g²³dx₃dx₃	0
SolovevNSTX	d²g²¹dx₁dx₁	0
SolovevNSTX	d²g²¹dx₁dx₂	0
SolovevNSTX	d²g²¹dx₁dx₃	0
SolovevNSTX	d²g²¹dx₂dx₁	0
SolovevNSTX	d²g²¹dx₂dx₂	0
SolovevNSTX	d²g²¹dx₂dx₃	0
SolovevNSTX	d²g²¹dx₃dx₁	0
SolovevNSTX	d²g²¹dx₃dx₂	0
SolovevNSTX	d²g²¹dx₃dx₃	0
SolovevNSTX	d²g³²dx₁dx₁	0
SolovevNSTX	d²g³²dx₁dx₂	0
SolovevNSTX	d²g³²dx₁dx₃	0
SolovevNSTX	d²g³²dx₂dx₁	0
SolovevNSTX	d²g³²dx₂dx₂	0
SolovevNSTX	d²g³²dx₂dx₃	0
SolovevNSTX	d²g³²dx₃dx₁	0
SolovevNSTX	d²g³²dx₃dx₂	0
SolovevNSTX	d²g³²dx₃dx₃	0
SolovevNSTX	d²g³³dx₁dx₁	6.8321312785485011
SolovevNSTX	d²g³³dx₁dx₂	0
SolovevNSTX	d²g³³dx₁dx₃	0
SolovevNSTX	d²g³³dx₂dx₁	0
SolovevNSTX	d²g³³dx₂dx₂	0
SolovevNSTX	d²g³³dx₂dx₃	0
SolovevNSTX	d²g³³dx₃dx₁	0
SolovevNSTX	d²g³³dx₃dx₂	0
SolovevNSTX	d²g³³dx₃dx₃	0
SolovevNSTX	d²g³¹dx₁dx₁	0
SolovevNSTX	d²g³¹dx₁dx₂	0
SolovevNSTX	d²g³¹dx₁dx₃	0
SolovevNSTX	d²g³¹dx₂dx₁	0
SolovevNSTX	d²g³¹dx₂dx₂	0
SolovevNSTX	d²g³¹dx₂dx₃	0
SolovevNSTX	d²g³¹dx₃dx₁	0
SolovevNSTX	d²g³¹dx₃dx₂	0
SolovevNSTX	d²g³¹dx₃dx₃	0
SolovevNSTX	d²g¹²dx₁dx₁	0
SolovevNSTX	d²g¹²dx₁dx₂	0
SolovevNSTX	d²g¹²dx₁dx₃	0
SolovevNSTX	d²g¹²dx₂dx₁	0
SolovevNSTX	d²g¹²dx₂dx₂	0
SolovevNSTX	d²g¹²dx₂dx₃	0
SolovevNSTX	d²g¹²dx₃dx₁	0
SolovevNSTX	d²g¹²dx₃dx₂	0
SolovevNSTX	d²g¹²dx₃dx₃	0
SolovevNSTX	d²g¹³dx₁dx₁	0
SolovevNSTX	d²g¹³dx₁dx₂	0
SolovevNSTX	d²g¹³dx₁dx₃	0
SolovevNSTX	d²g¹³dx₂dx₁	0
SolovevNSTX	d²g¹³dx₂dx₂	0
SolovevNSTX	d²g¹³dx₂dx₃	0
SolovevNSTX	d²g¹³dx₃dx₁	0
SolovevNSTX	d²g¹³dx₃dx₂	0
SolovevNSTX	d²g¹³dx₃dx₃	0
SolovevNSTX	d²g¹¹dx₁dx₁	0
SolovevNSTX	d²g¹¹dx₁dx₂	0
SolovevNSTX	d²g¹¹dx₁dx₃	0
SolovevNSTX	d²g¹¹dx₂dx₁	0
SolovevNSTX	d²g¹¹dx₂dx₂	0
SolovevNSTX	d²g¹¹dx₂dx₃	0
SolovevNSTX	d²g¹¹dx₃dx₁	0
SolovevNSTX	d²g¹¹dx₃dx₂	0
SolovevNSTX	d²g¹¹dx₃dx₃	0
SolovevNSTX	d²g₁₁dx₁dx₁	0
SolovevNSTX	d²g₁₁dx₁dx₂	0
SolovevNSTX	d²g₁₁dx₁dx₃	0
SolovevNSTX	d²g₁₁dx₂dx₁	0
SolovevNSTX	d²g₁₁dx₂dx₂	0
SolovevNSTX	d²g₁₁dx₂dx₃	0
SolovevNSTX	d²g₁₁dx₃dx₁	0
SolovevNSTX	d²g₁₁dx₃dx₂	0
SolovevNSTX	d²g₁₁dx₃dx₃	0
SolovevNSTX	d²g₁₂dx₁dx₁	0
SolovevNSTX	d²g₁₂dx₁dx₂	0
SolovevNSTX	d²g₁₂dx₁dx₃	0
SolovevNSTX	d²g₁₂dx₂dx₁	0
SolovevNSTX	d²g₁₂dx₂dx₂	0
SolovevNSTX	d²g₁₂dx₂dx₃	0
SolovevNSTX	d²g₁₂dx₃dx₁	0
SolovevNSTX	d²g₁₂dx₃dx₂	0
SolovevNSTX	d²g₁₂dx₃dx₃	0
SolovevNSTX	d²g₁₃dx₁dx₁	0
SolovevNSTX	d²g₁₃dx₁dx₂	0
SolovevNSTX	d²g₁₃dx₁dx₃	0
SolovevNSTX	d²g₁₃dx₂dx₁	0
SolovevNSTX	d²g₁₃dx₂dx₂	0
SolovevNSTX	d²g₁₃dx₂dx₃	0
SolovevNSTX	d²g₁₃dx₃dx₁	0
SolovevNSTX	d²g₁₃dx₃dx₂	0
SolovevNSTX	d²g₁₃dx₃dx₃	0
SolovevNSTX	d²g₂₁dx₁dx₁	0
SolovevNSTX	d²g₂₁dx₁dx₂	0
SolovevNSTX	d²g₂₁dx₁dx₃	0
SolovevNSTX	d²g₂₁dx₂dx₁	0
SolovevNSTX	d²g₂₁dx₂dx₂	0
SolovevNSTX	d²g₂₁dx₂dx₃	0
SolovevNSTX	d²g₂₁dx₃dx₁	0
SolovevNSTX	d²g₂₁dx₃dx₂	0
SolovevNSTX	d²g₂₁dx₃dx₃	0
SolovevNSTX	d²g₂₂dx₁dx₁	0
SolovevNSTX	d²g₂₂dx₁dx₂	0
SolovevNSTX	d²g₂₂dx₁dx₃	0
SolovevNSTX	d²g₂₂dx₂dx₁	0
SolovevNSTX	d²g₂₂dx₂dx₂	0
SolovevNSTX	d²g₂₂dx₂dx₃	0
SolovevNSTX	d²g₂₂dx₃dx₁	0
SolovevNSTX	d²g₂₂dx₃dx₂	0
SolovevNSTX	d²g₂₂dx₃dx₃	0
SolovevNSTX	d²g₂₃dx₁dx₁	0
SolovevNSTX	d²g₂₃dx₁dx₂	0
SolovevNSTX	d²g₂₃dx₁dx₃	0
SolovevNSTX	d²g₂₃dx₂dx₁	0
SolovevNSTX	d²g₂₃dx₂dx₂	0
SolovevNSTX	d²g₂₃dx₂dx₃	0
SolovevNSTX	d²g₂₃dx₃dx₁	0
SolovevNSTX	d²g₂₃dx₃dx₂	0
SolovevNSTX	d²g₂₃dx₃dx₃	0
SolovevNSTX	d²g₃₁dx₁dx₁	0
SolovevNSTX	d²g₃₁dx₁dx₂	0
SolovevNSTX	d²g₃₁dx₁dx₃	0
SolovevNSTX	d²g₃₁dx₂dx₁	0
SolovevNSTX	d²g₃₁dx₂dx₂	0
SolovevNSTX	d²g₃₁dx₂dx₃	0
SolovevNSTX	d²g₃₁dx₃dx₁	0
SolovevNSTX	d²g₃₁dx₃dx₂	0
SolovevNSTX	d²g₃₁dx₃dx₃	0
SolovevNSTX	d²g₃₂dx₁dx₁	0
SolovevNSTX	d²g₃₂dx₁dx₂	0
SolovevNSTX	d²g₃₂dx₁dx₃	0
SolovevNSTX	d²g₃₂dx₂dx₁	0
SolovevNSTX	d²g₃₂dx₂dx₂	0
SolovevNSTX	d²g₃₂dx₂dx₃	0
SolovevNSTX	d²g₃₂dx₃dx₁	0
SolovevNSTX	d²g₃₂dx₃dx₂	0
SolovevNSTX	d²g₃₂dx₃dx₃	0
SolovevNSTX	d²g₃₃dx₁dx₁	1.4449999999999998
SolovevNSTX	d²g₃₃dx₁dx₂	0
SolovevNSTX	d²g₃₃dx₁dx₃	0
SolovevNSTX	d²g₃₃dx₂dx₁	0
SolovevNSTX	d²g₃₃dx₂dx₂	0
SolovevNSTX	d²g₃₃dx₂dx₃	0
SolovevNSTX	d²g₃₃dx₃dx₁	0
SolovevNSTX	d²g₃₃dx₃dx₂	0
SolovevNSTX	d²g₃₃dx₃dx₃	0
SolovevNSTX	g²²	1.3840830449826991
SolovevNSTX	g²³	0
SolovevNSTX	g²¹	0
SolovevNSTX	g³²	0
SolovevNSTX	g³³	1.255404122433287
SolovevNSTX	g³¹	0
SolovevNSTX	g¹²	0
SolovevNSTX	g¹³	0
SolovevNSTX	g¹¹	1.3840830449826991
SolovevNSTX	g₁₁	0.72249999999999992
SolovevNSTX	g₁₂	0
SolovevNSTX	g₁₃	0
SolovevNSTX	g₂₁	0
SolovevNSTX	g₂₂	0.72249999999999992
SolovevNSTX	g₂₃	0
SolovevNSTX	g₃₁	0
SolovevNSTX	g₃₂	0
SolovevNSTX	g₃₃	0.79655624999999997
SolovevNSTX	maxx²	Inf
SolovevNSTX	maxx³	6.2831853071795862
SolovevNSTX	maxx¹	Inf
SolovevNSTX	minx²	-Inf
SolovevNSTX	minx³	0
SolovevNSTX	minx¹	-Inf
SolovevNSTX	orientation	-1
SolovevNSTX	r	0.21670832932769332
SolovevNSTX	r²	0.04696249999999999
SolovevNSTX	x²	0.42788729320425117
SolovevNSTX	x³	0.21249999999999999
SolovevNSTX	x¹	0.78324243648715763
SolovevNSTX	θ	1.3734007669450159
SolovevNSTX	ξ²	0.58823529411764708
SolovevNSTX	ξ³	0.23374318086890142
SolovevNSTX	ξ¹	1.2698254791131121
SolovevNSTX	φ	0
SolovevNSTX	ϕ	0.5
SolovevFRC	A²	0
SolovevFRC	A³	-0.35119061948564906
SolovevFRC	A¹	0
SolovevFRC	A₁	0
SolovevFRC	A₂	0
SolovevFRC	A₃	-0.38718765798292809
SolovevFRC	B	0.43107705998267176
SolovevFRC	B²	-0.43105827047941847
SolovevFRC	B³	0
SolovevFRC	B¹	-0.0040248098832771544
SolovevFRC	B₁	-0.0040248098832771544
SolovevFRC	B₁₁	0
SolovevFRC	B₁₂	0
SolovevFRC	B₁₃	-0.2263055920016947
SolovevFRC	B₂	-0.43105827047941847
SolovevFRC	B₂₁	0
SolovevFRC	B₂₂	0
SolovevFRC	B₂₃	0.0021130251887205059
SolovevFRC	B₃	0
SolovevFRC	B₃₁	0.22630559200169459
SolovevFRC	B₃₂	-0.0021130251887205059
SolovevFRC	B₃₃	0
SolovevFRC	B₍₁₎	-0.0035321029684880568
SolovevFRC	B₍₂₎	-0.0019295966460696689
SolovevFRC	B₍₃₎	-0.43105827047941847
SolovevFRC	DF̄₁₁	0.87758256189037276
SolovevFRC	DF̄₁₂	0.47942553860420301
SolovevFRC	DF̄₁₃	0
SolovevFRC	DF̄₂₁	0
SolovevFRC	DF̄₂₂	0
SolovevFRC	DF̄₂₃	1
SolovevFRC	DF̄₃₁	-0.45659575105162187
SolovevFRC	DF̄₃₂	0.8357929160860692
SolovevFRC	DF̄₃₃	0
SolovevFRC	DF₁₁	0.87758256189037276
SolovevFRC	DF₁₂	0
SolovevFRC	DF₁₃	-0.50339681553441318
SolovevFRC	DF₂₁	0.47942553860420301
SolovevFRC	DF₂₂	0
SolovevFRC	DF₂₃	0.92146168998489142
SolovevFRC	DF₃₁	0
SolovevFRC	DF₃₂	1
SolovevFRC	DF₃₃	0
SolovevFRC	E²	0
SolovevFRC	E³	0
SolovevFRC	E¹	0
SolovevFRC	E₁	0
SolovevFRC	E₂	0
SolovevFRC	E₃	0
SolovevFRC	J	1.05
SolovevFRC	R	1.05
SolovevFRC	X	0.92146168998489142
SolovevFRC	Y	0.50339681553441318
SolovevFRC	Z	0.25
SolovevFRC	a²	0
SolovevFRC	a³	0.95238095238095244
SolovevFRC	a¹	0
SolovevFRC	a₁	0
SolovevFRC	a₂	0
SolovevFRC	a₃	1.0500000000000003
SolovevFRC	a₍₁₎	-0.47942553860420306
SolovevFRC	a₍₂₎	0.87758256189037287
SolovevFRC	a₍₃₎	0
SolovevFRC	b²	-0.99995641265797341
SolovevFRC	b³	0
SolovevFRC	b¹	-0.0093366366640779772
SolovevFRC	b₁	-0.0093366366640779772
SolovevFRC	b₂	-0.99995641265797341
SolovevFRC	b₃	0
SolovevFRC	b₍₁₎	-0.0081936695231011342
SolovevFRC	b₍₂₎	-0.004476222061427333
SolovevFRC	b₍₃₎	-0.99995641265797341
SolovevFRC	c²	-0.0093366366640779755
SolovevFRC	c³	0
SolovevFRC	c¹	0.99995641265797353
SolovevFRC	c₁	0.99995641265797353
SolovevFRC	c₂	-0.0093366366640779755
SolovevFRC	c₃	0
SolovevFRC	c₍₁₎	0.8775443103990912
SolovevFRC	c₍₂₎	0.4794046417192756
SolovevFRC	c₍₃₎	-0.0093366366640779755
SolovevFRC	dA₁dx₁	0
SolovevFRC	dA₁dx₂	0
SolovevFRC	dA₁dx₃	0
SolovevFRC	dA₂dx₁	0
SolovevFRC	dA₂dx₂	0
SolovevFRC	dA₂dx₃	0
SolovevFRC	dA₃dx₁	-0.45261118400338918
SolovevFRC	dA₃dx₂	0.0042260503774410119
SolovevFRC	dA₃dx₃	0
SolovevFRC	dBdx₁	-1.0338351521831051
SolovevFRC	dBdx₂	-0.0075643030151445146
SolovevFRC	dBdx₃	0
SolovevFRC	dB₁dx₁	-0.0038816531877116675
SolovevFRC	dB₁dx₂	-0.016083540561081088
SolovevFRC	dB₁dx₃	0
SolovevFRC	dB₂dx₁	1.0339164594389192
SolovevFRC	dB₂dx₂	0.0077148054574994332
SolovevFRC	dB₂dx₃	0
SolovevFRC	dB₃dx₁	0
SolovevFRC	dB₃dx₂	0
SolovevFRC	dB₃dx₃	0
SolovevFRC	dE₁dx₁	0
SolovevFRC	dE₁dx₂	0
SolovevFRC	dE₁dx₃	0
SolovevFRC	dE₂dx₁	0
SolovevFRC	dE₂dx₂	0
SolovevFRC	dE₂dx₃	0
SolovevFRC	dE₃dx₁	0
SolovevFRC	dE₃dx₂	0
SolovevFRC	dE₃dx₃	0
SolovevFRC	db₁dx₁	-0.031396234294492779
SolovevFRC	db₁dx₂	-0.037473962800525361
SolovevFRC	db₁dx₃	0
SolovevFRC	db₂dx₁	0.00029314800977064959
SolovevFRC	db₂dx₂	0.00034989602606943712
SolovevFRC	db₂dx₃	0
SolovevFRC	db₃dx₁	0
SolovevFRC	db₃dx₂	0
SolovevFRC	db₃dx₃	0
SolovevFRC	db₍₁₎dx₁	-0.027552787725871355
SolovevFRC	db₍₁₎dx₂	-0.032886496278669575
SolovevFRC	db₍₁₎dx₃	0.004476222061427333
SolovevFRC	db₍₂₎dx₁	-0.015052156536780947
SolovevFRC	db₍₂₎dx₂	-0.017965974799275738
SolovevFRC	db₍₂₎dx₃	-0.0081936695231011342
SolovevFRC	db₍₃₎dx₁	0.00029314800977064959
SolovevFRC	db₍₃₎dx₂	0.00034989602606943712
SolovevFRC	db₍₃₎dx₃	0
SolovevFRC	dg²²dx₁	0
SolovevFRC	dg²²dx₂	0
SolovevFRC	dg²²dx₃	0
SolovevFRC	dg²³dx₁	0
SolovevFRC	dg²³dx₂	0
SolovevFRC	dg²³dx₃	0
SolovevFRC	dg²¹dx₁	0
SolovevFRC	dg²¹dx₂	0
SolovevFRC	dg²¹dx₃	0
SolovevFRC	dg³²dx₁	0
SolovevFRC	dg³²dx₂	0
SolovevFRC	dg³²dx₃	0
SolovevFRC	dg³³dx₁	-1.727675197062952
SolovevFRC	dg³³dx₂	0
SolovevFRC	dg³³dx₃	0
SolovevFRC	dg³¹dx₁	0
SolovevFRC	dg³¹dx₂	0
SolovevFRC	dg³¹dx₃	0
SolovevFRC	dg¹²dx₁	0
SolovevFRC	dg¹²dx₂	0
SolovevFRC	dg¹²dx₃	0
SolovevFRC	dg¹³dx₁	0
SolovevFRC	dg¹³dx₂	0
SolovevFRC	dg¹³dx₃	0
SolovevFRC	dg¹¹dx₁	0
SolovevFRC	dg¹¹dx₂	0
SolovevFRC	dg¹¹dx₃	0
SolovevFRC	dg₁₁dx₁	0
SolovevFRC	dg₁₁dx₂	0
SolovevFRC	dg₁₁dx₃	0
SolovevFRC	dg₁₂dx₁	0
SolovevFRC	dg₁₂dx₂	0
SolovevFRC	dg₁₂dx₃	0
SolovevFRC	dg₁₃dx₁	0
SolovevFRC	dg₁₃dx₂	0
SolovevFRC	dg₁₃dx₃	0
SolovevFRC	dg₂₁dx₁	0
SolovevFRC	dg₂₁dx₂	0
SolovevFRC	dg₂₁dx₃	0
SolovevFRC	dg₂₂dx₁	0
SolovevFRC	dg₂₂dx₂	0
SolovevFRC	dg₂₂dx₃	0
SolovevFRC	dg₂₃dx₁	0
SolovevFRC	dg₂₃dx₂	0
SolovevFRC	dg₂₃dx₃	0
SolovevFRC	dg₃₁dx₁	0
SolovevFRC	dg₃₁dx₂	0
SolovevFRC	dg₃₁dx₃	0
SolovevFRC	dg₃₂dx₁	0
SolovevFRC	dg₃₂dx₂	0
SolovevFRC	dg₃₂dx₃	0
SolovevFRC	dg₃₃dx₁	2.1000000000000001
SolovevFRC	dg₃₃dx₂	0
SolovevFRC	dg₃₃dx₃	0
SolovevFRC	d²A₁dx₁dx₁	0
SolovevFRC	d²A₁dx₁dx₂	0
SolovevFRC	d²A₁dx₁dx₃	0
SolovevFRC	d²A₁dx₂dx₁	0
SolovevFRC	d²A₁dx₂dx₂	0
SolovevFRC	d²A₁dx₂dx₃	0
SolovevFRC	d²A₁dx₃dx₁	0
SolovevFRC	d²A₁dx₃dx₂	0
SolovevFRC	d²A₁dx₃dx₃	0
SolovevFRC	d²A₂dx₁dx₁	0
SolovevFRC	d²A₂dx₁dx₂	0
SolovevFRC	d²A₂dx₁dx₃	0
SolovevFRC	d²A₂dx₂dx₁	0
SolovevFRC	d²A₂dx₂dx₂	0
SolovevFRC	d²A₂dx₂dx₃	0
SolovevFRC	d²A₂dx₃dx₁	0
SolovevFRC	d²A₂dx₃dx₂	0
SolovevFRC	d²A₂dx₃dx₃	0
SolovevFRC	d²A₃dx₁dx₁	0.65455401193144669
SolovevFRC	d²A₃dx₁dx₂	0.0081005457303744057
SolovevFRC	d²A₃dx₁dx₃	0
SolovevFRC	d²A₃dx₂dx₁	0.0081005457303744057
SolovevFRC	d²A₃dx₂dx₂	0.01688771758913514
SolovevFRC	d²A₃dx₂dx₃	0
SolovevFRC	d²A₃dx₃dx₁	0
SolovevFRC	d²A₃dx₃dx₂	0
SolovevFRC	d²A₃dx₃dx₃	0
SolovevFRC	d²Bdx₁dx₁	-0.98401881527539459
SolovevFRC	d²Bdx₁dx₂	0.00046367810755729155
SolovevFRC	d²Bdx₁dx₃	0
SolovevFRC	d²Bdx₂dx₁	0.00046367810755729155
SolovevFRC	d²Bdx₂dx₂	-0.030224645449927347
SolovevFRC	d²Bdx₂dx₃	0
SolovevFRC	d²Bdx₃dx₁	0
SolovevFRC	d²Bdx₃dx₂	0
SolovevFRC	d²Bdx₃dx₃	0
SolovevFRC	d²b₁dx₁dx₁	-0.17223528477733735
SolovevFRC	d²b₁dx₁dx₂	-0.12639746483953493
SolovevFRC	d²b₁dx₁dx₃	0
SolovevFRC	d²b₁dx₂dx₁	-0.1263974648395349
SolovevFRC	d²b₁dx₂dx₂	-0.0015327683720608087
SolovevFRC	d²b₁dx₂dx₃	0
SolovevFRC	d²b₁dx₃dx₁	0
SolovevFRC	d²b₁dx₃dx₂	0
SolovevFRC	d²b₁dx₃dx₃	0
SolovevFRC	d²b₂dx₁dx₁	0.0025940208048047531
SolovevFRC	d²b₂dx₁dx₂	0.0023568738216847504
SolovevFRC	d²b₂dx₁dx₃	0
SolovevFRC	d²b₂dx₂dx₁	0.0023568738216847504
SolovevFRC	d²b₂dx₂dx₂	0.0014187930580026281
SolovevFRC	d²b₂dx₂dx₃	0
SolovevFRC	d²b₂dx₃dx₁	0
SolovevFRC	d²b₂dx₃dx₂	0
SolovevFRC	d²b₂dx₃dx₃	0
SolovevFRC	d²b₃dx₁dx₁	0
SolovevFRC	d²b₃dx₁dx₂	0
SolovevFRC	d²b₃dx₁dx₃	0
SolovevFRC	d²b₃dx₂dx₁	0
SolovevFRC	d²b₃dx₂dx₂	0
SolovevFRC	d²b₃dx₂dx₃	0
SolovevFRC	d²b₃dx₃dx₁	0
SolovevFRC	d²b₃dx₃dx₂	0
SolovevFRC	d²b₃dx₃dx₃	0
SolovevFRC	d²g²²dx₁dx₁	0
SolovevFRC	d²g²²dx₁dx₂	0
SolovevFRC	d²g²²dx₁dx₃	0
SolovevFRC	d²g²²dx₂dx₁	0
SolovevFRC	d²g²²dx₂dx₂	0
SolovevFRC	d²g²²dx₂dx₃	0
SolovevFRC	d²g²²dx₃dx₁	0
SolovevFRC	d²g²²dx₃dx₂	0
SolovevFRC	d²g²²dx₃dx₃	0
SolovevFRC	d²g²³dx₁dx₁	0
SolovevFRC	d²g²³dx₁dx₂	0
SolovevFRC	d²g²³dx₁dx₃	0
SolovevFRC	d²g²³dx₂dx₁	0
SolovevFRC	d²g²³dx₂dx₂	0
SolovevFRC	d²g²³dx₂dx₃	0
SolovevFRC	d²g²³dx₃dx₁	0
SolovevFRC	d²g²³dx₃dx₂	0
SolovevFRC	d²g²³dx₃dx₃	0
SolovevFRC	d²g²¹dx₁dx₁	0
SolovevFRC	d²g²¹dx₁dx₂	0
SolovevFRC	d²g²¹dx₁dx₃	0
SolovevFRC	d²g²¹dx₂dx₁	0
SolovevFRC	d²g²¹dx₂dx₂	0
SolovevFRC	d²g²¹dx₂dx₃	0
SolovevFRC	d²g²¹dx₃dx₁	0
SolovevFRC	d²g²¹dx₃dx₂	0
SolovevFRC	d²g²¹dx₃dx₃	0
SolovevFRC	d²g³²dx₁dx₁	0
SolovevFRC	d²g³²dx₁dx₂	0
SolovevFRC	d²g³²dx₁dx₃	0
SolovevFRC	d²g³²dx₂dx₁	0
SolovevFRC	d²g³²dx₂dx₂	0
SolovevFRC	d²g³²dx₂dx₃	0
SolovevFRC	d²g³²dx₃dx₁	0
SolovevFRC	d²g³²dx₃dx₂	0
SolovevFRC	d²g³²dx₃dx₃	0
SolovevFRC	d²g³³dx₁dx₁	4.9362148487512911
SolovevFRC	d²g³³dx₁dx₂	0
SolovevFRC	d²g³³dx₁dx₃	0
SolovevFRC	d²g³³dx₂dx₁	0
SolovevFRC	d²g³³dx₂dx₂	0
SolovevFRC	d²g³³dx₂dx₃	0
SolovevFRC	d²g³³dx₃dx₁	0
SolovevFRC	d²g³³dx₃dx₂	0
SolovevFRC	d²g³³dx₃dx₃	0
SolovevFRC	d²g³¹dx₁dx₁	0
SolovevFRC	d²g³¹dx₁dx₂	0
SolovevFRC	d²g³¹dx₁dx₃	0
SolovevFRC	d²g³¹dx₂dx₁	0
SolovevFRC	d²g³¹dx₂dx₂	0
SolovevFRC	d²g³¹dx₂dx₃	0
SolovevFRC	d²g³¹dx₃dx₁	0
SolovevFRC	d²g³¹dx₃dx₂	0
SolovevFRC	d²g³¹dx₃dx₃	0
SolovevFRC	d²g¹²dx₁dx₁	0
SolovevFRC	d²g¹²dx₁dx₂	0
SolovevFRC	d²g¹²dx₁dx₃	0
SolovevFRC	d²g¹²dx₂dx₁	0
SolovevFRC	d²g¹²dx₂dx₂	0
SolovevFRC	d²g¹²dx₂dx₃	0
SolovevFRC	d²g¹²dx₃dx₁	0
SolovevFRC	d²g¹²dx₃dx₂	0
SolovevFRC	d²g¹²dx₃dx₃	0
SolovevFRC	d²g¹³dx₁dx₁	0
SolovevFRC	d²g¹³dx₁dx₂	0
SolovevFRC	d²g¹³dx₁dx₃	0
SolovevFRC	d²g¹³dx₂dx₁	0
SolovevFRC	d²g¹³dx₂dx₂	0
SolovevFRC	d²g¹³dx₂dx₃	0
SolovevFRC	d²g¹³dx₃dx₁	0
SolovevFRC	d²g¹³dx₃dx₂	0
SolovevFRC	d²g¹³dx₃dx₃	0
SolovevFRC	d²g¹¹dx₁dx₁	0
SolovevFRC	d²g¹¹dx₁dx₂	0
SolovevFRC	d²g¹¹dx₁dx₃	0
SolovevFRC	d²g¹¹dx₂dx₁	0
SolovevFRC	d²g¹¹dx₂dx₂	0
SolovevFRC	d²g¹¹dx₂dx₃	0
SolovevFRC	d²g¹¹dx₃dx₁	0
SolovevFRC	d²g¹¹dx₃dx₂	0
SolovevFRC	d²g¹¹dx₃dx₃	0
SolovevFRC	d²g₁₁dx₁dx₁	0
SolovevFRC	d²g₁₁dx₁dx₂	0
SolovevFRC	d²g₁₁dx₁dx₃	0
SolovevFRC	d²g₁₁dx₂dx₁	0
SolovevFRC	d²g₁₁dx₂dx₂	0
SolovevFRC	d²g₁₁dx₂dx₃	0
SolovevFRC	d²g₁₁dx₃dx₁	0
SolovevFRC	d²g₁₁dx₃dx₂	0
SolovevFRC	d²g₁₁dx₃dx₃	0
SolovevFRC	d²g₁₂dx₁dx₁	0
SolovevFRC	d²g₁₂dx₁dx₂	0
SolovevFRC	d²g₁₂dx₁dx₃	0
SolovevFRC	d²g₁₂dx₂dx₁	0
SolovevFRC	d²g₁₂dx₂dx₂	0
SolovevFRC	d²g₁₂dx₂dx₃	0
SolovevFRC	d²g₁₂dx₃dx₁	0
SolovevFRC	d²g₁₂dx₃dx₂	0
SolovevFRC	d²g₁₂dx₃dx₃	0
SolovevFRC	d²g₁₃dx₁dx₁	0
SolovevFRC	d²g₁₃dx₁dx₂	0
SolovevFRC	d²g₁₃dx₁dx₃	0
SolovevFRC	d²g₁₃dx₂dx₁	0
SolovevFRC	d²g₁₃dx₂dx₂	0
SolovevFRC	d²g₁₃dx₂dx₃	0
SolovevFRC	d²g₁₃dx₃dx₁	0
SolovevFRC	d²g₁₃dx₃dx₂	0
SolovevFRC	d²g₁₃dx₃dx₃	0
SolovevFRC	d²g₂₁dx₁dx₁	0
SolovevFRC	d²g₂₁dx₁dx₂	0
SolovevFRC	d²g₂₁dx₁dx₃	0
SolovevFRC	d²g₂₁dx₂dx₁	0
SolovevFRC	d²g₂₁dx₂dx₂	0
SolovevFRC	d²g₂₁dx₂dx₃	0
SolovevFRC	d²g₂₁dx₃dx₁	0
SolovevFRC	d²g₂₁dx₃dx₂	0
SolovevFRC	d²g₂₁dx₃dx₃	0
SolovevFRC	d²g₂₂dx₁dx₁	0
SolovevFRC	d²g₂₂dx₁dx₂	0
SolovevFRC	d²g₂₂dx₁dx₃	0
SolovevFRC	d²g₂₂dx₂dx₁	0
SolovevFRC	d²g₂₂dx₂dx₂	0
SolovevFRC	d²g₂₂dx₂dx₃	0
SolovevFRC	d²g₂₂dx₃dx₁	0
SolovevFRC	d²g₂₂dx₃dx₂	0
SolovevFRC	d²g₂₂dx₃dx₃	0
SolovevFRC	d²g₂₃dx₁dx₁	0
SolovevFRC	d²g₂₃dx₁dx₂	0
SolovevFRC	d²g₂₃dx₁dx₃	0
SolovevFRC	d²g₂₃dx₂dx₁	0
SolovevFRC	d²g₂₃dx₂dx₂	0
SolovevFRC	d²g₂₃dx₂dx₃	0
SolovevFRC	d²g₂₃dx₃dx₁	0
SolovevFRC	d²g₂₃dx₃dx₂	0
SolovevFRC	d²g₂₃dx₃dx₃	0
SolovevFRC	d²g₃₁dx₁dx₁	0
SolovevFRC	d²g₃₁dx₁dx₂	0
SolovevFRC	d²g₃₁dx₁dx₃	0
SolovevFRC	d²g₃₁dx₂dx₁	0
SolovevFRC	d²g₃₁dx₂dx₂	0
SolovevFRC	d²g₃₁dx₂dx₃	0
SolovevFRC	d²g₃₁dx₃dx₁	0
SolovevFRC	d²g₃₁dx₃dx₂	0
SolovevFRC	d²g₃₁dx₃dx₃	0
SolovevFRC	d²g₃₂dx₁dx₁	0
SolovevFRC	d²g₃₂dx₁dx₂	0
SolovevFRC	d²g₃₂dx₁dx₃	0
SolovevFRC	d²g₃₂dx₂dx₁	0
SolovevFRC	d²g₃₂dx₂dx₂	0
SolovevFRC	d²g₃₂dx₂dx₃	0
SolovevFRC	d²g₃₂dx₃dx₁	0
SolovevFRC	d²g₃₂dx₃dx₂	0
SolovevFRC	d²g₃₂dx₃dx₃	0
SolovevFRC	d²g₃₃dx₁dx₁	2
SolovevFRC	d²g₃₃dx₁dx₂	0
SolovevFRC	d²g₃₃dx₁dx₃	0
SolovevFRC	d²g₃₃dx₂dx₁	0
SolovevFRC	d²g₃₃dx₂dx₂	0
SolovevFRC	d²g₃₃dx₂dx₃	0
SolovevFRC	d²g₃₃dx₃dx₁	0
SolovevFRC	d²g₃₃dx₃dx₂	0
SolovevFRC	d²g₃₃dx₃dx₃	0
SolovevFRC	g²²	1
SolovevFRC	g²³	0
SolovevFRC	g²¹	0
SolovevFRC	g³²	0
SolovevFRC	g³³	0.90702947845804982
SolovevFRC	g³¹	0
SolovevFRC	g¹²	0
SolovevFRC	g¹³	0
SolovevFRC	g¹¹	1
SolovevFRC	g₁₁	1
SolovevFRC	g₁₂	0
SolovevFRC	g₁₃	0
SolovevFRC	g₂₁	0
SolovevFRC	g₂₂	1
SolovevFRC	g₂₃	0
SolovevFRC	g₃₁	0
SolovevFRC	g₃₂	0
SolovevFRC	g₃₃	1.1025
SolovevFRC	maxx²	Inf
SolovevFRC	maxx³	6.2831853071795862
SolovevFRC	maxx¹	Inf
SolovevFRC	minx²	-Inf
SolovevFRC	minx³	0
SolovevFRC	minx¹	-Inf
SolovevFRC	orientation	-1
SolovevFRC	r	0.25495097567963926
SolovevFRC	r²	0.065000000000000002
SolovevFRC	x²	0.50339681553441318
SolovevFRC	x³	0.25
SolovevFRC	x¹	0.92146168998489142
SolovevFRC	θ	1.3734007669450157
SolovevFRC	ξ²	0.5
SolovevFRC	ξ³	0.23374318086890142
SolovevFRC	ξ¹	1.0793516572461452
SolovevFRC	φ	0
SolovevFRC	ϕ	0.5
SolovevXpointITER	A²	-0.02085386049177337
SolovevXpointITER	A³	-0.00064938287668264932
SolovevXpointITER	A¹	0.10176651305683561
SolovevXpointITER	A₁	3.9119047619047618
SolovevXpointITER	A₂	-0.8016223973037685
SolovevXpointITER	A₃	-0.027520911252098351
SolovevXpointITER	B	0.81413439230706663
SolovevXpointITER	B²	8.7885070918706024e-05
SolovevXpointITER	B³	0.12505869500071962
SolovevXpointITER	B¹	-0.00029864117608702673
SolovevXpointITER	B₁	-0.011479766808785308
SolovevXpointITER	B₁₁	0
SolovevXpointITER	B₁₂	-15.647619047619047
SolovevXpointITER	B₁₃	0.010996373420504524
SolovevXpointITER	B₂	0.0033783021261150599
SolovevXpointITER	B₂₁	15.647619047619047
SolovevXpointITER	B₂₂	0
SolovevXpointITER	B₂₃	0.03736664096259619
SolovevXpointITER	B₃	5.2999999999999989
SolovevXpointITER	B₃₁	-0.010996373420504411
SolovevXpointITER	B₃₂	-0.03736664096259619
SolovevXpointITER	B₃₃	0
SolovevXpointITER	B₍₁₎	-0.39194063286121816
SolovevXpointITER	B₍₂₎	0.71358044546303423
SolovevXpointITER	B₍₃₎	0.00054488743969597741
SolovevXpointITER	DF̄₁₁	0.14154557449844721
SolovevXpointITER	DF̄₁₂	0.077326699774871444
SolovevXpointITER	DF̄₁₃	0
SolovevXpointITER	DF̄₂₁	0
SolovevXpointITER	DF̄₂₂	0
SolovevXpointITER	DF̄₂₃	0.16129032258064516
SolovevXpointITER	DF̄₃₁	-0.073644475976068033
SolovevXpointITER	DF̄₃₂	0.13480530904614016
SolovevXpointITER	DF̄₃₃	0
SolovevXpointITER	DF₁₁	5.4410118837203116
SolovevXpointITER	DF₁₂	0
SolovevXpointITER	DF₁₃	-3.121060256313362
SolovevXpointITER	DF₂₁	2.9724383393460587
SolovevXpointITER	DF₂₂	0
SolovevXpointITER	DF₂₃	5.7130624779063268
SolovevXpointITER	DF₃₁	0
SolovevXpointITER	DF₃₂	6.2000000000000002
SolovevXpointITER	DF₃₃	0
SolovevXpointITER	E²	0
SolovevXpointITER	E³	0
SolovevXpointITER	E¹	0
SolovevXpointITER	E₁	0
SolovevXpointITER	E₂	0
SolovevXpointITER	E₃	0
SolovevXpointITER	J	250.24440000000004
SolovevXpointITER	R	6.5100000000000007
SolovevXpointITER	X	5.7130624779063268
SolovevXpointITER	Y	3.121060256313362
SolovevXpointITER	Z	1.55
SolovevXpointITER	a²	0.16129028645613219
SolovevXpointITER	a³	-0.00010280892785970917
SolovevXpointITER	a¹	0
SolovevXpointITER	a₁	0
SolovevXpointITER	a₂	6.1999986113737204
SolovevXpointITER	a₃	-0.0043570526435872618
SolovevXpointITER	a₍₁₎	0.00032087285873712583
SolovevXpointITER	a₍₂₎	-0.00058735382814908282
SolovevXpointITER	a₍₃₎	0.99999977602801948
SolovevXpointITER	b²	0.00010794909507465994
SolovevXpointITER	b³	0.1536093993601382
SolovevXpointITER	b¹	-0.00036682048923243182
SolovevXpointITER	b₁	-0.01410057960609468
SolovevXpointITER	b₂	0.0041495632146699287
SolovevXpointITER	b₃	6.5099817058225948
SolovevXpointITER	b₍₁₎	-0.48142006598020021
SolovevXpointITER	b₍₂₎	0.87648974445228145
SolovevXpointITER	b₍₃₎	0.00066928438946289176
SolovevXpointITER	c²	2.4550786210939156e-07
SolovevXpointITER	c³	0.00034935276864278124
SolovevXpointITER	c¹	0.16128990545256466
SolovevXpointITER	c₁	6.1999839655965863
SolovevXpointITER	c₂	9.4373222194850124e-06
SolovevXpointITER	c₃	0.014805605270357935
SolovevXpointITER	c₍₁₎	0.87648994124988588
SolovevXpointITER	c₍₂₎	0.48142017291078998
SolovevXpointITER	c₍₃₎	1.5221487450782278e-06
SolovevXpointITER	dA₁dx₁	-3.7256235827664397
SolovevXpointITER	dA₁dx₂	15.647619047619047
SolovevXpointITER	dA₁dx₃	0
SolovevXpointITER	dA₂dx₁	-15.647619047619047
SolovevXpointITER	dA₂dx₂	0
SolovevXpointITER	dA₂dx₃	0
SolovevXpointITER	dA₃dx₁	0.021992746841008822
SolovevXpointITER	dA₃dx₂	0.074733281925191922
SolovevXpointITER	dA₃dx₃	0
SolovevXpointITER	dBdx₁	-0.77534175968738983
SolovevXpointITER	dBdx₂	2.2035902965772576e-05
SolovevXpointITER	dBdx₃	0
SolovevXpointITER	dB₁dx₁	-0.018973833229893461
SolovevXpointITER	dB₁dx₂	-0.051271605390572197
SolovevXpointITER	dB₁dx₃	0
SolovevXpointITER	dB₂dx₁	0.12052370950958095
SolovevXpointITER	dB₂dx₂	0.029906944476355644
SolovevXpointITER	dB₂dx₃	0
SolovevXpointITER	dB₃dx₁	0
SolovevXpointITER	dB₃dx₂	0
SolovevXpointITER	dB₃dx₃	0
SolovevXpointITER	dE₁dx₁	0
SolovevXpointITER	dE₁dx₂	0
SolovevXpointITER	dE₁dx₃	0
SolovevXpointITER	dE₂dx₁	0
SolovevXpointITER	dE₂dx₂	0
SolovevXpointITER	dE₂dx₃	0
SolovevXpointITER	dE₃dx₁	0
SolovevXpointITER	dE₃dx₂	0
SolovevXpointITER	dE₃dx₃	0
SolovevXpointITER	db₁dx₁	-0.036734231739733669
SolovevXpointITER	db₁dx₂	-0.062976451008631848
SolovevXpointITER	db₁dx₃	0
SolovevXpointITER	db₂dx₁	0.15199092474612702
SolovevXpointITER	db₂dx₂	0.036734540782921925
SolovevXpointITER	db₂dx₃	0
SolovevXpointITER	db₃dx₁	6.1997880436200239
SolovevXpointITER	db₃dx₂	-0.00017620349482098174
SolovevXpointITER	db₃dx₃	0
SolovevXpointITER	db₍₁₎dx₁	-0.0051852416284538516
SolovevXpointITER	db₍₁₎dx₂	-0.0089010615238488671
SolovevXpointITER	db₍₁₎dx₃	-0.87648974445228145
SolovevXpointITER	db₍₂₎dx₁	-0.0028667610380875841
SolovevXpointITER	db₍₂₎dx₂	-0.0048935142866057277
SolovevXpointITER	db₍₂₎dx₃	-0.48142006598020021
SolovevXpointITER	db₍₃₎dx₁	0.024514665281633392
SolovevXpointITER	db₍₃₎dx₂	0.0059249259327293427
SolovevXpointITER	db₍₃₎dx₃	0
SolovevXpointITER	dg²²dx₁	0
SolovevXpointITER	dg²²dx₂	0
SolovevXpointITER	dg²²dx₃	0
SolovevXpointITER	dg²³dx₁	0
SolovevXpointITER	dg²³dx₂	0
SolovevXpointITER	dg²³dx₃	0
SolovevXpointITER	dg²¹dx₁	0
SolovevXpointITER	dg²¹dx₂	0
SolovevXpointITER	dg²¹dx₃	0
SolovevXpointITER	dg³²dx₁	0
SolovevXpointITER	dg³²dx₂	0
SolovevXpointITER	dg³²dx₃	0
SolovevXpointITER	dg³³dx₁	-0.044944724169171481
SolovevXpointITER	dg³³dx₂	0
SolovevXpointITER	dg³³dx₃	0
SolovevXpointITER	dg³¹dx₁	0
SolovevXpointITER	dg³¹dx₂	0
SolovevXpointITER	dg³¹dx₃	0
SolovevXpointITER	dg¹²dx₁	0
SolovevXpointITER	dg¹²dx₂	0
SolovevXpointITER	dg¹²dx₃	0
SolovevXpointITER	dg¹³dx₁	0
SolovevXpointITER	dg¹³dx₂	0
SolovevXpointITER	dg¹³dx₃	0
SolovevXpointITER	dg¹¹dx₁	0
SolovevXpointITER	dg¹¹dx₂	0
SolovevXpointITER	dg¹¹dx₃	0
SolovevXpointITER	dg₁₁dx₁	0
SolovevXpointITER	dg₁₁dx₂	0
SolovevXpointITER	dg₁₁dx₃	0
SolovevXpointITER	dg₁₂dx₁	0
SolovevXpointITER	dg₁₂dx₂	0
SolovevXpointITER	dg₁₂dx₃	0
SolovevXpointITER	dg₁₃dx₁	0
SolovevXpointITER	dg₁₃dx₂	0
SolovevXpointITER	dg₁₃dx₃	0
SolovevXpointITER	dg₂₁dx₁	0
SolovevXpointITER	dg₂₁dx₂	0
SolovevXpointITER	dg₂₁dx₃	0
SolovevXpointITER	dg₂₂dx₁	0
SolovevXpointITER	dg₂₂dx₂	0
SolovevXpointITER	dg₂₂dx₃	0
SolovevXpointITER	dg₂₃dx₁	0
SolovevXpointITER	dg₂₃dx₂	0
SolovevXpointITER	dg₂₃dx₃	0
SolovevXpointITER	dg₃₁dx₁	0
SolovevXpointITER	dg₃₁dx₂	0
SolovevXpointITER	dg₃₁dx₃	0
SolovevXpointITER	dg₃₂dx₁	0
SolovevXpointITER	dg₃₂dx₂	0
SolovevXpointITER	dg₃₂dx₃	0
SolovevXpointITER	dg₃₃dx₁	80.724000000000018
SolovevXpointITER	dg₃₃dx₂	0
SolovevXpointITER	dg₃₃dx₃	0
SolovevXpointITER	d²A₁dx₁dx₁	7.0964258719360753
SolovevXpointITER	d²A₁dx₁dx₂	-14.902494331065759
SolovevXpointITER	d²A₁dx₁dx₃	0
SolovevXpointITER	d²A₁dx₂dx₁	-14.902494331065759
SolovevXpointITER	d²A₁dx₂dx₂	0
SolovevXpointITER	d²A₁dx₂dx₃	0
SolovevXpointITER	d²A₁dx₃dx₁	0
SolovevXpointITER	d²A₁dx₃dx₂	0
SolovevXpointITER	d²A₁dx₃dx₃	0
SolovevXpointITER	d²A₂dx₁dx₁	14.902494331065759
SolovevXpointITER	d²A₂dx₁dx₂	0
SolovevXpointITER	d²A₂dx₁dx₃	0
SolovevXpointITER	d²A₂dx₂dx₁	0
SolovevXpointITER	d²A₂dx₂dx₂	0
SolovevXpointITER	d²A₂dx₂dx₃	0
SolovevXpointITER	d²A₂dx₃dx₁	0
SolovevXpointITER	d²A₂dx₃dx₂	0
SolovevXpointITER	d²A₂dx₃dx₃	0
SolovevXpointITER	d²A₃dx₁dx₁	0.8055548220892863
SolovevXpointITER	d²A₃dx₁dx₂	0.19469420854107558
SolovevXpointITER	d²A₃dx₁dx₃	0
SolovevXpointITER	d²A₃dx₂dx₁	0.19469420854107522
SolovevXpointITER	d²A₃dx₂dx₂	0.33377815109262465
SolovevXpointITER	d²A₃dx₂dx₃	0
SolovevXpointITER	d²A₃dx₃dx₁	0
SolovevXpointITER	d²A₃dx₃dx₂	0
SolovevXpointITER	d²A₃dx₃dx₃	0
SolovevXpointITER	d²Bdx₁dx₁	1.4774062684390796
SolovevXpointITER	d²Bdx₁dx₂	0.00019651453667584874
SolovevXpointITER	d²Bdx₁dx₃	0
SolovevXpointITER	d²Bdx₂dx₁	0.00019651453667584865
SolovevXpointITER	d²Bdx₂dx₂	0.00012866549985865612
SolovevXpointITER	d²Bdx₂dx₃	0
SolovevXpointITER	d²Bdx₃dx₁	0
SolovevXpointITER	d²Bdx₃dx₂	0
SolovevXpointITER	d²Bdx₃dx₃	0
SolovevXpointITER	d²b₁dx₁dx₁	-0.028184484205514164
SolovevXpointITER	d²b₁dx₁dx₂	-0.15996867555776403
SolovevXpointITER	d²b₁dx₁dx₃	0
SolovevXpointITER	d²b₁dx₂dx₁	-0.15996867555776373
SolovevXpointITER	d²b₁dx₂dx₂	-0.0067832841648850437
SolovevXpointITER	d²b₁dx₂dx₃	0
SolovevXpointITER	d²b₁dx₃dx₁	0
SolovevXpointITER	d²b₁dx₃dx₂	0
SolovevXpointITER	d²b₁dx₃dx₃	0
SolovevXpointITER	d²b₂dx₁dx₁	0.4386425456901667
SolovevXpointITER	d²b₂dx₁dx₂	0.028190141979710662
SolovevXpointITER	d²b₂dx₁dx₃	0
SolovevXpointITER	d²b₂dx₂dx₁	0.028190141979710572
SolovevXpointITER	d²b₂dx₂dx₂	0.15997267441318927
SolovevXpointITER	d²b₂dx₂dx₃	0
SolovevXpointITER	d²b₂dx₃dx₁	0
SolovevXpointITER	d²b₂dx₃dx₂	0
SolovevXpointITER	d²b₂dx₃dx₃	0
SolovevXpointITER	d²b₃dx₁dx₁	-0.004886953290817786
SolovevXpointITER	d²b₃dx₁dx₂	-0.0019069847789669877
SolovevXpointITER	d²b₃dx₁dx₃	0
SolovevXpointITER	d²b₃dx₂dx₁	-0.0019069847789669869
SolovevXpointITER	d²b₃dx₂dx₂	-0.0010288255754318076
SolovevXpointITER	d²b₃dx₂dx₃	0
SolovevXpointITER	d²b₃dx₃dx₁	0
SolovevXpointITER	d²b₃dx₃dx₂	0
SolovevXpointITER	d²b₃dx₃dx₃	0
SolovevXpointITER	d²g²²dx₁dx₁	0
SolovevXpointITER	d²g²²dx₁dx₂	0
SolovevXpointITER	d²g²²dx₁dx₃	0
SolovevXpointITER	d²g²²dx₂dx₁	0
SolovevXpointITER	d²g²²dx₂dx₂	0
SolovevXpointITER	d²g²²dx₂dx₃	0
SolovevXpointITER	d²g²²dx₃dx₁	0
SolovevXpointITER	d²g²²dx₃dx₂	0
SolovevXpointITER	d²g²²dx₃dx₃	0
SolovevXpointITER	d²g²³dx₁dx₁	0
SolovevXpointITER	d²g²³dx₁dx₂	0
SolovevXpointITER	d²g²³dx₁dx₃	0
SolovevXpointITER	d²g²³dx₂dx₁	0
SolovevXpointITER	d²g²³dx₂dx₂	0
SolovevXpointITER	d²g²³dx₂dx₃	0
SolovevXpointITER	d²g²³dx₃dx₁	0
SolovevXpointITER	d²g²³dx₃dx₂	0
SolovevXpointITER	d²g²³dx₃dx₃	0
SolovevXpointITER	d²g²¹dx₁dx₁	0
SolovevXpointITER	d²g²¹dx₁dx₂	0
SolovevXpointITER	d²g²¹dx₁dx₃	0
SolovevXpointITER	d²g²¹dx₂dx₁	0
SolovevXpointITER	d²g²¹dx₂dx₂	0
SolovevXpointITER	d²g²¹dx₂dx₃	0
SolovevXpointITER	d²g²¹dx₃dx₁	0
SolovevXpointITER	d²g²¹dx₃dx₂	0
SolovevXpointITER	d²g²¹dx₃dx₃	0
SolovevXpointITER	d²g³²dx₁dx₁	0
SolovevXpointITER	d²g³²dx₁dx₂	0
SolovevXpointITER	d²g³²dx₁dx₃	0
SolovevXpointITER	d²g³²dx₂dx₁	0
SolovevXpointITER	d²g³²dx₂dx₂	0
SolovevXpointITER	d²g³²dx₂dx₃	0
SolovevXpointITER	d²g³²dx₃dx₁	0
SolovevXpointITER	d²g³²dx₃dx₂	0
SolovevXpointITER	d²g³²dx₃dx₃	0
SolovevXpointITER	d²g³³dx₁dx₁	0.12841349762620421
SolovevXpointITER	d²g³³dx₁dx₂	0
SolovevXpointITER	d²g³³dx₁dx₃	0
SolovevXpointITER	d²g³³dx₂dx₁	0
SolovevXpointITER	d²g³³dx₂dx₂	0
SolovevXpointITER	d²g³³dx₂dx₃	0
SolovevXpointITER	d²g³³dx₃dx₁	0
SolovevXpointITER	d²g³³dx₃dx₂	0
SolovevXpointITER	d²g³³dx₃dx₃	0
SolovevXpointITER	d²g³¹dx₁dx₁	0
SolovevXpointITER	d²g³¹dx₁dx₂	0
SolovevXpointITER	d²g³¹dx₁dx₃	0
SolovevXpointITER	d²g³¹dx₂dx₁	0
SolovevXpointITER	d²g³¹dx₂dx₂	0
SolovevXpointITER	d²g³¹dx₂dx₃	0
SolovevXpointITER	d²g³¹dx₃dx₁	0
SolovevXpointITER	d²g³¹dx₃dx₂	0
SolovevXpointITER	d²g³¹dx₃dx₃	0
SolovevXpointITER	d²g¹²dx₁dx₁	0
SolovevXpointITER	d²g¹²dx₁dx₂	0
SolovevXpointITER	d²g¹²dx₁dx₃	0
SolovevXpointITER	d²g¹²dx₂dx₁	0
SolovevXpointITER	d²g¹²dx₂dx₂	0
SolovevXpointITER	d²g¹²dx₂dx₃	0
SolovevXpointITER	d²g¹²dx₃dx₁	0
SolovevXpointITER	d²g¹²dx₃dx₂	0
SolovevXpointITER	d²g¹²dx₃dx₃	0
SolovevXpointITER	d²g¹³dx₁dx₁	0
SolovevXpointITER	d²g¹³dx₁dx₂	0
SolovevXpointITER	d²g¹³dx₁dx₃	0
SolovevXpointITER	d²g¹³dx₂dx₁	0
SolovevXpointITER	d²g¹³dx₂dx₂	0
SolovevXpointITER	d²g¹³dx₂dx₃	0
SolovevXpointITER	d²g¹³dx₃dx₁	0
SolovevXpointITER	d²g¹³dx₃dx₂	0
SolovevXpointITER	d²g¹³dx₃dx₃	0
SolovevXpointITER	d²g¹¹dx₁dx₁	0
SolovevXpointITER	d²g¹¹dx₁dx₂	0
SolovevXpointITER	d²g¹¹dx₁dx₃	0
SolovevXpointITER	d²g¹¹dx₂dx₁	0
SolovevXpointITER	d²g¹¹dx₂dx₂	0
SolovevXpointITER	d²g¹¹dx₂dx₃	0
SolovevXpointITER	d²g¹¹dx₃dx₁	0
SolovevXpointITER	d²g¹¹dx₃dx₂	0
SolovevXpointITER	d²g¹¹dx₃dx₃	0
SolovevXpointITER	d²g₁₁dx₁dx₁	0
SolovevXpointITER	d²g₁₁dx₁dx₂	0
SolovevXpointITER	d²g₁₁dx₁dx₃	0
SolovevXpointITER	d²g₁₁dx₂dx₁	0
SolovevXpointITER	d²g₁₁dx₂dx₂	0
SolovevXpointITER	d²g₁₁dx₂dx₃	0
SolovevXpointITER	d²g₁₁dx₃dx₁	0
SolovevXpointITER	d²g₁₁dx₃dx₂	0
SolovevXpointITER	d²g₁₁dx₃dx₃	0
SolovevXpointITER	d²g₁₂dx₁dx₁	0
SolovevXpointITER	d²g₁₂dx₁dx₂	0
SolovevXpointITER	d²g₁₂dx₁dx₃	0
SolovevXpointITER	d²g₁₂dx₂dx₁	0
SolovevXpointITER	d²g₁₂dx₂dx₂	0
SolovevXpointITER	d²g₁₂dx₂dx₃	0
SolovevXpointITER	d²g₁₂dx₃dx₁	0
SolovevXpointITER	d²g₁₂dx₃dx₂	0
SolovevXpointITER	d²g₁₂dx₃dx₃	0
SolovevXpointITER	d²g₁₃dx₁dx₁	0
SolovevXpointITER	d²g₁₃dx₁dx₂	0
SolovevXpointITER	d²g₁₃dx₁dx₃	0
SolovevXpointITER	d²g₁₃dx₂dx₁	0
SolovevXpointITER	d²g₁₃dx₂dx₂	0
SolovevXpointITER	d²g₁₃dx₂dx₃	0
SolovevXpointITER	d²g₁₃dx₃dx₁	0
SolovevXpointITER	d²g₁₃dx₃dx₂	0
SolovevXpointITER	d²g₁₃dx₃dx₃	0
SolovevXpointITER	d²g₂₁dx₁dx₁	0
SolovevXpointITER	d²g₂₁dx₁dx₂	0
SolovevXpointITER	d²g₂₁dx₁dx₃	0
SolovevXpointITER	d²g₂₁dx₂dx₁	0
SolovevXpointITER	d²g₂₁dx₂dx₂	0
SolovevXpointITER	d²g₂₁dx₂dx₃	0
SolovevXpointITER	d²g₂₁dx₃dx₁	0
SolovevXpointITER	d²g₂₁dx₃dx₂	0
SolovevXpointITER	d²g₂₁dx₃dx₃	0
SolovevXpointITER	d²g₂₂dx₁dx₁	0
SolovevXpointITER	d²g₂₂dx₁dx₂	0
SolovevXpointITER	d²g₂₂dx₁dx₃	0
SolovevXpointITER	d²g₂₂dx₂dx₁	0
SolovevXpointITER	d²g₂₂dx₂dx₂	0
SolovevXpointITER	d²g₂₂dx₂dx₃	0
SolovevXpointITER	d²g₂₂dx₃dx₁	0
SolovevXpointITER	d²g₂₂dx₃dx₂	0
SolovevXpointITER	d²g₂₂dx₃dx₃	0
SolovevXpointITER	d²g₂₃dx₁dx₁	0
SolovevXpointITER	d²g₂₃dx₁dx₂	0
SolovevXpointITER	d²g₂₃dx₁dx₃	0
SolovevXpointITER	d²g₂₃dx₂dx₁	0
SolovevXpointITER	d²g₂₃dx₂dx₂	0
SolovevXpointITER	d²g₂₃dx₂dx₃	0
SolovevXpointITER	d²g₂₃dx₃dx₁	0
SolovevXpointITER	d²g₂₃dx₃dx₂	0
SolovevXpointITER	d²g₂₃dx₃dx₃	0
SolovevXpointITER	d²g₃₁dx₁dx₁	0
SolovevXpointITER	d²g₃₁dx₁dx₂	0
SolovevXpointITER	d²g₃₁dx₁dx₃	0
SolovevXpointITER	d²g₃₁dx₂dx₁	0
SolovevXpointITER	d²g₃₁dx₂dx₂	0
SolovevXpointITER	d²g₃₁dx₂dx₃	0
SolovevXpointITER	d²g₃₁dx₃dx₁	0
SolovevXpointITER	d²g₃₁dx₃dx₂	0
SolovevXpointITER	d²g₃₁dx₃dx₃	0
SolovevXpointITER	d²g₃₂dx₁dx₁	0
SolovevXpointITER	d²g₃₂dx₁dx₂	0
SolovevXpointITER	d²g₃₂dx₁dx₃	0
SolovevXpointITER	d²g₃₂dx₂dx₁	0
SolovevXpointITER	d²g₃₂dx₂dx₂	0
SolovevXpointITER	d²g₃₂dx₂dx₃	0
SolovevXpointITER	d²g₃₂dx₃dx₁	0
SolovevXpointITER	d²g₃₂dx₃dx₂	0
SolovevXpointITER	d²g₃₂dx₃dx₃	0
SolovevXpointITER	d²g₃₃dx₁dx₁	76.88000000000001
SolovevXpointITER	d²g₃₃dx₁dx₂	0
SolovevXpointITER	d²g₃₃dx₁dx₃	0
SolovevXpointITER	d²g₃₃dx₂dx₁	0
SolovevXpointITER	d²g₃₃dx₂dx₂	0
SolovevXpointITER	d²g₃₃dx₂dx₃	0
SolovevXpointITER	d²g₃₃dx₃dx₁	0
SolovevXpointITER	d²g₃₃dx₃dx₂	0
SolovevXpointITER	d²g₃₃dx₃dx₃	0
SolovevXpointITER	g²²	0.02601456815816857
SolovevXpointITER	g²³	0
SolovevXpointITER	g²¹	0
SolovevXpointITER	g³²	0
SolovevXpointITER	g³³	0.023595980188815029
SolovevXpointITER	g³¹	0
SolovevXpointITER	g¹²	0
SolovevXpointITER	g¹³	0
SolovevXpointITER	g¹¹	0.02601456815816857
SolovevXpointITER	g₁₁	38.440000000000005
SolovevXpointITER	g₁₂	0
SolovevXpointITER	g₁₃	0
SolovevXpointITER	g₂₁	0
SolovevXpointITER	g₂₂	38.440000000000005
SolovevXpointITER	g₂₃	0
SolovevXpointITER	g₃₁	0
SolovevXpointITER	g₃₂	0
SolovevXpointITER	g₃₃	42.380100000000006
SolovevXpointITER	maxx²	Inf
SolovevXpointITER	maxx³	6.2831853071795862
SolovevXpointITER	maxx¹	Inf
SolovevXpointITER	minx²	-Inf
SolovevXpointITER	minx³	0
SolovevXpointITER	minx¹	-Inf
SolovevXpointITER	orientation	-1
SolovevXpointITER	r	1.5806960492137634
SolovevXpointITER	r²	2.4986000000000006
SolovevXpointITER	x²	3.121060256313362
SolovevXpointITER	x³	1.55
SolovevXpointITER	x¹	5.7130624779063268
SolovevXpointITER	θ	1.3734007669450157
SolovevXpointITER	ξ²	0.080645161290322578
SolovevXpointITER	ξ³	0.23374318086890142
SolovevXpointITER	ξ¹	0.17408897697518472
SolovevXpointITER	φ	0
SolovevXpointITER	ϕ	0.5
SolovevXpointNSTX	A²	-0.0086100289710762442
SolovevXpointNSTX	A³	-0.26367893826997835
SolovevXpointNSTX	A¹	0.042016806722689079
SolovevXpointNSTX	A₁	0.030357142857142857
SolovevXpointNSTX	A₂	-0.0062207459316025865
SolovevXpointNSTX	A₃	-0.21003510627231542
SolovevXpointNSTX	B	0.43906795730386461
SolovevXpointNSTX	B²	-0.32371819332400997
SolovevXpointNSTX	B³	0.3766212367299861
SolovevXpointNSTX	B¹	-0.075156298354221496
SolovevXpointNSTX	B₁	-0.054300425560925028
SolovevXpointNSTX	B₁₁	0
SolovevXpointNSTX	B₁₂	-0.12142857142857143
SolovevXpointNSTX	B₁₃	-0.10437180362443149
SolovevXpointNSTX	B₂	-0.23388639467659719
SolovevXpointNSTX	B₂₁	0.12142857142857143
SolovevXpointNSTX	B₂₂	0
SolovevXpointNSTX	B₂₃	0.024231564906562794
SolovevXpointNSTX	B₃	0.29999999999999999
SolovevXpointNSTX	B₃₁	0.10437180362443149
SolovevXpointNSTX	B₃₂	-0.024231564906562794
SolovevXpointNSTX	B₃₃	0
SolovevXpointNSTX	B₍₁₎	-0.21721391987174193
SolovevXpointNSTX	B₍₂₎	0.26435866359392574
SolovevXpointNSTX	B₍₃₎	-0.27516046432540847
SolovevXpointNSTX	DF̄₁₁	1.0324500728122032
SolovevXpointNSTX	DF̄₁₂	0.56403004541670942
SolovevXpointNSTX	DF̄₁₃	0
SolovevXpointNSTX	DF̄₂₁	0
SolovevXpointNSTX	DF̄₂₂	0
SolovevXpointNSTX	DF̄₂₃	1.1764705882352942
SolovevXpointNSTX	DF̄₃₁	-0.53717147182543745
SolovevXpointNSTX	DF̄₃₂	0.98328578363066954
SolovevXpointNSTX	DF̄₃₃	0
SolovevXpointNSTX	DF₁₁	0.74594517760681678
SolovevXpointNSTX	DF₁₂	0
SolovevXpointNSTX	DF₁₃	-0.42788729320425117
SolovevXpointNSTX	DF₂₁	0.40751170781357254
SolovevXpointNSTX	DF₂₂	0
SolovevXpointNSTX	DF₂₃	0.78324243648715763
SolovevXpointNSTX	DF₃₁	0
SolovevXpointNSTX	DF₃₂	0.84999999999999998
SolovevXpointNSTX	DF₃₃	0
SolovevXpointNSTX	E²	0
SolovevXpointNSTX	E³	0
SolovevXpointNSTX	E¹	0
SolovevXpointNSTX	E₁	0
SolovevXpointNSTX	E₂	0
SolovevXpointNSTX	E₃	0
SolovevXpointNSTX	J	0.64483124999999997
SolovevXpointNSTX	R	0.89249999999999996
SolovevXpointNSTX	X	0.78324243648715763
SolovevXpointNSTX	Y	0.42788729320425117
SolovevXpointNSTX	Z	0.21249999999999999
SolovevXpointNSTX	a²	0.91035033095478179
SolovevXpointNSTX	a³	0.70972852266553665
SolovevXpointNSTX	a¹	0
SolovevXpointNSTX	a₁	0
SolovevXpointNSTX	a₂	0.65772811411482979
SolovevXpointNSTX	a₃	0.56533869053249985
SolovevXpointNSTX	a₍₁₎	-0.30368381647320847
SolovevXpointNSTX	a₍₂₎	0.55588949733698578
SolovevXpointNSTX	a₍₃₎	0.77379778131156463
SolovevXpointNSTX	b²	-0.73728494174758274
SolovevXpointNSTX	b³	0.85777436149670749
SolovevXpointNSTX	b¹	-0.17117235977711823
SolovevXpointNSTX	b₁	-0.12367202993896791
SolovevXpointNSTX	b₂	-0.53268837041262851
SolovevXpointNSTX	b₃	0.68326552873996171
SolovevXpointNSTX	b₍₁₎	-0.49471594603615143
SolovevXpointNSTX	b₍₂₎	0.60209054019164443
SolovevXpointNSTX	b₍₃₎	-0.62669220048544527
SolovevXpointNSTX	c²	-0.10842617112801566
SolovevXpointNSTX	c³	0.12614551639752281
SolovevXpointNSTX	c¹	1.1639514887790781
SolovevXpointNSTX	c₁	0.84095495064288373
SolovevXpointNSTX	c₂	-0.078337908639991308
SolovevXpointNSTX	c₃	0.10048199949592429
SolovevXpointNSTX	c₍₁₎	0.81426793646183948
SolovevXpointNSTX	c₍₂₎	0.57312638061963883
SolovevXpointNSTX	c₍₃₎	-0.092162245458813283
SolovevXpointNSTX	dA₁dx₁	-0.028911564625850338
SolovevXpointNSTX	dA₁dx₂	0.12142857142857143
SolovevXpointNSTX	dA₁dx₃	0
SolovevXpointNSTX	dA₂dx₁	-0.12142857142857143
SolovevXpointNSTX	dA₂dx₂	0
SolovevXpointNSTX	dA₂dx₃	0
SolovevXpointNSTX	dA₃dx₁	-0.20874360724886298
SolovevXpointNSTX	dA₃dx₂	0.048463129813125588
SolovevXpointNSTX	dA₃dx₃	0
SolovevXpointNSTX	dBdx₁	-0.96258184837229899
SolovevXpointNSTX	dBdx₂	-0.038584112469835161
SolovevXpointNSTX	dBdx₃	0
SolovevXpointNSTX	dB₁dx₁	-0.059595234095808136
SolovevXpointNSTX	dB₁dx₂	-0.25403061121927412
SolovevXpointNSTX	dB₁dx₃	0
SolovevXpointNSTX	dB₂dx₁	0.98700580334655241
SolovevXpointNSTX	dB₂dx₂	0.11130992510621295
SolovevXpointNSTX	dB₂dx₃	0
SolovevXpointNSTX	dB₃dx₁	0
SolovevXpointNSTX	dB₃dx₂	0
SolovevXpointNSTX	dB₃dx₃	0
SolovevXpointNSTX	dE₁dx₁	0
SolovevXpointNSTX	dE₁dx₂	0
SolovevXpointNSTX	dE₁dx₃	0
SolovevXpointNSTX	dE₂dx₁	0
SolovevXpointNSTX	dE₂dx₂	0
SolovevXpointNSTX	dE₂dx₃	0
SolovevXpointNSTX	dE₃dx₁	0
SolovevXpointNSTX	dE₃dx₂	0
SolovevXpointNSTX	dE₃dx₃	0
SolovevXpointNSTX	db₁dx₁	-0.40686113002498936
SolovevXpointNSTX	db₁dx₂	-0.58943583203158545
SolovevXpointNSTX	db₁dx₃	0
SolovevXpointNSTX	db₂dx₁	1.0801281197118286
SolovevXpointNSTX	db₂dx₂	0.20670289325629193
SolovevXpointNSTX	db₂dx₃	0
SolovevXpointNSTX	db₃dx₁	1.4979435065638742
SolovevXpointNSTX	db₃dx₂	0.060043538976402598
SolovevXpointNSTX	db₃dx₃	0
SolovevXpointNSTX	db₍₁₎dx₁	-0.87516322647880884
SolovevXpointNSTX	db₍₁₎dx₂	-0.64081674390469423
SolovevXpointNSTX	db₍₁₎dx₃	-0.60209054019164443
SolovevXpointNSTX	db₍₂₎dx₁	0.60357200460660854
SolovevXpointNSTX	db₍₂₎dx₂	-0.27341956083664037
SolovevXpointNSTX	db₍₂₎dx₃	-0.49471594603615143
SolovevXpointNSTX	db₍₃₎dx₁	1.2707389643668567
SolovevXpointNSTX	db₍₃₎dx₂	0.243179874419167
SolovevXpointNSTX	db₍₃₎dx₃	0
SolovevXpointNSTX	dg²²dx₁	0
SolovevXpointNSTX	dg²²dx₂	0
SolovevXpointNSTX	dg²²dx₃	0
SolovevXpointNSTX	dg²³dx₁	0
SolovevXpointNSTX	dg²³dx₂	0
SolovevXpointNSTX	dg²³dx₃	0
SolovevXpointNSTX	dg²¹dx₁	0
SolovevXpointNSTX	dg²¹dx₂	0
SolovevXpointNSTX	dg²¹dx₃	0
SolovevXpointNSTX	dg³²dx₁	0
SolovevXpointNSTX	dg³²dx₂	0
SolovevXpointNSTX	dg³²dx₃	0
SolovevXpointNSTX	dg³³dx₁	-2.3912459474919752
SolovevXpointNSTX	dg³³dx₂	0
SolovevXpointNSTX	dg³³dx₃	0
SolovevXpointNSTX	dg³¹dx₁	0
SolovevXpointNSTX	dg³¹dx₂	0
SolovevXpointNSTX	dg³¹dx₃	0
SolovevXpointNSTX	dg¹²dx₁	0
SolovevXpointNSTX	dg¹²dx₂	0
SolovevXpointNSTX	dg¹²dx₃	0
SolovevXpointNSTX	dg¹³dx₁	0
SolovevXpointNSTX	dg¹³dx₂	0
SolovevXpointNSTX	dg¹³dx₃	0
SolovevXpointNSTX	dg¹¹dx₁	0
SolovevXpointNSTX	dg¹¹dx₂	0
SolovevXpointNSTX	dg¹¹dx₃	0
SolovevXpointNSTX	dg₁₁dx₁	0
SolovevXpointNSTX	dg₁₁dx₂	0
SolovevXpointNSTX	dg₁₁dx₃	0
SolovevXpointNSTX	dg₁₂dx₁	0
SolovevXpointNSTX	dg₁₂dx₂	0
SolovevXpointNSTX	dg₁₂dx₃	0
SolovevXpointNSTX	dg₁₃dx₁	0
SolovevXpointNSTX	dg₁₃dx₂	0
SolovevXpointNSTX	dg₁₃dx₃	0
SolovevXpointNSTX	dg₂₁dx₁	0
SolovevXpointNSTX	dg₂₁dx₂	0
SolovevXpointNSTX	dg₂₁dx₃	0
SolovevXpointNSTX	dg₂₂dx₁	0
SolovevXpointNSTX	dg₂₂dx₂	0
SolovevXpointNSTX	dg₂₂dx₃	0
SolovevXpointNSTX	dg₂₃dx₁	0
SolovevXpointNSTX	dg₂₃dx₂	0
SolovevXpointNSTX	dg₂₃dx₃	0
SolovevXpointNSTX	dg₃₁dx₁	0
SolovevXpointNSTX	dg₃₁dx₂	0
SolovevXpointNSTX	dg₃₁dx₃	0
SolovevXpointNSTX	dg₃₂dx₁	0
SolovevXpointNSTX	dg₃₂dx₂	0
SolovevXpointNSTX	dg₃₂dx₃	0
SolovevXpointNSTX	dg₃₃dx₁	1.51725
SolovevXpointNSTX	dg₃₃dx₂	0
SolovevXpointNSTX	dg₃₃dx₃	0
SolovevXpointNSTX	d²A₁dx₁dx₁	0.055069646906381595
SolovevXpointNSTX	d²A₁dx₁dx₂	-0.11564625850340135
SolovevXpointNSTX	d²A₁dx₁dx₃	0
SolovevXpointNSTX	d²A₁dx₂dx₁	-0.11564625850340135
SolovevXpointNSTX	d²A₁dx₂dx₂	0
SolovevXpointNSTX	d²A₁dx₂dx₃	0
SolovevXpointNSTX	d²A₁dx₃dx₁	0
SolovevXpointNSTX	d²A₁dx₃dx₂	0
SolovevXpointNSTX	d²A₁dx₃dx₃	0
SolovevXpointNSTX	d²A₂dx₁dx₁	0.11564625850340135
SolovevXpointNSTX	d²A₂dx₁dx₂	0
SolovevXpointNSTX	d²A₂dx₁dx₃	0
SolovevXpointNSTX	d²A₂dx₂dx₁	0
SolovevXpointNSTX	d²A₂dx₂dx₂	0
SolovevXpointNSTX	d²A₂dx₂dx₃	0
SolovevXpointNSTX	d²A₂dx₃dx₁	0
SolovevXpointNSTX	d²A₂dx₃dx₂	0
SolovevXpointNSTX	d²A₂dx₃dx₃	0
SolovevXpointNSTX	d²A₃dx₁dx₁	0.68209924401169042
SolovevXpointNSTX	d²A₃dx₁dx₂	0.099344108157295025
SolovevXpointNSTX	d²A₃dx₁dx₃	0
SolovevXpointNSTX	d²A₃dx₂dx₁	0.099344108157295025
SolovevXpointNSTX	d²A₃dx₂dx₂	0.22672232051320221
SolovevXpointNSTX	d²A₃dx₂dx₃	0
SolovevXpointNSTX	d²A₃dx₃dx₁	0
SolovevXpointNSTX	d²A₃dx₃dx₂	0
SolovevXpointNSTX	d²A₃dx₃dx₃	0
SolovevXpointNSTX	d²Bdx₁dx₁	0.89539347545572046
SolovevXpointNSTX	d²Bdx₁dx₂	0.32741777447622217
SolovevXpointNSTX	d²Bdx₁dx₃	0
SolovevXpointNSTX	d²Bdx₂dx₁	0.32741777447622217
SolovevXpointNSTX	d²Bdx₂dx₂	-0.11401136591645226
SolovevXpointNSTX	d²Bdx₂dx₃	0
SolovevXpointNSTX	d²Bdx₃dx₁	0
SolovevXpointNSTX	d²Bdx₃dx₂	0
SolovevXpointNSTX	d²Bdx₃dx₃	0
SolovevXpointNSTX	d²b₁dx₁dx₁	-1.5809129234992649
SolovevXpointNSTX	d²b₁dx₁dx₂	-1.7601359567128043
SolovevXpointNSTX	d²b₁dx₁dx₃	0
SolovevXpointNSTX	d²b₁dx₂dx₁	-1.7601359567128043
SolovevXpointNSTX	d²b₁dx₂dx₂	-0.069445730979254869
SolovevXpointNSTX	d²b₁dx₂dx₃	0
SolovevXpointNSTX	d²b₁dx₃dx₁	0
SolovevXpointNSTX	d²b₁dx₃dx₂	0
SolovevXpointNSTX	d²b₁dx₃dx₃	0
SolovevXpointNSTX	d²b₂dx₁dx₁	8.2329050807170958
SolovevXpointNSTX	d²b₂dx₁dx₂	1.0115751102693304
SolovevXpointNSTX	d²b₂dx₁dx₃	0
SolovevXpointNSTX	d²b₂dx₂dx₁	1.0115751102693302
SolovevXpointNSTX	d²b₂dx₂dx₂	0.97339235666270629
SolovevXpointNSTX	d²b₂dx₂dx₃	0
SolovevXpointNSTX	d²b₂dx₃dx₁	0
SolovevXpointNSTX	d²b₂dx₃dx₂	0
SolovevXpointNSTX	d²b₂dx₃dx₃	0
SolovevXpointNSTX	d²b₃dx₁dx₁	5.174586130413374
SolovevXpointNSTX	d²b₃dx₁dx₂	-0.24624807056938525
SolovevXpointNSTX	d²b₃dx₁dx₃	0
SolovevXpointNSTX	d²b₃dx₂dx₁	-0.24624807056938525
SolovevXpointNSTX	d²b₃dx₂dx₂	0.18797429455790635
SolovevXpointNSTX	d²b₃dx₂dx₃	0
SolovevXpointNSTX	d²b₃dx₃dx₁	0
SolovevXpointNSTX	d²b₃dx₃dx₂	0
SolovevXpointNSTX	d²b₃dx₃dx₃	0
SolovevXpointNSTX	d²g²²dx₁dx₁	0
SolovevXpointNSTX	d²g²²dx₁dx₂	0
SolovevXpointNSTX	d²g²²dx₁dx₃	0
SolovevXpointNSTX	d²g²²dx₂dx₁	0
SolovevXpointNSTX	d²g²²dx₂dx₂	0
SolovevXpointNSTX	d²g²²dx₂dx₃	0
SolovevXpointNSTX	d²g²²dx₃dx₁	0
SolovevXpointNSTX	d²g²²dx₃dx₂	0
SolovevXpointNSTX	d²g²²dx₃dx₃	0
SolovevXpointNSTX	d²g²³dx₁dx₁	0
SolovevXpointNSTX	d²g²³dx₁dx₂	0
SolovevXpointNSTX	d²g²³dx₁dx₃	0
SolovevXpointNSTX	d²g²³dx₂dx₁	0
SolovevXpointNSTX	d²g²³dx₂dx₂	0
SolovevXpointNSTX	d²g²³dx₂dx₃	0
SolovevXpointNSTX	d²g²³dx₃dx₁	0
SolovevXpointNSTX	d²g²³dx₃dx₂	0
SolovevXpointNSTX	d²g²³dx₃dx₃	0
SolovevXpointNSTX	d²g²¹dx₁dx₁	0
SolovevXpointNSTX	d²g²¹dx₁dx₂	0
SolovevXpointNSTX	d²g²¹dx₁dx₃	0
SolovevXpointNSTX	d²g²¹dx₂dx₁	0
SolovevXpointNSTX	d²g²¹dx₂dx₂	0
SolovevXpointNSTX	d²g²¹dx₂dx₃	0
SolovevXpointNSTX	d²g²¹dx₃dx₁	0
SolovevXpointNSTX	d²g²¹dx₃dx₂	0
SolovevXpointNSTX	d²g²¹dx₃dx₃	0
SolovevXpointNSTX	d²g³²dx₁dx₁	0
SolovevXpointNSTX	d²g³²dx₁dx₂	0
SolovevXpointNSTX	d²g³²dx₁dx₃	0
SolovevXpointNSTX	d²g³²dx₂dx₁	0
SolovevXpointNSTX	d²g³²dx₂dx₂	0
SolovevXpointNSTX	d²g³²dx₂dx₃	0
SolovevXpointNSTX	d²g³²dx₃dx₁	0
SolovevXpointNSTX	d²g³²dx₃dx₂	0
SolovevXpointNSTX	d²g³²dx₃dx₃	0
SolovevXpointNSTX	d²g³³dx₁dx₁	6.8321312785485011
SolovevXpointNSTX	d²g³³dx₁dx₂	0
SolovevXpointNSTX	d²g³³dx₁dx₃	0
SolovevXpointNSTX	d²g³³dx₂dx₁	0
SolovevXpointNSTX	d²g³³dx₂dx₂	0
SolovevXpointNSTX	d²g³³dx₂dx₃	0
SolovevXpointNSTX	d²g³³dx₃dx₁	0
SolovevXpointNSTX	d²g³³dx₃dx₂	0
SolovevXpointNSTX	d²g³³dx₃dx₃	0
SolovevXpointNSTX	d²g³¹dx₁dx₁	0
SolovevXpointNSTX	d²g³¹dx₁dx₂	0
SolovevXpointNSTX	d²g³¹dx₁dx₃	0
SolovevXpointNSTX	d²g³¹dx₂dx₁	0
SolovevXpointNSTX	d²g³¹dx₂dx₂	0
SolovevXpointNSTX	d²g³¹dx₂dx₃	0
SolovevXpointNSTX	d²g³¹dx₃dx₁	0
SolovevXpointNSTX	d²g³¹dx₃dx₂	0
SolovevXpointNSTX	d²g³¹dx₃dx₃	0
SolovevXpointNSTX	d²g¹²dx₁dx₁	0
SolovevXpointNSTX	d²g¹²dx₁dx₂	0
SolovevXpointNSTX	d²g¹²dx₁dx₃	0
SolovevXpointNSTX	d²g¹²dx₂dx₁	0
SolovevXpointNSTX	d²g¹²dx₂dx₂	0
SolovevXpointNSTX	d²g¹²dx₂dx₃	0
SolovevXpointNSTX	d²g¹²dx₃dx₁	0
SolovevXpointNSTX	d²g¹²dx₃dx₂	0
SolovevXpointNSTX	d²g¹²dx₃dx₃	0
SolovevXpointNSTX	d²g¹³dx₁dx₁	0
SolovevXpointNSTX	d²g¹³dx₁dx₂	0
SolovevXpointNSTX	d²g¹³dx₁dx₃	0
SolovevXpointNSTX	d²g¹³dx₂dx₁	0
SolovevXpointNSTX	d²g¹³dx₂dx₂	0
SolovevXpointNSTX	d²g¹³dx₂dx₃	0
SolovevXpointNSTX	d²g¹³dx₃dx₁	0
SolovevXpointNSTX	d²g¹³dx₃dx₂	0
SolovevXpointNSTX	d²g¹³dx₃dx₃	0
SolovevXpointNSTX	d²g¹¹dx₁dx₁	0
SolovevXpointNSTX	d²g¹¹dx₁dx₂	0
SolovevXpointNSTX	d²g¹¹dx₁dx₃	0
SolovevXpointNSTX	d²g¹¹dx₂dx₁	0
SolovevXpointNSTX	d²g¹¹dx₂dx₂	0
SolovevXpointNSTX	d²g¹¹dx₂dx₃	0
SolovevXpointNSTX	d²g¹¹dx₃dx₁	0
SolovevXpointNSTX	d²g¹¹dx₃dx₂	0
SolovevXpointNSTX	d²g¹¹dx₃dx₃	0
SolovevXpointNSTX	d²g₁₁dx₁dx₁	0
SolovevXpointNSTX	d²g₁₁dx₁dx₂	0
SolovevXpointNSTX	d²g₁₁dx₁dx₃	0
SolovevXpointNSTX	d²g₁₁dx₂dx₁	0
SolovevXpointNSTX	d²g₁₁dx₂dx₂	0
SolovevXpointNSTX	d²g₁₁dx₂dx₃	0
SolovevXpointNSTX	d²g₁₁dx₃dx₁	0
SolovevXpointNSTX	d²g₁₁dx₃dx₂	0
SolovevXpointNSTX	d²g₁₁dx₃dx₃	0
SolovevXpointNSTX	d²g₁₂dx₁dx₁	0
SolovevXpointNSTX	d²g₁₂dx₁dx₂	0
SolovevXpointNSTX	d²g₁₂dx₁dx₃	0
SolovevXpointNSTX	d²g₁₂dx₂dx₁	0
SolovevXpointNSTX	d²g₁₂dx₂dx₂	0
SolovevXpointNSTX	d²g₁₂dx₂dx₃	0
SolovevXpointNSTX	d²g₁₂dx₃dx₁	0
SolovevXpointNSTX	d²g₁₂dx₃dx₂	0
SolovevXpointNSTX	d²g₁₂dx₃dx₃	0
SolovevXpointNSTX	d²g₁₃dx₁dx₁	0
SolovevXpointNSTX	d²g₁₃dx₁dx₂	0
SolovevXpointNSTX	d²g₁₃dx₁dx₃	0
SolovevXpointNSTX	d²g₁₃dx₂dx₁	0
SolovevXpointNSTX	d²g₁₃dx₂dx₂	0
SolovevXpointNSTX	d²g₁₃dx₂dx₃	0
SolovevXpointNSTX	d²g₁₃dx₃dx₁	0
SolovevXpointNSTX	d²g₁₃dx₃dx₂	0
SolovevXpointNSTX	d²g₁₃dx₃dx₃	0
SolovevXpointNSTX	d²g₂₁dx₁dx₁	0
SolovevXpointNSTX	d²g₂₁dx₁dx₂	0
SolovevXpointNSTX	d²g₂₁dx₁dx₃	0
SolovevXpointNSTX	d²g₂₁dx₂dx₁	0
SolovevXpointNSTX	d²g₂₁dx₂dx₂	0
SolovevXpointNSTX	d²g₂₁dx₂dx₃	0
SolovevXpointNSTX	d²g₂₁dx₃dx₁	0
SolovevXpointNSTX	d²g₂₁dx₃dx₂	0
SolovevXpointNSTX	d²g₂₁dx₃dx₃	0
SolovevXpointNSTX	d²g₂₂dx₁dx₁	0
SolovevXpointNSTX	d²g₂₂dx₁dx₂	0
SolovevXpointNSTX	d²g₂₂dx₁dx₃	0
SolovevXpointNSTX	d²g₂₂dx₂dx₁	0
SolovevXpointNSTX	d²g₂₂dx₂dx₂	0
SolovevXpointNSTX	d²g₂₂dx₂dx₃	0
SolovevXpointNSTX	d²g₂₂dx₃dx₁	0
SolovevXpointNSTX	d²g₂₂dx₃dx₂	0
SolovevXpointNSTX	d²g₂₂dx₃dx₃	0
SolovevXpointNSTX	d²g₂₃dx₁dx₁	0
SolovevXpointNSTX	d²g₂₃dx₁dx₂	0
SolovevXpointNSTX	d²g₂₃dx₁dx₃	0
SolovevXpointNSTX	d²g₂₃dx₂dx₁	0
SolovevXpointNSTX	d²g₂₃dx₂dx₂	0
SolovevXpointNSTX	d²g₂₃dx₂dx₃	0
SolovevXpointNSTX	d²g₂₃dx₃dx₁	0
SolovevXpointNSTX	d²g₂₃dx₃dx₂	0
SolovevXpointNSTX	d²g₂₃dx₃dx₃	0
SolovevXpointNSTX	d²g₃₁dx₁dx₁	0
SolovevXpointNSTX	d²g₃₁dx₁dx₂	0
SolovevXpointNSTX	d²g₃₁dx₁dx₃	0
SolovevXpointNSTX	d²g₃₁dx₂dx₁	0
SolovevXpointNSTX	d²g₃₁dx₂dx₂	0
SolovevXpointNSTX	d²g₃₁dx₂dx₃	0
SolovevXpointNSTX	d²g₃₁dx₃dx₁	0
SolovevXpointNSTX	d²g₃₁dx₃dx₂	0
SolovevXpointNSTX	d²g₃₁dx₃dx₃	0
SolovevXpointNSTX	d²g₃₂dx₁dx₁	0
SolovevXpointNSTX	d²g₃₂dx₁dx₂	0
SolovevXpointNSTX	d²g₃₂dx₁dx₃	0
SolovevXpointNSTX	d²g₃₂dx₂dx₁	0
SolovevXpointNSTX	d²g₃₂dx₂dx₂	0
SolovevXpointNSTX	d²g₃₂dx₂dx₃	0
SolovevXpointNSTX	d²g₃₂dx₃dx₁	0
SolovevXpointNSTX	d²g₃₂dx₃dx₂	0
SolovevXpointNSTX	d²g₃₂dx₃dx₃	0
SolovevXpointNSTX	d²g₃₃dx₁dx₁	1.4449999999999998
SolovevXpointNSTX	d²g₃₃dx₁dx₂	0
SolovevXpointNSTX	d²g₃₃dx₁dx₃	0
SolovevXpointNSTX	d²g₃₃dx₂dx₁	0
SolovevXpointNSTX	d²g₃₃dx₂dx₂	0
SolovevXpointNSTX	d²g₃₃dx₂dx₃	0
SolovevXpointNSTX	d²g₃₃dx₃dx₁	0
SolovevXpointNSTX	d²g₃₃dx₃dx₂	0
SolovevXpointNSTX	d²g₃₃dx₃dx₃	0
SolovevXpointNSTX	g²²	1.3840830449826991
SolovevXpointNSTX	g²³	0
SolovevXpointNSTX	g²¹	0
SolovevXpointNSTX	g³²	0
SolovevXpointNSTX	g³³	1.255404122433287
SolovevXpointNSTX	g³¹	0
SolovevXpointNSTX	g¹²	0
SolovevXpointNSTX	g¹³	0
SolovevXpointNSTX	g¹¹	1.3840830449826991
SolovevXpointNSTX	g₁₁	0.72249999999999992
SolovevXpointNSTX	g₁₂	0
SolovevXpointNSTX	g₁₃	0
SolovevXpointNSTX	g₂₁	0
SolovevXpointNSTX	g₂₂	0.72249999999999992
SolovevXpointNSTX	g₂₃	0
SolovevXpointNSTX	g₃₁	0
SolovevXpointNSTX	g₃₂	0
SolovevXpointNSTX	g₃₃	0.79655624999999997
SolovevXpointNSTX	maxx²	Inf
SolovevXpointNSTX	maxx³	6.2831853071795862
SolovevXpointNSTX	maxx¹	Inf
SolovevXpointNSTX	minx²	-Inf
SolovevXpointNSTX	minx³	0
SolovevXpointNSTX	minx¹	-Inf
SolovevXpointNSTX	orientation	-1
SolovevXpointNSTX	r	0.21670832932769332
SolovevXpointNSTX	r²	0.04696249999999999
SolovevXpointNSTX	x²	0.42788729320425117
SolovevXpointNSTX	x³	0.21249999999999999
SolovevXpointNSTX	x¹	0.78324243648715763
SolovevXpointNSTX	θ	1.3734007669450159
SolovevXpointNSTX	ξ²	0.58823529411764708
SolovevXpointNSTX	ξ³	0.23374318086890142
SolovevXpointNSTX	ξ¹	1.2698254791131121
SolovevXpointNSTX	φ	0
SolovevXpointNSTX	ϕ	0.5
SolovevDoubleXNSTX	A²	-0.0086100289710762442
SolovevDoubleXNSTX	A³	-0.25635510774363601
SolovevDoubleXNSTX	A¹	0.042016806722689079
SolovevDoubleXNSTX	A₁	0.030357142857142857
SolovevDoubleXNSTX	A₂	-0.0062207459316025865
SolovevDoubleXNSTX	A₃	-0.20420126329261665
SolovevDoubleXNSTX	B	0.43098816140680318
SolovevDoubleXNSTX	B²	-0.30288990541224448
SolovevDoubleXNSTX	B³	0.3766212367299861
SolovevDoubleXNSTX	B¹	-0.094708558678732221
SolovevDoubleXNSTX	B₁	-0.068426933645384019
SolovevDoubleXNSTX	B₁₁	0
SolovevDoubleXNSTX	B₁₂	-0.12142857142857143
SolovevDoubleXNSTX	B₁₃	-0.09765643815967967
SolovevDoubleXNSTX	B₂	-0.21883795666034661
SolovevDoubleXNSTX	B₂₁	0.12142857142857143
SolovevDoubleXNSTX	B₂₂	0
SolovevDoubleXNSTX	B₂₃	0.03053551913925262
SolovevDoubleXNSTX	B₃	0.29999999999999999
SolovevDoubleXNSTX	B₃₁	0.097656438159679615
SolovevDoubleXNSTX	B₃₂	-0.03053551913925262
SolovevDoubleXNSTX	B₃₃	0
SolovevDoubleXNSTX	B₍₁₎	-0.23179883417212382
SolovevDoubleXNSTX	B₍₂₎	0.25639088859746884
SolovevDoubleXNSTX	B₍₃₎	-0.25745641960040777
SolovevDoubleXNSTX	DF̄₁₁	1.0324500728122032
SolovevDoubleXNSTX	DF̄₁₂	0.56403004541670942
SolovevDoubleXNSTX	DF̄₁₃	0
SolovevDoubleXNSTX	DF̄₂₁	0
SolovevDoubleXNSTX	DF̄₂₂	0
SolovevDoubleXNSTX	DF̄₂₃	1.1764705882352942
SolovevDoubleXNSTX	DF̄₃₁	-0.53717147182543745
SolovevDoubleXNSTX	DF̄₃₂	0.98328578363066954
SolovevDoubleXNSTX	DF̄₃₃	0
SolovevDoubleXNSTX	DF₁₁	0.74594517760681678
SolovevDoubleXNSTX	DF₁₂	0
SolovevDoubleXNSTX	DF₁₃	-0.42788729320425117
SolovevDoubleXNSTX	DF₂₁	0.40751170781357254
SolovevDoubleXNSTX	DF₂₂	0
SolovevDoubleXNSTX	DF₂₃	0.78324243648715763
SolovevDoubleXNSTX	DF₃₁	0
SolovevDoubleXNSTX	DF₃₂	0.84999999999999998
SolovevDoubleXNSTX	DF₃₃	0
SolovevDoubleXNSTX	E²	0
SolovevDoubleXNSTX	E³	0
SolovevDoubleXNSTX	E¹	0
SolovevDoubleXNSTX	E₁	0
SolovevDoubleXNSTX	E₂	0
SolovevDoubleXNSTX	E₃	0
SolovevDoubleXNSTX	J	0.64483124999999997
SolovevDoubleXNSTX	R	0.89249999999999996
SolovevDoubleXNSTX	X	0.78324243648715763
SolovevDoubleXNSTX	Y	0.42788729320425117
SolovevDoubleXNSTX	Z	0.21249999999999999
SolovevDoubleXNSTX	a²	0.93398538005339315
SolovevDoubleXNSTX	a³	0.68130484040507255
SolovevDoubleXNSTX	a¹	0
SolovevDoubleXNSTX	a₁	0
SolovevDoubleXNSTX	a₂	0.6748044370885764
SolovevDoubleXNSTX	a₃	0.54269762877991312
SolovevDoubleXNSTX	a₍₁₎	-0.29152168400788087
SolovevDoubleXNSTX	a₍₂₎	0.53362686318936325
SolovevDoubleXNSTX	a₍₃₎	0.79388757304538415
SolovevDoubleXNSTX	b²	-0.70278010519725453
SolovevDoubleXNSTX	b³	0.87385517852890393
SolovevDoubleXNSTX	b¹	-0.21974747141450654
SolovevDoubleXNSTX	b₁	-0.15876754809698096
SolovevDoubleXNSTX	b₂	-0.50775862600501631
SolovevDoubleXNSTX	b₃	0.69607480405206423
SolovevDoubleXNSTX	b₍₁₎	-0.53783109358619341
SolovevDoubleXNSTX	b₍₂₎	0.59489079180405924
SolovevDoubleXNSTX	b₍₃₎	-0.59736308941766625
SolovevDoubleXNSTX	c²	-0.13362065172776968
SolovevDoubleXNSTX	c³	0.16614741596583096
SolovevDoubleXNSTX	c¹	1.1557655877337887
SolovevDoubleXNSTX	c₁	0.83504063713766219
SolovevDoubleXNSTX	c₂	-0.096540920873313604
SolovevDoubleXNSTX	c₃	0.13234576260893241
SolovevDoubleXNSTX	c₍₁₎	0.7910453985234277
SolovevDoubleXNSTX	c₍₂₎	0.60112171538667636
SolovevDoubleXNSTX	c₍₃₎	-0.11357755396860424
SolovevDoubleXNSTX	dA₁dx₁	-0.028911564625850338
SolovevDoubleXNSTX	dA₁dx₂	0.12142857142857143
SolovevDoubleXNSTX	dA₁dx₃	0
SolovevDoubleXNSTX	dA₂dx₁	-0.12142857142857143
SolovevDoubleXNSTX	dA₂dx₂	0
SolovevDoubleXNSTX	dA₂dx₃	0
SolovevDoubleXNSTX	dA₃dx₁	-0.19531287631935923
SolovevDoubleXNSTX	dA₃dx₂	0.061071038278505241
SolovevDoubleXNSTX	dA₃dx₃	0
SolovevDoubleXNSTX	dBdx₁	-0.91274912505121975
SolovevDoubleXNSTX	dBdx₂	-0.027948713455116111
SolovevDoubleXNSTX	dBdx₃	0
SolovevDoubleXNSTX	dB₁dx₁	-0.059974231031352312
SolovevDoubleXNSTX	dB₁dx₂	-0.27303665259052651
SolovevDoubleXNSTX	dB₁dx₃	0
SolovevDoubleXNSTX	dB₂dx₁	0.96225746505653265
SolovevDoubleXNSTX	dB₂dx₂	0.12514273926505137
SolovevDoubleXNSTX	dB₂dx₃	0
SolovevDoubleXNSTX	dB₃dx₁	0
SolovevDoubleXNSTX	dB₃dx₂	0
SolovevDoubleXNSTX	dB₃dx₃	0
SolovevDoubleXNSTX	dE₁dx₁	0
SolovevDoubleXNSTX	dE₁dx₂	0
SolovevDoubleXNSTX	dE₁dx₃	0
SolovevDoubleXNSTX	dE₂dx₁	0
SolovevDoubleXNSTX	dE₂dx₂	0
SolovevDoubleXNSTX	dE₂dx₃	0
SolovevDoubleXNSTX	dE₃dx₁	0
SolovevDoubleXNSTX	dE₃dx₂	0
SolovevDoubleXNSTX	dE₃dx₃	0
SolovevDoubleXNSTX	db₁dx₁	-0.47539396668022949
SolovevDoubleXNSTX	db₁dx₂	-0.6438088702774295
SolovevDoubleXNSTX	db₁dx₃	0
SolovevDoubleXNSTX	db₂dx₁	1.157343212874085
SolovevDoubleXNSTX	db₂dx₂	0.25743523571578619
SolovevDoubleXNSTX	db₂dx₃	0
SolovevDoubleXNSTX	db₃dx₁	1.474151091052897
SolovevDoubleXNSTX	db₃dx₂	0.045139047852905026
SolovevDoubleXNSTX	db₃dx₃	0
SolovevDoubleXNSTX	db₍₁₎dx₁	-0.92658623060339618
SolovevDoubleXNSTX	db₍₁₎dx₂	-0.68894792376701819
SolovevDoubleXNSTX	db₍₁₎dx₃	-0.59489079180405924
SolovevDoubleXNSTX	db₍₂₎dx₁	0.52952727378809539
SolovevDoubleXNSTX	db₍₂₎dx₂	-0.31874296230187282
SolovevDoubleXNSTX	db₍₂₎dx₃	-0.53783109358619341
SolovevDoubleXNSTX	db₍₃₎dx₁	1.3615802504400998
SolovevDoubleXNSTX	db₍₃₎dx₂	0.30286498319504263
SolovevDoubleXNSTX	db₍₃₎dx₃	0
SolovevDoubleXNSTX	dg²²dx₁	0
SolovevDoubleXNSTX	dg²²dx₂	0
SolovevDoubleXNSTX	dg²²dx₃	0
SolovevDoubleXNSTX	dg²³dx₁	0
SolovevDoubleXNSTX	dg²³dx₂	0
SolovevDoubleXNSTX	dg²³dx₃	0
SolovevDoubleXNSTX	dg²¹dx₁	0
SolovevDoubleXNSTX	dg²¹dx₂	0
SolovevDoubleXNSTX	dg²¹dx₃	0
SolovevDoubleXNSTX	dg³²dx₁	0
SolovevDoubleXNSTX	dg³²dx₂	0
SolovevDoubleXNSTX	dg³²dx₃	0
SolovevDoubleXNSTX	dg³³dx₁	-2.3912459474919752
SolovevDoubleXNSTX	dg³³dx₂	0
SolovevDoubleXNSTX	dg³³dx₃	0
SolovevDoubleXNSTX	dg³¹dx₁	0
SolovevDoubleXNSTX	dg³¹dx₂	0
SolovevDoubleXNSTX	dg³¹dx₃	0
SolovevDoubleXNSTX	dg¹²dx₁	0
SolovevDoubleXNSTX	dg¹²dx₂	0
SolovevDoubleXNSTX	dg¹²dx₃	0
SolovevDoubleXNSTX	dg¹³dx₁	0
SolovevDoubleXNSTX	dg¹³dx₂	0
SolovevDoubleXNSTX	dg¹³dx₃	0
SolovevDoubleXNSTX	dg¹¹dx₁	0
SolovevDoubleXNSTX	dg¹¹dx₂	0
SolovevDoubleXNSTX	dg¹¹dx₃	0
SolovevDoubleXNSTX	dg₁₁dx₁	0
SolovevDoubleXNSTX	dg₁₁dx₂	0
SolovevDoubleXNSTX	dg₁₁dx₃	0
SolovevDoubleXNSTX	dg₁₂dx₁	0
SolovevDoubleXNSTX	dg₁₂dx₂	0
SolovevDoubleXNSTX	dg₁₂dx₃	0
SolovevDoubleXNSTX	dg₁₃dx₁	0
SolovevDoubleXNSTX	dg₁₃dx₂	0
SolovevDoubleXNSTX	dg₁₃dx₃	0
SolovevDoubleXNSTX	dg₂₁dx₁	0
SolovevDoubleXNSTX	dg₂₁dx₂	0
SolovevDoubleXNSTX	dg₂₁dx₃	0
SolovevDoubleXNSTX	dg₂₂dx₁	0
SolovevDoubleXNSTX	dg₂₂dx₂	0
SolovevDoubleXNSTX	dg₂₂dx₃	0
SolovevDoubleXNSTX	dg₂₃dx₁	0
SolovevDoubleXNSTX	dg₂₃dx₂	0
SolovevDoubleXNSTX	dg₂₃dx₃	0
SolovevDoubleXNSTX	dg₃₁dx₁	0
SolovevDoubleXNSTX	dg₃₁dx₂	0
SolovevDoubleXNSTX	dg₃₁dx₃	0
SolovevDoubleXNSTX	dg₃₂dx₁	0
SolovevDoubleXNSTX	dg₃₂dx₂	0
SolovevDoubleXNSTX	dg₃₂dx₃	0
SolovevDoubleXNSTX	dg₃₃dx₁	1.51725
SolovevDoubleXNSTX	dg₃₃dx₂	0
SolovevDoubleXNSTX	dg₃₃dx₃	0
SolovevDoubleXNSTX	d²A₁dx₁dx₁	0.055069646906381595
SolovevDoubleXNSTX	d²A₁dx₁dx₂	-0.11564625850340135
SolovevDoubleXNSTX	d²A₁dx₁dx₃	0
SolovevDoubleXNSTX	d²A₁dx₂dx₁	-0.11564625850340135
SolovevDoubleXNSTX	d²A₁dx₂dx₂	0
SolovevDoubleXNSTX	d²A₁dx₂dx₃	0
SolovevDoubleXNSTX	d²A₁dx₃dx₁	0
SolovevDoubleXNSTX	d²A₁dx₃dx₂	0
SolovevDoubleXNSTX	d²A₁dx₃dx₃	0
SolovevDoubleXNSTX	d²A₂dx₁dx₁	0.11564625850340135
SolovevDoubleXNSTX	d²A₂dx₁dx₂	0
SolovevDoubleXNSTX	d²A₂dx₁dx₃	0
SolovevDoubleXNSTX	d²A₂dx₂dx₁	0
SolovevDoubleXNSTX	d²A₂dx₂dx₂	0
SolovevDoubleXNSTX	d²A₂dx₂dx₃	0
SolovevDoubleXNSTX	d²A₂dx₃dx₁	0
SolovevDoubleXNSTX	d²A₂dx₃dx₂	0
SolovevDoubleXNSTX	d²A₂dx₃dx₃	0
SolovevDoubleXNSTX	d²A₃dx₁dx₁	0.67280252440166077
SolovevDoubleXNSTX	d²A₃dx₁dx₂	0.11168989479405834
SolovevDoubleXNSTX	d²A₃dx₁dx₃	0
SolovevDoubleXNSTX	d²A₃dx₂dx₁	0.11168989479405834
SolovevDoubleXNSTX	d²A₃dx₂dx₂	0.24368521243704488
SolovevDoubleXNSTX	d²A₃dx₂dx₃	0
SolovevDoubleXNSTX	d²A₃dx₃dx₁	0
SolovevDoubleXNSTX	d²A₃dx₃dx₂	0
SolovevDoubleXNSTX	d²A₃dx₃dx₃	0
SolovevDoubleXNSTX	d²Bdx₁dx₁	1.1145593491484995
SolovevDoubleXNSTX	d²Bdx₁dx₂	0.42703538858083201
SolovevDoubleXNSTX	d²Bdx₁dx₃	0
SolovevDoubleXNSTX	d²Bdx₂dx₁	0.42703538858083212
SolovevDoubleXNSTX	d²Bdx₂dx₂	-0.06967556410196396
SolovevDoubleXNSTX	d²Bdx₂dx₃	0
SolovevDoubleXNSTX	d²Bdx₃dx₁	0
SolovevDoubleXNSTX	d²Bdx₃dx₂	0
SolovevDoubleXNSTX	d²Bdx₃dx₃	0
SolovevDoubleXNSTX	d²b₁dx₁dx₁	-1.6377639834542115
SolovevDoubleXNSTX	d²b₁dx₁dx₂	-1.8068616491101364
SolovevDoubleXNSTX	d²b₁dx₁dx₃	0
SolovevDoubleXNSTX	d²b₁dx₂dx₁	-1.8068616491101364
SolovevDoubleXNSTX	d²b₁dx₂dx₂	-0.085882914874611388
SolovevDoubleXNSTX	d²b₁dx₂dx₃	0
SolovevDoubleXNSTX	d²b₁dx₃dx₁	0
SolovevDoubleXNSTX	d²b₁dx₃dx₂	0
SolovevDoubleXNSTX	d²b₁dx₃dx₃	0
SolovevDoubleXNSTX	d²b₂dx₁dx₁	8.3749702107467119
SolovevDoubleXNSTX	d²b₂dx₁dx₂	1.1466345124148676
SolovevDoubleXNSTX	d²b₂dx₁dx₃	0
SolovevDoubleXNSTX	d²b₂dx₂dx₁	1.1466345124148678
SolovevDoubleXNSTX	d²b₂dx₂dx₂	1.1245302262785395
SolovevDoubleXNSTX	d²b₂dx₂dx₃	0
SolovevDoubleXNSTX	d²b₂dx₃dx₁	0
SolovevDoubleXNSTX	d²b₂dx₃dx₂	0
SolovevDoubleXNSTX	d²b₂dx₃dx₃	0
SolovevDoubleXNSTX	d²b₃dx₁dx₁	4.4438426111035509
SolovevDoubleXNSTX	d²b₃dx₁dx₂	-0.49849935752676117
SolovevDoubleXNSTX	d²b₃dx₁dx₃	0
SolovevDoubleXNSTX	d²b₃dx₂dx₁	-0.49849935752676128
SolovevDoubleXNSTX	d²b₃dx₂dx₂	0.11838506443216994
SolovevDoubleXNSTX	d²b₃dx₂dx₃	0
SolovevDoubleXNSTX	d²b₃dx₃dx₁	0
SolovevDoubleXNSTX	d²b₃dx₃dx₂	0
SolovevDoubleXNSTX	d²b₃dx₃dx₃	0
SolovevDoubleXNSTX	d²g²²dx₁dx₁	0
SolovevDoubleXNSTX	d²g²²dx₁dx₂	0
SolovevDoubleXNSTX	d²g²²dx₁dx₃	0
SolovevDoubleXNSTX	d²g²²dx₂dx₁	0
SolovevDoubleXNSTX	d²g²²dx₂dx₂	0
SolovevDoubleXNSTX	d²g²²dx₂dx₃	0
SolovevDoubleXNSTX	d²g²²dx₃dx₁	0
SolovevDoubleXNSTX	d²g²²dx₃dx₂	0
SolovevDoubleXNSTX	d²g²²dx₃dx₃	0
SolovevDoubleXNSTX	d²g²³dx₁dx₁	0
SolovevDoubleXNSTX	d²g²³dx₁dx₂	0
SolovevDoubleXNSTX	d²g²³dx₁dx₃	0
SolovevDoubleXNSTX	d²g²³dx₂dx₁	0
SolovevDoubleXNSTX	d²g²³dx₂dx₂	0
SolovevDoubleXNSTX	d²g²³dx₂dx₃	0
SolovevDoubleXNSTX	d²g²³dx₃dx₁	0
SolovevDoubleXNSTX	d²g²³dx₃dx₂	0
SolovevDoubleXNSTX	d²g²³dx₃dx₃	0
SolovevDoubleXNSTX	d²g²¹dx₁dx₁	0
SolovevDoubleXNSTX	d²g²¹dx₁dx₂	0
SolovevDoubleXNSTX	d²g²¹dx₁dx₃	0
SolovevDoubleXNSTX	d²g²¹dx₂dx₁	0
SolovevDoubleXNSTX	d²g²¹dx₂dx₂	0
SolovevDoubleXNSTX	d²g²¹dx₂dx₃	0
SolovevDoubleXNSTX	d²g²¹dx₃dx₁	0
SolovevDoubleXNSTX	d²g²¹dx₃dx₂	0
SolovevDoubleXNSTX	d²g²¹dx₃dx₃	0
SolovevDoubleXNSTX	d²g³²dx₁dx₁	0
SolovevDoubleXNSTX	d²g³²dx₁dx₂	0
SolovevDoubleXNSTX	d²g³²dx₁dx₃	0
SolovevDoubleXNSTX	d²g³²dx₂dx₁	0
SolovevDoubleXNSTX	d²g³²dx₂dx₂	0
SolovevDoubleXNSTX	d²g³²dx₂dx₃	0
SolovevDoubleXNSTX	d²g³²dx₃dx₁	0
SolovevDoubleXNSTX	d²g³²dx₃dx₂	0
SolovevDoubleXNSTX	d²g³²dx₃dx₃	0
SolovevDoubleXNSTX	d²g³³dx₁dx₁	6.8321312785485011
SolovevDoubleXNSTX	d²g³³dx₁dx₂	0
SolovevDoubleXNSTX	d²g³³dx₁dx₃	0
SolovevDoubleXNSTX	d²g³³dx₂dx₁	0
SolovevDoubleXNSTX	d²g³³dx₂dx₂	0
SolovevDoubleXNSTX	d²g³³dx₂dx₃	0
SolovevDoubleXNSTX	d²g³³dx₃dx₁	0
SolovevDoubleXNSTX	d²g³³dx₃dx₂	0
SolovevDoubleXNSTX	d²g³³dx₃dx₃	0
SolovevDoubleXNSTX	d²g³¹dx₁dx₁	0
SolovevDoubleXNSTX	d²g³¹dx₁dx₂	0
SolovevDoubleXNSTX	d²g³¹dx₁dx₃	0
SolovevDoubleXNSTX	d²g³¹dx₂dx₁	0
SolovevDoubleXNSTX	d²g³¹dx₂dx₂	0
SolovevDoubleXNSTX	d²g³¹dx₂dx₃	0
SolovevDoubleXNSTX	d²g³¹dx₃dx₁	0
SolovevDoubleXNSTX	d²g³¹dx₃dx₂	0
SolovevDoubleXNSTX	d²g³¹dx₃dx₃	0
SolovevDoubleXNSTX	d²g¹²dx₁dx₁	0
SolovevDoubleXNSTX	d²g¹²dx₁dx₂	0
SolovevDoubleXNSTX	d²g¹²dx₁dx₃	0
SolovevDoubleXNSTX	d²g¹²dx₂dx₁	0
SolovevDoubleXNSTX	d²g¹²dx₂dx₂	0
SolovevDoubleXNSTX	d²g¹²dx₂dx₃	0
SolovevDoubleXNSTX	d²g¹²dx₃dx₁	0
SolovevDoubleXNSTX	d²g¹²dx₃dx₂	0
SolovevDoubleXNSTX	d²g¹²dx₃dx₃	0
SolovevDoubleXNSTX	d²g¹³dx₁dx₁	0
SolovevDoubleXNSTX	d²g¹³dx₁dx₂	0
SolovevDoubleXNSTX	d²g¹³dx₁dx₃	0
SolovevDoubleXNSTX	d²g¹³dx₂dx₁	0
SolovevDoubleXNSTX	d²g¹³dx₂dx₂	0
SolovevDoubleXNSTX	d²g¹³dx₂dx₃	0
SolovevDoubleXNSTX	d²g¹³dx₃dx₁	0
SolovevDoubleXNSTX	d²g¹³dx₃dx₂	0
SolovevDoubleXNSTX	d²g¹³dx₃dx₃	0
SolovevDoubleXNSTX	d²g¹¹dx₁dx₁	0
SolovevDoubleXNSTX	d²g¹¹dx₁dx₂	0
SolovevDoubleXNSTX	d²g¹¹dx₁dx₃	0
SolovevDoubleXNSTX	d²g¹¹dx₂dx₁	0
SolovevDoubleXNSTX	d²g¹¹dx₂dx₂	0
SolovevDoubleXNSTX	d²g¹¹dx₂dx₃	0
SolovevDoubleXNSTX	d²g¹¹dx₃dx₁	0
SolovevDoubleXNSTX	d²g¹¹dx₃dx₂	0
SolovevDoubleXNSTX	d²g¹¹dx₃dx₃	0
SolovevDoubleXNSTX	d²g₁₁dx₁dx₁	0
SolovevDoubleXNSTX	d²g₁₁dx₁dx₂	0
SolovevDoubleXNSTX	d²g₁₁dx₁dx₃	0
SolovevDoubleXNSTX	d²g₁₁dx₂dx₁	0
SolovevDoubleXNSTX	d²g₁₁dx₂dx₂	0
SolovevDoubleXNSTX	d²g₁₁dx₂dx₃	0
SolovevDoubleXNSTX	d²g₁₁dx₃dx₁	0
SolovevDoubleXNSTX	d²g₁₁dx₃dx₂	0
SolovevDoubleXNSTX	d²g₁₁dx₃dx₃	0
SolovevDoubleXNSTX	d²g₁₂dx₁dx₁	0
SolovevDoubleXNSTX	d²g₁₂dx₁dx₂	0
SolovevDoubleXNSTX	d²g₁₂dx₁dx₃	0
SolovevDoubleXNSTX	d²g₁₂dx₂dx₁	0
SolovevDoubleXNSTX	d²g₁₂dx₂dx₂	0
SolovevDoubleXNSTX	d²g₁₂dx₂dx₃	0
SolovevDoubleXNSTX	d²g₁₂dx₃dx₁	0
SolovevDoubleXNSTX	d²g₁₂dx₃dx₂	0
SolovevDoubleXNSTX	d²g₁₂dx₃dx₃	0
SolovevDoubleXNSTX	d²g₁₃dx₁dx₁	0
SolovevDoubleXNSTX	d²g₁₃dx₁dx₂	0
SolovevDoubleXNSTX	d²g₁₃dx₁dx₃	0
SolovevDoubleXNSTX	d²g₁₃dx₂dx₁	0
SolovevDoubleXNSTX	d²g₁₃dx₂dx₂	0
SolovevDoubleXNSTX	d²g₁₃dx₂dx₃	0
SolovevDoubleXNSTX	d²g₁₃dx₃dx₁	0
SolovevDoubleXNSTX	d²g₁₃dx₃dx₂	0
SolovevDoubleXNSTX	d²g₁₃dx₃dx₃	0
SolovevDoubleXNSTX	d²g₂₁dx₁dx₁	0
SolovevDoubleXNSTX	d²g₂₁dx₁dx₂	0
SolovevDoubleXNSTX	d²g₂₁dx₁dx₃	0
SolovevDoubleXNSTX	d²g₂₁dx₂dx₁	0
SolovevDoubleXNSTX	d²g₂₁dx₂dx₂	0
SolovevDoubleXNSTX	d²g₂₁dx₂dx₃	0
SolovevDoubleXNSTX	d²g₂₁dx₃dx₁	0
SolovevDoubleXNSTX	d²g₂₁dx₃dx₂	0
SolovevDoubleXNSTX	d²g₂₁dx₃dx₃	0
SolovevDoubleXNSTX	d²g₂₂dx₁dx₁	0
SolovevDoubleXNSTX	d²g₂₂dx₁dx₂	0
SolovevDoubleXNSTX	d²g₂₂dx₁dx₃	0
SolovevDoubleXNSTX	d²g₂₂dx₂dx₁	0
SolovevDoubleXNSTX	d²g₂₂dx₂dx₂	0
SolovevDoubleXNSTX	d²g₂₂dx₂dx₃	0
SolovevDoubleXNSTX	d²g₂₂dx₃dx₁	0
SolovevDoubleXNSTX	d²g₂₂dx₃dx₂	0
SolovevDoubleXNSTX	d²g₂₂dx₃dx₃	0
SolovevDoubleXNSTX	d²g₂₃dx₁dx₁	0
SolovevDoubleXNSTX	d²g₂₃dx₁dx₂	0
SolovevDoubleXNSTX	d²g₂₃dx₁dx₃	0
SolovevDoubleXNSTX	d²g₂₃dx₂dx₁	0
SolovevDoubleXNSTX	d²g₂₃dx₂dx₂	0
SolovevDoubleXNSTX	d²g₂₃dx₂dx₃	0
SolovevDoubleXNSTX	d²g₂₃dx₃dx₁	0
SolovevDoubleXNSTX	d²g₂₃dx₃dx₂	0
SolovevDoubleXNSTX	d²g₂₃dx₃dx₃	0
SolovevDoubleXNSTX	d²g₃₁dx₁dx₁	0
SolovevDoubleXNSTX	d²g₃₁dx₁dx₂	0
SolovevDoubleXNSTX	d²g₃₁dx₁dx₃	0
SolovevDoubleXNSTX	d²g₃₁dx₂dx₁	0
SolovevDoubleXNSTX	d²g₃₁dx₂dx₂	0
SolovevDoubleXNSTX	d²g₃₁dx₂dx₃	0
SolovevDoubleXNSTX	d²g₃₁dx₃dx₁	0
SolovevDoubleXNSTX	d²g₃₁dx₃dx₂	0
SolovevDoubleXNSTX	d²g₃₁dx₃dx₃	0
SolovevDoubleXNSTX	d²g₃₂dx₁dx₁	0
SolovevDoubleXNSTX	d²g₃₂dx₁dx₂	0
SolovevDoubleXNSTX	d²g₃₂dx₁dx₃	0
SolovevDoubleXNSTX	d²g₃₂dx₂dx₁	0
SolovevDoubleXNSTX	d²g₃₂dx₂dx₂	0
SolovevDoubleXNSTX	d²g₃₂dx₂dx₃	0
SolovevDoubleXNSTX	d²g₃₂dx₃dx₁	0
SolovevDoubleXNSTX	d²g₃₂dx₃dx₂	0
SolovevDoubleXNSTX	d²g₃₂dx₃dx₃	0
SolovevDoubleXNSTX	d²g₃₃dx₁dx₁	1.4449999999999998
SolovevDoubleXNSTX	d²g₃₃dx₁dx₂	0
SolovevDoubleXNSTX	d²g₃₃dx₁dx₃	0
SolovevDoubleXNSTX	d²g₃₃dx₂dx₁	0
SolovevDoubleXNSTX	d²g₃₃dx₂dx₂	0
SolovevDoubleXNSTX	d²g₃₃dx₂dx₃	0
SolovevDoubleXNSTX	d²g₃₃dx₃dx₁	0
SolovevDoubleXNSTX	d²g₃₃dx₃dx₂	0
SolovevDoubleXNSTX	d²g₃₃dx₃dx₃	0
SolovevDoubleXNSTX	g²²	1.3840830449826991
SolovevDoubleXNSTX	g²³	0
SolovevDoubleXNSTX	g²¹	0
SolovevDoubleXNSTX	g³²	0
SolovevDoubleXNSTX	g³³	1.255404122433287
SolovevDoubleXNSTX	g³¹	0
SolovevDoubleXNSTX	g¹²	0
SolovevDoubleXNSTX	g¹³	0
SolovevDoubleXNSTX	g¹¹	1.3840830449826991
SolovevDoubleXNSTX	g₁₁	0.72249999999999992
SolovevDoubleXNSTX	g₁₂	0
SolovevDoubleXNSTX	g₁₃	0
SolovevDoubleXNSTX	g₂₁	0
SolovevDoubleXNSTX	g₂₂	0.72249999999999992
SolovevDoubleXNSTX	g₂₃	0
SolovevDoubleXNSTX	g₃₁	0
SolovevDoubleXNSTX	g₃₂	0
SolovevDoubleXNSTX	g₃₃	0.79655624999999997
SolovevDoubleXNSTX	maxx²	Inf
SolovevDoubleXNSTX	maxx³	6.2831853071795862
SolovevDoubleXNSTX	maxx¹	Inf
SolovevDoubleXNSTX	minx²	-Inf
SolovevDoubleXNSTX	minx³	0
SolovevDoubleXNSTX	minx¹	-Inf
SolovevDoubleXNSTX	orientation	-1
SolovevDoubleXNSTX	r	0.21670832932769332
SolovevDoubleXNSTX	r²	0.04696249999999999
SolovevDoubleXNSTX	x²	0.42788729320425117
SolovevDoubleXNSTX	x³	0.21249999999999999
SolovevDoubleXNSTX	x¹	0.78324243648715763
SolovevDoubleXNSTX	θ	1.3734007669450159
SolovevDoubleXNSTX	ξ²	0.58823529411764708
SolovevDoubleXNSTX	ξ³	0.23374318086890142
SolovevDoubleXNSTX	ξ¹	1.2698254791131121
SolovevDoubleXNSTX	φ	0
SolovevDoubleXNSTX	ϕ	0.5
SolovevSymmetric	A²	0
SolovevSymmetric	A³	-1.328125
SolovevSymmetric	A¹	0
SolovevSymmetric	A₁	0
SolovevSymmetric	A₂	0
SolovevSymmetric	A₃	-1.328125
SolovevSymmetric	B	3.384246592670221
SolovevSymmetric	B²	3.375
SolovevSymmetric	B³	0
SolovevSymmetric	B¹	-0.25
SolovevSymmetric	B₁	-0.25
SolovevSymmetric	B₁₁	0
SolovevSymmetric	B₁₂	0
SolovevSymmetric	B₁₃	-1.6875
SolovevSymmetric	B₂	3.375
SolovevSymmetric	B₂₁	0
SolovevSymmetric	B₂₂	0
SolovevSymmetric	B₂₃	-0.125
SolovevSymmetric	B₃	0
SolovevSymmetric	B₃₁	1.6875
SolovevSymmetric	B₃₂	0.125
SolovevSymmetric	B₃₃	0
SolovevSymmetric	B₍₁₎	-0.25
SolovevSymmetric	B₍₂₎	3.375
SolovevSymmetric	B₍₃₎	0
SolovevSymmetric	DF̄₁₁	1
SolovevSymmetric	DF̄₁₂	0
SolovevSymmetric	DF̄₁₃	0
SolovevSymmetric	DF̄₂₁	0
SolovevSymmetric	DF̄₂₂	1
SolovevSymmetric	DF̄₂₃	0
SolovevSymmetric	DF̄₃₁	0
SolovevSymmetric	DF̄₃₂	0
SolovevSymmetric	DF̄₃₃	1
SolovevSymmetric	DF₁₁	1
SolovevSymmetric	DF₁₂	0
SolovevSymmetric	DF₁₃	0
SolovevSymmetric	DF₂₁	0
SolovevSymmetric	DF₂₂	1
SolovevSymmetric	DF₂₃	0
SolovevSymmetric	DF₃₁	0
SolovevSymmetric	DF₃₂	0
SolovevSymmetric	DF₃₃	1
SolovevSymmetric	E²	0
SolovevSymmetric	E³	0
SolovevSymmetric	E¹	0
SolovevSymmetric	E₁	0
SolovevSymmetric	E₂	0
SolovevSymmetric	E₃	0
SolovevSymmetric	J	1
SolovevSymmetric	X	0.5
SolovevSymmetric	Y	0.5
SolovevSymmetric	Z	0.5
SolovevSymmetric	a²	0
SolovevSymmetric	a³	1.0000000000000002
SolovevSymmetric	a¹	0
SolovevSymmetric	a₁	0
SolovevSymmetric	a₂	0
SolovevSymmetric	a₃	1.0000000000000002
SolovevSymmetric	a₍₁₎	0
SolovevSymmetric	a₍₂₎	0
SolovevSymmetric	a₍₃₎	1.0000000000000002
SolovevSymmetric	b²	0.99726775445670912
SolovevSymmetric	b³	0
SolovevSymmetric	b¹	-0.073871685515311786
SolovevSymmetric	b₁	-0.073871685515311786
SolovevSymmetric	b₂	0.99726775445670912
SolovevSymmetric	b₃	0
SolovevSymmetric	b₍₁₎	-0.073871685515311786
SolovevSymmetric	b₍₂₎	0.99726775445670912
SolovevSymmetric	b₍₃₎	0
SolovevSymmetric	c²	0.073871685515311786
SolovevSymmetric	c³	0
SolovevSymmetric	c¹	0.9972677544567089
SolovevSymmetric	c₁	0.9972677544567089
SolovevSymmetric	c₂	0.073871685515311786
SolovevSymmetric	c₃	0
SolovevSymmetric	c₍₁₎	0.9972677544567089
SolovevSymmetric	c₍₂₎	0.073871685515311786
SolovevSymmetric	c₍₃₎	0
SolovevSymmetric	dA₁dx₁	0
SolovevSymmetric	dA₁dx₂	0
SolovevSymmetric	dA₁dx₃	0
SolovevSymmetric	dA₂dx₁	0
SolovevSymmetric	dA₂dx₂	0
SolovevSymmetric	dA₂dx₃	0
SolovevSymmetric	dA₃dx₁	-3.375
SolovevSymmetric	dA₃dx₂	-0.25
SolovevSymmetric	dA₃dx₃	0
SolovevSymmetric	dBdx₁	6.7315573425827866
SolovevSymmetric	dBdx₂	0.036935842757655893
SolovevSymmetric	dBdx₃	0
SolovevSymmetric	dB₁dx₁	0
SolovevSymmetric	dB₁dx₂	-0.5
SolovevSymmetric	dB₁dx₃	0
SolovevSymmetric	dB₂dx₁	6.75
SolovevSymmetric	dB₂dx₂	0
SolovevSymmetric	dB₂dx₃	0
SolovevSymmetric	dB₃dx₁	0
SolovevSymmetric	dB₃dx₂	0
SolovevSymmetric	dB₃dx₃	0
SolovevSymmetric	dE₁dx₁	0
SolovevSymmetric	dE₁dx₂	0
SolovevSymmetric	dE₁dx₃	0
SolovevSymmetric	dE₂dx₁	0
SolovevSymmetric	dE₂dx₂	0
SolovevSymmetric	dE₂dx₃	0
SolovevSymmetric	dE₃dx₁	0
SolovevSymmetric	dE₃dx₂	0
SolovevSymmetric	dE₃dx₃	0
SolovevSymmetric	db₁dx₁	0.14693713162527228
SolovevSymmetric	db₁dx₂	-0.14693713162527228
SolovevSymmetric	db₁dx₃	0
SolovevSymmetric	db₂dx₁	0.010884231972242642
SolovevSymmetric	db₂dx₂	-0.01088423197224239
SolovevSymmetric	db₂dx₃	0
SolovevSymmetric	db₃dx₁	0
SolovevSymmetric	db₃dx₂	0
SolovevSymmetric	db₃dx₃	0
SolovevSymmetric	db₍₁₎dx₁	0.14693713162527228
SolovevSymmetric	db₍₁₎dx₂	-0.14693713162527228
SolovevSymmetric	db₍₁₎dx₃	0
SolovevSymmetric	db₍₂₎dx₁	0.010884231972242642
SolovevSymmetric	db₍₂₎dx₂	-0.01088423197224239
SolovevSymmetric	db₍₂₎dx₃	0
SolovevSymmetric	db₍₃₎dx₁	0
SolovevSymmetric	db₍₃₎dx₂	0
SolovevSymmetric	db₍₃₎dx₃	0
SolovevSymmetric	dg²²dx₁	0
SolovevSymmetric	dg²²dx₂	0
SolovevSymmetric	dg²²dx₃	0
SolovevSymmetric	dg²³dx₁	0
SolovevSymmetric	dg²³dx₂	0
SolovevSymmetric	dg²³dx₃	0
SolovevSymmetric	dg²¹dx₁	0
SolovevSymmetric	dg²¹dx₂	0
SolovevSymmetric	dg²¹dx₃	0
SolovevSymmetric	dg³²dx₁	0
SolovevSymmetric	dg³²dx₂	0
SolovevSymmetric	dg³²dx₃	0
SolovevSymmetric	dg³³dx₁	0
SolovevSymmetric	dg³³dx₂	0
SolovevSymmetric	dg³³dx₃	0
SolovevSymmetric	dg³¹dx₁	0
SolovevSymmetric	dg³¹dx₂	0
SolovevSymmetric	dg³¹dx₃	0
SolovevSymmetric	dg¹²dx₁	0
SolovevSymmetric	dg¹²dx₂	0
SolovevSymmetric	dg¹²dx₃	0
SolovevSymmetric	dg¹³dx₁	0
SolovevSymmetric	dg¹³dx₂	0
SolovevSymmetric	dg¹³dx₃	0
SolovevSymmetric	dg¹¹dx₁	0
SolovevSymmetric	dg¹¹dx₂	0
SolovevSymmetric	dg¹¹dx₃	0
SolovevSymmetric	dg₁₁dx₁	0
SolovevSymmetric	dg₁₁dx₂	0
SolovevSymmetric	dg₁₁dx₃	0
SolovevSymmetric	dg₁₂dx₁	0
SolovevSymmetric	dg₁₂dx₂	0
SolovevSymmetric	dg₁₂dx₃	0
SolovevSymmetric	dg₁₃dx₁	0
SolovevSymmetric	dg₁₃dx₂	0
SolovevSymmetric	dg₁₃dx₃	0
SolovevSymmetric	dg₂₁dx₁	0
SolovevSymmetric	dg₂₁dx₂	0
SolovevSymmetric	dg₂₁dx₃	0
SolovevSymmetric	dg₂₂dx₁	0
SolovevSymmetric	dg₂₂dx₂	0
SolovevSymmetric	dg₂₂dx₃	0
SolovevSymmetric	dg₂₃dx₁	0
SolovevSymmetric	dg₂₃dx₂	0
SolovevSymmetric	dg₂₃dx₃	0
SolovevSymmetric	dg₃₁dx₁	0
SolovevSymmetric	dg₃₁dx₂	0
SolovevSymmetric	dg₃₁dx₃	0
SolovevSymmetric	dg₃₂dx₁	0
SolovevSymmetric	dg₃₂dx₂	0
SolovevSymmetric	dg₃₂dx₃	0
SolovevSymmetric	dg₃₃dx₁	0
SolovevSymmetric	dg₃₃dx₂	0
SolovevSymmetric	dg₃₃dx₃	0
SolovevSymmetric	d²A₁dx₁dx₁	0
SolovevSymmetric	d²A₁dx₁dx₂	0
SolovevSymmetric	d²A₁dx₁dx₃	0
SolovevSymmetric	d²A₁dx₂dx₁	0
SolovevSymmetric	d²A₁dx₂dx₂	0
SolovevSymmetric	d²A₁dx₂dx₃	0
SolovevSymmetric	d²A₁dx₃dx₁	0
SolovevSymmetric	d²A₁dx₃dx₂	0
SolovevSymmetric	d²A₁dx₃dx₃	0
SolovevSymmetric	d²A₂dx₁dx₁	0
SolovevSymmetric	d²A₂dx₁dx₂	0
SolovevSymmetric	d²A₂dx₁dx₃	0
SolovevSymmetric	d²A₂dx₂dx₁	0
SolovevSymmetric	d²A₂dx₂dx₂	0
SolovevSymmetric	d²A₂dx₂dx₃	0
SolovevSymmetric	d²A₂dx₃dx₁	0
SolovevSymmetric	d²A₂dx₃dx₂	0
SolovevSymmetric	d²A₂dx₃dx₃	0
SolovevSymmetric	d²A₃dx₁dx₁	-6.75
SolovevSymmetric	d²A₃dx₁dx₂	0
SolovevSymmetric	d²A₃dx₁dx₃	0
SolovevSymmetric	d²A₃dx₂dx₁	0
SolovevSymmetric	d²A₃dx₂dx₂	-0.5
SolovevSymmetric	d²A₃dx₂dx₃	0
SolovevSymmetric	d²A₃dx₃dx₁	0
SolovevSymmetric	d²A₃dx₃dx₂	0
SolovevSymmetric	d²A₃dx₃dx₃	0
SolovevSymmetric	d²Bdx₁dx₁	9.0488783559230193
SolovevSymmetric	d²Bdx₁dx₂	-0.073468565812636139
SolovevSymmetric	d²Bdx₁dx₃	0
SolovevSymmetric	d²Bdx₂dx₁	-0.073468565812636139
SolovevSymmetric	d²Bdx₂dx₂	0.073468565812636139
SolovevSymmetric	d²Bdx₂dx₃	0
SolovevSymmetric	d²Bdx₃dx₁	0
SolovevSymmetric	d²Bdx₃dx₂	0
SolovevSymmetric	d²Bdx₃dx₃	0
SolovevSymmetric	d²b₁dx₁dx₁	-0.38702131258461892
SolovevSymmetric	d²b₁dx₁dx₂	0.28906322483443742
SolovevSymmetric	d²b₁dx₁dx₃	0
SolovevSymmetric	d²b₁dx₂dx₁	0.28906322483443742
SolovevSymmetric	d²b₁dx₂dx₂	0.0048110384161071411
SolovevSymmetric	d²b₁dx₂dx₃	0
SolovevSymmetric	d²b₁dx₃dx₁	0
SolovevSymmetric	d²b₁dx₃dx₂	0
SolovevSymmetric	d²b₁dx₃dx₃	0
SolovevSymmetric	d²b₂dx₁dx₁	-0.050436709321122208
SolovevSymmetric	d²b₂dx₁dx₂	0.043180554672961627
SolovevSymmetric	d²b₂dx₁dx₃	0
SolovevSymmetric	d²b₂dx₂dx₁	0.043180554672961627
SolovevSymmetric	d²b₂dx₂dx₂	-0.021412090728476843
SolovevSymmetric	d²b₂dx₂dx₃	0
SolovevSymmetric	d²b₂dx₃dx₁	0
SolovevSymmetric	d²b₂dx₃dx₂	0
SolovevSymmetric	d²b₂dx₃dx₃	0
SolovevSymmetric	d²b₃dx₁dx₁	0
SolovevSymmetric	d²b₃dx₁dx₂	0
SolovevSymmetric	d²b₃dx₁dx₃	0
SolovevSymmetric	d²b₃dx₂dx₁	0
SolovevSymmetric	d²b₃dx₂dx₂	0
SolovevSymmetric	d²b₃dx₂dx₃	0
SolovevSymmetric	d²b₃dx₃dx₁	0
SolovevSymmetric	d²b₃dx₃dx₂	0
SolovevSymmetric	d²b₃dx₃dx₃	0
SolovevSymmetric	d²g²²dx₁dx₁	0
SolovevSymmetric	d²g²²dx₁dx₂	0
SolovevSymmetric	d²g²²dx₁dx₃	0
SolovevSymmetric	d²g²²dx₂dx₁	0
SolovevSymmetric	d²g²²dx₂dx₂	0
SolovevSymmetric	d²g²²dx₂dx₃	0
SolovevSymmetric	d²g²²dx₃dx₁	0
SolovevSymmetric	d²g²²dx₃dx₂	0
SolovevSymmetric	d²g²²dx₃dx₃	0
SolovevSymmetric	d²g²³dx₁dx₁	0
SolovevSymmetric	d²g²³dx₁dx₂	0
SolovevSymmetric	d²g²³dx₁dx₃	0
SolovevSymmetric	d²g²³dx₂dx₁	0
SolovevSymmetric	d²g²³dx₂dx₂	0
SolovevSymmetric	d²g²³dx₂dx₃	0
SolovevSymmetric	d²g²³dx₃dx₁	0
SolovevSymmetric	d²g²³dx₃dx₂	0
SolovevSymmetric	d²g²³dx₃dx₃	0
SolovevSymmetric	d²g²¹dx₁dx₁	0
SolovevSymmetric	d²g²¹dx₁dx₂	0
SolovevSymmetric	d²g²¹dx₁dx₃	0
SolovevSymmetric	d²g²¹dx₂dx₁	0
SolovevSymmetric	d²g²¹dx₂dx₂	0
SolovevSymmetric	d²g²¹dx₂dx₃	0
SolovevSymmetric	d²g²¹dx₃dx₁	0
SolovevSymmetric	d²g²¹dx₃dx₂	0
SolovevSymmetric	d²g²¹dx₃dx₃	0
SolovevSymmetric	d²g³²dx₁dx₁	0
SolovevSymmetric	d²g³²dx₁dx₂	0
SolovevSymmetric	d²g³²dx₁dx₃	0
SolovevSymmetric	d²g³²dx₂dx₁	0
SolovevSymmetric	d²g³²dx₂dx₂	0
SolovevSymmetric	d²g³²dx₂dx₃	0
SolovevSymmetric	d²g³²dx₃dx₁	0
SolovevSymmetric	d²g³²dx₃dx₂	0
SolovevSymmetric	d²g³²dx₃dx₃	0
SolovevSymmetric	d²g³³dx₁dx₁	0
SolovevSymmetric	d²g³³dx₁dx₂	0
SolovevSymmetric	d²g³³dx₁dx₃	0
SolovevSymmetric	d²g³³dx₂dx₁	0
SolovevSymmetric	d²g³³dx₂dx₂	0
SolovevSymmetric	d²g³³dx₂dx₃	0
SolovevSymmetric	d²g³³dx₃dx₁	0
SolovevSymmetric	d²g³³dx₃dx₂	0
SolovevSymmetric	d²g³³dx₃dx₃	0
SolovevSymmetric	d²g³¹dx₁dx₁	0
SolovevSymmetric	d²g³¹dx₁dx₂	0
SolovevSymmetric	d²g³¹dx₁dx₃	0
SolovevSymmetric	d²g³¹dx₂dx₁	0
SolovevSymmetric	d²g³¹dx₂dx₂	0
SolovevSymmetric	d²g³¹dx₂dx₃	0
SolovevSymmetric	d²g³¹dx₃dx₁	0
SolovevSymmetric	d²g³¹dx₃dx₂	0
SolovevSymmetric	d²g³¹dx₃dx₃	0
SolovevSymmetric	d²g¹²dx₁dx₁	0
SolovevSymmetric	d²g¹²dx₁dx₂	0
SolovevSymmetric	d²g¹²dx₁dx₃	0
SolovevSymmetric	d²g¹²dx₂dx₁	0
SolovevSymmetric	d²g¹²dx₂dx₂	0
SolovevSymmetric	d²g¹²dx₂dx₃	0
SolovevSymmetric	d²g¹²dx₃dx₁	0
SolovevSymmetric	d²g¹²dx₃dx₂	0
SolovevSymmetric	d²g¹²dx₃dx₃	0
SolovevSymmetric	d²g¹³dx₁dx₁	0
SolovevSymmetric	d²g¹³dx₁dx₂	0
SolovevSymmetric	d²g¹³dx₁dx₃	0
SolovevSymmetric	d²g¹³dx₂dx₁	0
SolovevSymmetric	d²g¹³dx₂dx₂	0
SolovevSymmetric	d²g¹³dx₂dx₃	0
SolovevSymmetric	d²g¹³dx₃dx₁	0
SolovevSymmetric	d²g¹³dx₃dx₂	0
SolovevSymmetric	d²g¹³dx₃dx₃	0
SolovevSymmetric	d²g¹¹dx₁dx₁	0
SolovevSymmetric	d²g¹¹dx₁dx₂	0
SolovevSymmetric	d²g¹¹dx₁dx₃	0
SolovevSymmetric	d²g¹¹dx₂dx₁	0
SolovevSymmetric	d²g¹¹dx₂dx₂	0
SolovevSymmetric	d²g¹¹dx₂dx₃	0
SolovevSymmetric	d²g¹¹dx₃dx₁	0
SolovevSymmetric	d²g¹¹dx₃dx₂	0
SolovevSymmetric	d²g¹¹dx₃dx₃	0
SolovevSymmetric	d²g₁₁dx₁dx₁	0
SolovevSymmetric	d²g₁₁dx₁dx₂	0
SolovevSymmetric	d²g₁₁dx₁dx₃	0
SolovevSymmetric	d²g₁₁dx₂dx₁	0
SolovevSymmetric	d²g₁₁dx₂dx₂	0
SolovevSymmetric	d²g₁₁dx₂dx₃	0
SolovevSymmetric	d²g₁₁dx₃dx₁	0
SolovevSymmetric	d²g₁₁dx₃dx₂	0
SolovevSymmetric	d²g₁₁dx₃dx₃	0
SolovevSymmetric	d²g₁₂dx₁dx₁	0
SolovevSymmetric	d²g₁₂dx₁dx₂	0
SolovevSymmetric	d²g₁₂dx₁dx₃	0
SolovevSymmetric	d²g₁₂dx₂dx₁	0
SolovevSymmetric	d²g₁₂dx₂dx₂	0
SolovevSymmetric	d²g₁₂dx₂dx₃	0
SolovevSymmetric	d²g₁₂dx₃dx₁	0
SolovevSymmetric	d²g₁₂dx₃dx₂	0
SolovevSymmetric	d²g₁₂dx₃dx₃	0
SolovevSymmetric	d²g₁₃dx₁dx₁	0
SolovevSymmetric	d²g₁₃dx₁dx₂	0
SolovevSymmetric	d²g₁₃dx₁dx₃	0
SolovevSymmetric	d²g₁₃dx₂dx₁	0
SolovevSymmetric	d²g₁₃dx₂dx₂	0
SolovevSymmetric	d²g₁₃dx₂dx₃	0
SolovevSymmetric	d²g₁₃dx₃dx₁	0
SolovevSymmetric	d²g₁₃dx₃dx₂	0
SolovevSymmetric	d²g₁₃dx₃dx₃	0
SolovevSymmetric	d²g₂₁dx₁dx₁	0
SolovevSymmetric	d²g₂₁dx₁dx₂	0
SolovevSymmetric	d²g₂₁dx₁dx₃	0
SolovevSymmetric	d²g₂₁dx₂dx₁	0
SolovevSymmetric	d²g₂₁dx₂dx₂	0
SolovevSymmetric	d²g₂₁dx₂dx₃	0
SolovevSymmetric	d²g₂₁dx₃dx₁	0
SolovevSymmetric	d²g₂₁dx₃dx₂	0
SolovevSymmetric	d²g₂₁dx₃dx₃	0
SolovevSymmetric	d²g₂₂dx₁dx₁	0
SolovevSymmetric	d²g₂₂dx₁dx₂	0
SolovevSymmetric	d²g₂₂dx₁dx₃	0
SolovevSymmetric	d²g₂₂dx₂dx₁	0
SolovevSymmetric	d²g₂₂dx₂dx₂	0
SolovevSymmetric	d²g₂₂dx₂dx₃	0
SolovevSymmetric	d²g₂₂dx₃dx₁	0
SolovevSymmetric	d²g₂₂dx₃dx₂	0
SolovevSymmetric	d²g₂₂dx₃dx₃	0
SolovevSymmetric	d²g₂₃dx₁dx₁	0
SolovevSymmetric	d²g₂₃dx₁dx₂	0
SolovevSymmetric	d²g₂₃dx₁dx₃	0
SolovevSymmetric	d²g₂₃dx₂dx₁	0
SolovevSymmetric	d²g₂₃dx₂dx₂	0
SolovevSymmetric	d²g₂₃dx₂dx₃	0
SolovevSymmetric	d²g₂₃dx₃dx₁	0
SolovevSymmetric	d²g₂₃dx₃dx₂	0
SolovevSymmetric	d²g₂₃dx₃dx₃	0
SolovevSymmetric	d²g₃₁dx₁dx₁	0
SolovevSymmetric	d²g₃₁dx₁dx₂	0
SolovevSymmetric	d²g₃₁dx₁dx₃	0
SolovevSymmetric	d²g₃₁dx₂dx₁	0
SolovevSymmetric	d²g₃₁dx₂dx₂	0
SolovevSymmetric	d²g₃₁dx₂dx₃	0
SolovevSymmetric	d²g₃₁dx₃dx₁	0
SolovevSymmetric	d²g₃₁dx₃dx₂	0
SolovevSymmetric	d²g₃₁dx₃dx₃	0
SolovevSymmetric	d²g₃₂dx₁dx₁	0
SolovevSymmetric	d²g₃₂dx₁dx₂	0
SolovevSymmetric	d²g₃₂dx₁dx₃	0
SolovevSymmetric	d²g₃₂dx₂dx₁	0
SolovevSymmetric	d²g₃₂dx₂dx₂	0
SolovevSymmetric	d²g₃₂dx₂dx₃	0
SolovevSymmetric	d²g₃₂dx₃dx₁	0
SolovevSymmetric	d²g₃₂dx₃dx₂	0
SolovevSymmetric	d²g₃₂dx₃dx₃	0
SolovevSymmetric	d²g₃₃dx₁dx₁	0
SolovevSymmetric	d²g₃₃dx₁dx₂	0
SolovevSymmetric	d²g₃₃dx₁dx₃	0
SolovevSymmetric	d²g₃₃dx₂dx₁	0
SolovevSymmetric	d²g₃₃dx₂dx₂	0
SolovevSymmetric	d²g₃₃dx₂dx₃	0
SolovevSymmetric	d²g₃₃dx₃dx₁	0
SolovevSymmetric	d²g₃₃dx₃dx₂	0
SolovevSymmetric	d²g₃₃dx₃dx₃	0
SolovevSymmetric	g²²	1
SolovevSymmetric	g²³	0
SolovevSymmetric	g²¹	0
SolovevSymmetric	g³²	0
SolovevSymmetric	g³³	1
SolovevSymmetric	g³¹	0
SolovevSymmetric	g¹²	0
SolovevSymmetric	g¹³	0
SolovevSymmetric	g¹¹	1
SolovevSymmetric	g₁₁	1
SolovevSymmetric	g₁₂	0
SolovevSymmetric	g₁₃	0
SolovevSymmetric	g₂₁	0
SolovevSymmetric	g₂₂	1
SolovevSymmetric	g₂₃	0
SolovevSymmetric	g₃₁	0
SolovevSymmetric	g₃₂	0
SolovevSymmetric	g₃₃	1
SolovevSymmetric	maxx²	Inf
SolovevSymmetric	maxx³	Inf
SolovevSymmetric	maxx¹	Inf
SolovevSymmetric	minx²	-Inf
SolovevSymmetric	minx³	-Inf
SolovevSymmetric	minx¹	-Inf
SolovevSymmetric	orientation	1
SolovevSymmetric	x²	0.5
SolovevSymmetric	x³	0.5
SolovevSymmetric	x¹	0.5
SolovevSymmetric	ξ²	0.5
SolovevSymmetric	ξ³	0.5
SolovevSymmetric	ξ¹	0.5
SolovevSymmetric	φ	0
SymmetricQuadratic	A²	0.3125
SymmetricQuadratic	A³	0
SymmetricQuadratic	A¹	-0.3125
SymmetricQuadratic	A₁	-0.3125
SymmetricQuadratic	A₂	0.3125
SymmetricQuadratic	A₃	0
SymmetricQuadratic	B	1.5
SymmetricQuadratic	B²	0
SymmetricQuadratic	B³	1.5
SymmetricQuadratic	B¹	0
SymmetricQuadratic	B₁	0
SymmetricQuadratic	B₁₁	0
SymmetricQuadratic	B₁₂	0.75
SymmetricQuadratic	B₁₃	0
SymmetricQuadratic	B₂	0
SymmetricQuadratic	B₂₁	-0.75
SymmetricQuadratic	B₂₂	0
SymmetricQuadratic	B₂₃	0
SymmetricQuadratic	B₃	1.5
SymmetricQuadratic	B₃₁	0
SymmetricQuadratic	B₃₂	0
SymmetricQuadratic	B₃₃	0
SymmetricQuadratic	B₍₁₎	0
SymmetricQuadratic	B₍₂₎	0
SymmetricQuadratic	B₍₃₎	1.5
SymmetricQuadratic	DF̄₁₁	1
SymmetricQuadratic	DF̄₁₂	0
SymmetricQuadratic	DF̄₁₃	0
SymmetricQuadratic	DF̄₂₁	0
SymmetricQuadratic	DF̄₂₂	1
SymmetricQuadratic	DF̄₂₃	0
SymmetricQuadratic	DF̄₃₁	0
SymmetricQuadratic	DF̄₃₂	0
SymmetricQuadratic	DF̄₃₃	1
SymmetricQuadratic	DF₁₁	1
SymmetricQuadratic	DF₁₂	0
SymmetricQuadratic	DF₁₃	0
SymmetricQuadratic	DF₂₁	0
SymmetricQuadratic	DF₂₂	1
SymmetricQuadratic	DF₂₃	0
SymmetricQuadratic	DF₃₁	0
SymmetricQuadratic	DF₃₂	0
SymmetricQuadratic	DF₃₃	1
SymmetricQuadratic	E²	0
SymmetricQuadratic	E³	0
SymmetricQuadratic	E¹	0
SymmetricQuadratic	E₁	0
SymmetricQuadratic	E₂	0
SymmetricQuadratic	E₃	0
SymmetricQuadratic	J	1
SymmetricQuadratic	R	0.70710678118654757
SymmetricQuadratic	X	0.5
SymmetricQuadratic	Y	0.5
SymmetricQuadratic	Z	0.5
SymmetricQuadratic	a²	-1
SymmetricQuadratic	a³	0
SymmetricQuadratic	a¹	0
SymmetricQuadratic	a₁	0
SymmetricQuadratic	a₂	-1
SymmetricQuadratic	a₃	0
SymmetricQuadratic	a₍₁₎	0
SymmetricQuadratic	a₍₂₎	-1
SymmetricQuadratic	a₍₃₎	0
SymmetricQuadratic	b²	0
SymmetricQuadratic	b³	1
SymmetricQuadratic	b¹	0
SymmetricQuadratic	b₁	0
SymmetricQuadratic	b₂	0
SymmetricQuadratic	b₃	1
SymmetricQuadratic	b₍₁₎	0
SymmetricQuadratic	b₍₂₎	0
SymmetricQuadratic	b₍₃₎	1
SymmetricQuadratic	c²	0
SymmetricQuadratic	c³	0
SymmetricQuadratic	c¹	1
SymmetricQuadratic	c₁	1
SymmetricQuadratic	c₂	0
SymmetricQuadratic	c₃	0
SymmetricQuadratic	c₍₁₎	1
SymmetricQuadratic	c₍₂₎	0
SymmetricQuadratic	c₍₃₎	0
SymmetricQuadratic	dA₁dx₁	-0.125
SymmetricQuadratic	dA₁dx₂	-0.75
SymmetricQuadratic	dA₁dx₃	0
SymmetricQuadratic	dA₂dx₁	0.75
SymmetricQuadratic	dA₂dx₂	0.125
SymmetricQuadratic	dA₂dx₃	0
SymmetricQuadratic	dA₃dx₁	0
SymmetricQuadratic	dA₃dx₂	0
SymmetricQuadratic	dA₃dx₃	0
SymmetricQuadratic	dBdx₁	1
SymmetricQuadratic	dBdx₂	1
SymmetricQuadratic	dBdx₃	0
SymmetricQuadratic	dB₁dx₁	0
SymmetricQuadratic	dB₁dx₂	0
SymmetricQuadratic	dB₁dx₃	0
SymmetricQuadratic	dB₂dx₁	0
SymmetricQuadratic	dB₂dx₂	0
SymmetricQuadratic	dB₂dx₃	0
SymmetricQuadratic	dB₃dx₁	1
SymmetricQuadratic	dB₃dx₂	1
SymmetricQuadratic	dB₃dx₃	0
SymmetricQuadratic	dE₁dx₁	0
SymmetricQuadratic	dE₁dx₂	0
SymmetricQuadratic	dE₁dx₃	0
SymmetricQuadratic	dE₂dx₁	0
SymmetricQuadratic	dE₂dx₂	0
SymmetricQuadratic	dE₂dx₃	0
SymmetricQuadratic	dE₃dx₁	0
SymmetricQuadratic	dE₃dx₂	0
SymmetricQuadratic	dE₃dx₃	0
SymmetricQuadratic	db₁dx₁	0
SymmetricQuadratic	db₁dx₂	0
SymmetricQuadratic	db₁dx₃	0
SymmetricQuadratic	db₂dx₁	0
SymmetricQuadratic	db₂dx₂	0
SymmetricQuadratic	db₂dx₃	0
SymmetricQuadratic	db₃dx₁	0
SymmetricQuadratic	db₃dx₂	0
SymmetricQuadratic	db₃dx₃	0
SymmetricQuadratic	db₍₁₎dx₁	0
SymmetricQuadratic	db₍₁₎dx₂	0
SymmetricQuadratic	db₍₁₎dx₃	0
SymmetricQuadratic	db₍₂₎dx₁	0
SymmetricQuadratic	db₍₂₎dx₂	0
SymmetricQuadratic	db₍₂₎dx₃	0
SymmetricQuadratic	db₍₃₎dx₁	0
SymmetricQuadratic	db₍₃₎dx₂	0
SymmetricQuadratic	db₍₃₎dx₃	0
SymmetricQuadratic	dg²²dx₁	0
SymmetricQuadratic	dg²²dx₂	0
SymmetricQuadratic	dg²²dx₃	0
SymmetricQuadratic	dg²³dx₁	0
SymmetricQuadratic	dg²³dx₂	0
SymmetricQuadratic	dg²³dx₃	0
SymmetricQuadratic	dg²¹dx₁	0
SymmetricQuadratic	dg²¹dx₂	0
SymmetricQuadratic	dg²¹dx₃	0
SymmetricQuadratic	dg³²dx₁	0
SymmetricQuadratic	dg³²dx₂	0
SymmetricQuadratic	dg³²dx₃	0
SymmetricQuadratic	dg³³dx₁	0
SymmetricQuadratic	dg³³dx₂	0
SymmetricQuadratic	dg³³dx₃	0
SymmetricQuadratic	dg³¹dx₁	0
SymmetricQuadratic	dg³¹dx₂	0
SymmetricQuadratic	dg³¹dx₃	0
SymmetricQuadratic	dg¹²dx₁	0
SymmetricQuadratic	dg¹²dx₂	0
SymmetricQuadratic	dg¹²dx₃	0
SymmetricQuadratic	dg¹³dx₁	0
SymmetricQuadratic	dg¹³dx₂	0
SymmetricQuadratic	dg¹³dx₃	0
SymmetricQuadratic	dg¹¹dx₁	0
SymmetricQuadratic	dg¹¹dx₂	0
SymmetricQuadratic	dg¹¹dx₃	0
SymmetricQuadratic	dg₁₁dx₁	0
SymmetricQuadratic	dg₁₁dx₂	0
SymmetricQuadratic	dg₁₁dx₃	0
SymmetricQuadratic	dg₁₂dx₁	0
SymmetricQuadratic	dg₁₂dx₂	0
SymmetricQuadratic	dg₁₂dx₃	0
SymmetricQuadratic	dg₁₃dx₁	0
SymmetricQuadratic	dg₁₃dx₂	0
SymmetricQuadratic	dg₁₃dx₃	0
SymmetricQuadratic	dg₂₁dx₁	0
SymmetricQuadratic	dg₂₁dx₂	0
SymmetricQuadratic	dg₂₁dx₃	0
SymmetricQuadratic	dg₂₂dx₁	0
SymmetricQuadratic	dg₂₂dx₂	0
SymmetricQuadratic	dg₂₂dx₃	0
SymmetricQuadratic	dg₂₃dx₁	0
SymmetricQuadratic	dg₂₃dx₂	0
SymmetricQuadratic	dg₂₃dx₃	0
SymmetricQuadratic	dg₃₁dx₁	0
SymmetricQuadratic	dg₃₁dx₂	0
SymmetricQuadratic	dg₃₁dx₃	0
SymmetricQuadratic	dg₃₂dx₁	0
SymmetricQuadratic	dg₃₂dx₂	0
SymmetricQuadratic	dg₃₂dx₃	0
SymmetricQuadratic	dg₃₃dx₁	0
SymmetricQuadratic	dg₃₃dx₂	0
SymmetricQuadratic	dg₃₃dx₃	0
SymmetricQuadratic	d²A₁dx₁dx₁	-0.25
SymmetricQuadratic	d²A₁dx₁dx₂	-0.25
SymmetricQuadratic	d²A₁dx₁dx₃	0
SymmetricQuadratic	d²A₁dx₂dx₁	-0.25
SymmetricQuadratic	d²A₁dx₂dx₂	-0.75
SymmetricQuadratic	d²A₁dx₂dx₃	0
SymmetricQuadratic	d²A₁dx₃dx₁	0
SymmetricQuadratic	d²A₁dx₃dx₂	0
SymmetricQuadratic	d²A₁dx₃dx₃	0
SymmetricQuadratic	d²A₂dx₁dx₁	0.75
SymmetricQuadratic	d²A₂dx₁dx₂	0.25
SymmetricQuadratic	d²A₂dx₁dx₃	0
SymmetricQuadratic	d²A₂dx₂dx₁	0.25
SymmetricQuadratic	d²A₂dx₂dx₂	0.25
SymmetricQuadratic	d²A₂dx₂dx₃	0
SymmetricQuadratic	d²A₂dx₃dx₁	0
SymmetricQuadratic	d²A₂dx₃dx₂	0
SymmetricQuadratic	d²A₂dx₃dx₃	0
SymmetricQuadratic	d²A₃dx₁dx₁	0
SymmetricQuadratic	d²A₃dx₁dx₂	0
SymmetricQuadratic	d²A₃dx₁dx₃	0
SymmetricQuadratic	d²A₃dx₂dx₁	0
SymmetricQuadratic	d²A₃dx₂dx₂	0
SymmetricQuadratic	d²A₃dx₂dx₃	0
SymmetricQuadratic	d²A₃dx₃dx₁	0
SymmetricQuadratic	d²A₃dx₃dx₂	0
SymmetricQuadratic	d²A₃dx₃dx₃	0
SymmetricQuadratic	d²Bdx₁dx₁	2
SymmetricQuadratic	d²Bdx₁dx₂	0
SymmetricQuadratic	d²Bdx₁dx₃	0
SymmetricQuadratic	d²Bdx₂dx₁	0
SymmetricQuadratic	d²Bdx₂dx₂	2
SymmetricQuadratic	d²Bdx₂dx₃	0
SymmetricQuadratic	d²Bdx₃dx₁	0
SymmetricQuadratic	d²Bdx₃dx₂	0
SymmetricQuadratic	d²Bdx₃dx₃	0
SymmetricQuadratic	d²b₁dx₁dx₁	0
SymmetricQuadratic	d²b₁dx₁dx₂	0
SymmetricQuadratic	d²b₁dx₁dx₃	0
SymmetricQuadratic	d²b₁dx₂dx₁	0
SymmetricQuadratic	d²b₁dx₂dx₂	0
SymmetricQuadratic	d²b₁dx₂dx₃	0
SymmetricQuadratic	d²b₁dx₃dx₁	0
SymmetricQuadratic	d²b₁dx₃dx₂	0
SymmetricQuadratic	d²b₁dx₃dx₃	0
SymmetricQuadratic	d²b₂dx₁dx₁	0
SymmetricQuadratic	d²b₂dx₁dx₂	0
SymmetricQuadratic	d²b₂dx₁dx₃	0
SymmetricQuadratic	d²b₂dx₂dx₁	0
SymmetricQuadratic	d²b₂dx₂dx₂	0
SymmetricQuadratic	d²b₂dx₂dx₃	0
SymmetricQuadratic	d²b₂dx₃dx₁	0
SymmetricQuadratic	d²b₂dx₃dx₂	0
SymmetricQuadratic	d²b₂dx₃dx₃	0
SymmetricQuadratic	d²b₃dx₁dx₁	2.2204460492503131e-16
SymmetricQuadratic	d²b₃dx₁dx₂	2.2204460492503131e-16
SymmetricQuadratic	d²b₃dx₁dx₃	0
SymmetricQuadratic	d²b₃dx₂dx₁	2.2204460492503131e-16
SymmetricQuadratic	d²b₃dx₂dx₂	2.2204460492503131e-16
SymmetricQuadratic	d²b₃dx₂dx₃	0
SymmetricQuadratic	d²b₃dx₃dx₁	0
SymmetricQuadratic	d²b₃dx₃dx₂	0
SymmetricQuadratic	d²b₃dx₃dx₃	0
SymmetricQuadratic	d²g²²dx₁dx₁	0
SymmetricQuadratic	d²g²²dx₁dx₂	0
SymmetricQuadratic	d²g²²dx₁dx₃	0
SymmetricQuadratic	d²g²²dx₂dx₁	0
SymmetricQuadratic	d²g²²dx₂dx₂	0
SymmetricQuadratic	d²g²²dx₂dx₃	0
SymmetricQuadratic	d²g²²dx₃dx₁	0
SymmetricQuadratic	d²g²²dx₃dx₂	0
SymmetricQuadratic	d²g²²dx₃dx₃	0
SymmetricQuadratic	d²g²³dx₁dx₁	0
SymmetricQuadratic	d²g²³dx₁dx₂	0
SymmetricQuadratic	d²g²³dx₁dx₃	0
SymmetricQuadratic	d²g²³dx₂dx₁	0
SymmetricQuadratic	d²g²³dx₂dx₂	0
SymmetricQuadratic	d²g²³dx₂dx₃	0
SymmetricQuadratic	d²g²³dx₃dx₁	0
SymmetricQuadratic	d²g²³dx₃dx₂	0
SymmetricQuadratic	d²g²³dx₃dx₃	0
SymmetricQuadratic	d²g²¹dx₁dx₁	0
SymmetricQuadratic	d²g²¹dx₁dx₂	0
SymmetricQuadratic	d²g²¹dx₁dx₃	0
SymmetricQuadratic	d²g²¹dx₂dx₁	0
SymmetricQuadratic	d²g²¹dx₂dx₂	0
SymmetricQuadratic	d²g²¹dx₂dx₃	0
SymmetricQuadratic	d²g²¹dx₃dx₁	0
SymmetricQuadratic	d²g²¹dx₃dx₂	0
SymmetricQuadratic	d²g²¹dx₃dx₃	0
SymmetricQuadratic	d²g³²dx₁dx₁	0
SymmetricQuadratic	d²g³²dx₁dx₂	0
SymmetricQuadratic	d²g³²dx₁dx₃	0
SymmetricQuadratic	d²g³²dx₂dx₁	0
SymmetricQuadratic	d²g³²dx₂dx₂	0
SymmetricQuadratic	d²g³²dx₂dx₃	0
SymmetricQuadratic	d²g³²dx₃dx₁	0
SymmetricQuadratic	d²g³²dx₃dx₂	0
SymmetricQuadratic	d²g³²dx₃dx₃	0
SymmetricQuadratic	d²g³³dx₁dx₁	0
SymmetricQuadratic	d²g³³dx₁dx₂	0
SymmetricQuadratic	d²g³³dx₁dx₃	0
SymmetricQuadratic	d²g³³dx₂dx₁	0
SymmetricQuadratic	d²g³³dx₂dx₂	0
SymmetricQuadratic	d²g³³dx₂dx₃	0
SymmetricQuadratic	d²g³³dx₃dx₁	0
SymmetricQuadratic	d²g³³dx₃dx₂	0
SymmetricQuadratic	d²g³³dx₃dx₃	0
SymmetricQuadratic	d²g³¹dx₁dx₁	0
SymmetricQuadratic	d²g³¹dx₁dx₂	0
SymmetricQuadratic	d²g³¹dx₁dx₃	0
SymmetricQuadratic	d²g³¹dx₂dx₁	0
SymmetricQuadratic	d²g³¹dx₂dx₂	0
SymmetricQuadratic	d²g³¹dx₂dx₃	0
SymmetricQuadratic	d²g³¹dx₃dx₁	0
SymmetricQuadratic	d²g³¹dx₃dx₂	0
SymmetricQuadratic	d²g³¹dx₃dx₃	0
SymmetricQuadratic	d²g¹²dx₁dx₁	0
SymmetricQuadratic	d²g¹²dx₁dx₂	0
SymmetricQuadratic	d²g¹²dx₁dx₃	0
SymmetricQuadratic	d²g¹²dx₂dx₁	0
SymmetricQuadratic	d²g¹²dx₂dx₂	0
SymmetricQuadratic	d²g¹²dx₂dx₃	0
SymmetricQuadratic	d²g¹²dx₃dx₁	0
SymmetricQuadratic	d²g¹²dx₃dx₂	0
SymmetricQuadratic	d²g¹²dx₃dx₃	0
SymmetricQuadratic	d²g¹³dx₁dx₁	0
SymmetricQuadratic	d²g¹³dx₁dx₂	0
SymmetricQuadratic	d²g¹³dx₁dx₃	0
SymmetricQuadratic	d²g¹³dx₂dx₁	0
SymmetricQuadratic	d²g¹³dx₂dx₂	0
SymmetricQuadratic	d²g¹³dx₂dx₃	0
SymmetricQuadratic	d²g¹³dx₃dx₁	0
SymmetricQuadratic	d²g¹³dx₃dx₂	0
SymmetricQuadratic	d²g¹³dx₃dx₃	0
SymmetricQuadratic	d²g¹¹dx₁dx₁	0
SymmetricQuadratic	d²g¹¹dx₁dx₂	0
SymmetricQuadratic	d²g¹¹dx₁dx₃	0
SymmetricQuadratic	d²g¹¹dx₂dx₁	0
SymmetricQuadratic	d²g¹¹dx₂dx₂	0
SymmetricQuadratic	d²g¹¹dx₂dx₃	0
SymmetricQuadratic	d²g¹¹dx₃dx₁	0
SymmetricQuadratic	d²g¹¹dx₃dx₂	0
SymmetricQuadratic	d²g¹¹dx₃dx₃	0
SymmetricQuadratic	d²g₁₁dx₁dx₁	0
SymmetricQuadratic	d²g₁₁dx₁dx₂	0
SymmetricQuadratic	d²g₁₁dx₁dx₃	0
SymmetricQuadratic	d²g₁₁dx₂dx₁	0
SymmetricQuadratic	d²g₁₁dx₂dx₂	0
SymmetricQuadratic	d²g₁₁dx₂dx₃	0
SymmetricQuadratic	d²g₁₁dx₃dx₁	0
SymmetricQuadratic	d²g₁₁dx₃dx₂	0
SymmetricQuadratic	d²g₁₁dx₃dx₃	0
SymmetricQuadratic	d²g₁₂dx₁dx₁	0
SymmetricQuadratic	d²g₁₂dx₁dx₂	0
SymmetricQuadratic	d²g₁₂dx₁dx₃	0
SymmetricQuadratic	d²g₁₂dx₂dx₁	0
SymmetricQuadratic	d²g₁₂dx₂dx₂	0
SymmetricQuadratic	d²g₁₂dx₂dx₃	0
SymmetricQuadratic	d²g₁₂dx₃dx₁	0
SymmetricQuadratic	d²g₁₂dx₃dx₂	0
SymmetricQuadratic	d²g₁₂dx₃dx₃	0
SymmetricQuadratic	d²g₁₃dx₁dx₁	0
SymmetricQuadratic	d²g₁₃dx₁dx₂	0
SymmetricQuadratic	d²g₁₃dx₁dx₃	0
SymmetricQuadratic	d²g₁₃dx₂dx₁	0
SymmetricQuadratic	d²g₁₃dx₂dx₂	0
SymmetricQuadratic	d²g₁₃dx₂dx₃	0
SymmetricQuadratic	d²g₁₃dx₃dx₁	0
SymmetricQuadratic	d²g₁₃dx₃dx₂	0
SymmetricQuadratic	d²g₁₃dx₃dx₃	0
SymmetricQuadratic	d²g₂₁dx₁dx₁	0
SymmetricQuadratic	d²g₂₁dx₁dx₂	0
SymmetricQuadratic	d²g₂₁dx₁dx₃	0
SymmetricQuadratic	d²g₂₁dx₂dx₁	0
SymmetricQuadratic	d²g₂₁dx₂dx₂	0
SymmetricQuadratic	d²g₂₁dx₂dx₃	0
SymmetricQuadratic	d²g₂₁dx₃dx₁	0
SymmetricQuadratic	d²g₂₁dx₃dx₂	0
SymmetricQuadratic	d²g₂₁dx₃dx₃	0
SymmetricQuadratic	d²g₂₂dx₁dx₁	0
SymmetricQuadratic	d²g₂₂dx₁dx₂	0
SymmetricQuadratic	d²g₂₂dx₁dx₃	0
SymmetricQuadratic	d²g₂₂dx₂dx₁	0
SymmetricQuadratic	d²g₂₂dx₂dx₂	0
SymmetricQuadratic	d²g₂₂dx₂dx₃	0
SymmetricQuadratic	d²g₂₂dx₃dx₁	0
SymmetricQuadratic	d²g₂₂dx₃dx₂	0
SymmetricQuadratic	d²g₂₂dx₃dx₃	0
SymmetricQuadratic	d²g₂₃dx₁dx₁	0
SymmetricQuadratic	d²g₂₃dx₁dx₂	0
SymmetricQuadratic	d²g₂₃dx₁dx₃	0
SymmetricQuadratic	d²g₂₃dx₂dx₁	0
SymmetricQuadratic	d²g₂₃dx₂dx₂	0
SymmetricQuadratic	d²g₂₃dx₂dx₃	0
SymmetricQuadratic	d²g₂₃dx₃dx₁	0
SymmetricQuadratic	d²g₂₃dx₃dx₂	0
SymmetricQuadratic	d²g₂₃dx₃dx₃	0
SymmetricQuadratic	d²g₃₁dx₁dx₁	0
SymmetricQuadratic	d²g₃₁dx₁dx₂	0
SymmetricQuadratic	d²g₃₁dx₁dx₃	0
SymmetricQuadratic	d²g₃₁dx₂dx₁	0
SymmetricQuadratic	d²g₃₁dx₂dx₂	0
SymmetricQuadratic	d²g₃₁dx₂dx₃	0
SymmetricQuadratic	d²g₃₁dx₃dx₁	0
SymmetricQuadratic	d²g₃₁dx₃dx₂	0
SymmetricQuadratic	d²g₃₁dx₃dx₃	0
SymmetricQuadratic	d²g₃₂dx₁dx₁	0
SymmetricQuadratic	d²g₃₂dx₁dx₂	0
SymmetricQuadratic	d²g₃₂dx₁dx₃	0
SymmetricQuadratic	d²g₃₂dx₂dx₁	0
SymmetricQuadratic	d²g₃₂dx₂dx₂	0
SymmetricQuadratic	d²g₃₂dx₂dx₃	0
SymmetricQuadratic	d²g₃₂dx₃dx₁	0
SymmetricQuadratic	d²g₃₂dx₃dx₂	0
SymmetricQuadratic	d²g₃₂dx₃dx₃	0
SymmetricQuadratic	d²g₃₃dx₁dx₁	0
SymmetricQuadratic	d²g₃₃dx₁dx₂	0
SymmetricQuadratic	d²g₃₃dx₁dx₃	0
SymmetricQuadratic	d²g₃₃dx₂dx₁	0
SymmetricQuadratic	d²g₃₃dx₂dx₂	0
SymmetricQuadratic	d²g₃₃dx₂dx₃	0
SymmetricQuadratic	d²g₃₃dx₃dx₁	0
SymmetricQuadratic	d²g₃₃dx₃dx₂	0
SymmetricQuadratic	d²g₃₃dx₃dx₃	0
SymmetricQuadratic	g²²	1
SymmetricQuadratic	g²³	0
SymmetricQuadratic	g²¹	0
SymmetricQuadratic	g³²	0
SymmetricQuadratic	g³³	1
SymmetricQuadratic	g³¹	0
SymmetricQuadratic	g¹²	0
SymmetricQuadratic	g¹³	0
SymmetricQuadratic	g¹¹	1
SymmetricQuadratic	g₁₁	1
SymmetricQuadratic	g₁₂	0
SymmetricQuadratic	g₁₃	0
SymmetricQuadratic	g₂₁	0
SymmetricQuadratic	g₂₂	1
SymmetricQuadratic	g₂₃	0
SymmetricQuadratic	g₃₁	0
SymmetricQuadratic	g₃₂	0
SymmetricQuadratic	g₃₃	1
SymmetricQuadratic	maxx²	Inf
SymmetricQuadratic	maxx³	Inf
SymmetricQuadratic	maxx¹	Inf
SymmetricQuadratic	minx²	-Inf
SymmetricQuadratic	minx³	-Inf
SymmetricQuadratic	minx¹	-Inf
SymmetricQuadratic	orientation	1
SymmetricQuadratic	r	0.70710678118654757
SymmetricQuadratic	r²	0.5
SymmetricQuadratic	x²	0.5
SymmetricQuadratic	x³	0.5
SymmetricQuadratic	x¹	0.5
SymmetricQuadratic	θ	0.78539816339744828
SymmetricQuadratic	ξ²	0.5
SymmetricQuadratic	ξ³	0.5
SymmetricQuadratic	ξ¹	0.5
SymmetricQuadratic	φ	0
SymmetricQuadratic	ϕ	0.78539816339744828
ThetaPinch	A²	0.25
ThetaPinch	A³	0
ThetaPinch	A¹	-0.25
ThetaPinch	A₁	-0.25
ThetaPinch	A₂	0.25
ThetaPinch	A₃	0
ThetaPinch	B	1
ThetaPinch	B²	0
ThetaPinch	B³	1
ThetaPinch	B¹	0
ThetaPinch	B₁	0
ThetaPinch	B₁₁	0
ThetaPinch	B₁₂	0.5
ThetaPinch	B₁₃	0
ThetaPinch	B₂	0
ThetaPinch	B₂₁	-0.5
ThetaPinch	B₂₂	0
ThetaPinch	B₂₃	0
ThetaPinch	B₃	1
ThetaPinch	B₃₁	0
ThetaPinch	B₃₂	0
ThetaPinch	B₃₃	0
ThetaPinch	B₍₁₎	0
ThetaPinch	B₍₂₎	0
ThetaPinch	B₍₃₎	1
ThetaPinch	DF̄₁₁	1
ThetaPinch	DF̄₁₂	0
ThetaPinch	DF̄₁₃	0
ThetaPinch	DF̄₂₁	0
ThetaPinch	DF̄₂₂	1
ThetaPinch	DF̄₂₃	0
ThetaPinch	DF̄₃₁	0
ThetaPinch	DF̄₃₂	0
ThetaPinch	DF̄₃₃	1
ThetaPinch	DF₁₁	1
ThetaPinch	DF₁₂	0
ThetaPinch	DF₁₃	0
ThetaPinch	DF₂₁	0
ThetaPinch	DF₂₂	1
ThetaPinch	DF₂₃	0
ThetaPinch	DF₃₁	0
ThetaPinch	DF₃₂	0
ThetaPinch	DF₃₃	1
ThetaPinch	E²	0
ThetaPinch	E³	0
ThetaPinch	E¹	0
ThetaPinch	E₁	0
ThetaPinch	E₂	0
ThetaPinch	E₃	0
ThetaPinch	J	1
ThetaPinch	R	0.70710678118654757
ThetaPinch	X	0.5
ThetaPinch	Y	0.5
ThetaPinch	Z	0.5
ThetaPinch	a²	-1
ThetaPinch	a³	0
ThetaPinch	a¹	0
ThetaPinch	a₁	0
ThetaPinch	a₂	-1
ThetaPinch	a₃	0
ThetaPinch	a₍₁₎	0
ThetaPinch	a₍₂₎	-1
ThetaPinch	a₍₃₎	0
ThetaPinch	b²	0
ThetaPinch	b³	1
ThetaPinch	b¹	0
ThetaPinch	b₁	0
ThetaPinch	b₂	0
ThetaPinch	b₃	1
ThetaPinch	b₍₁₎	0
ThetaPinch	b₍₂₎	0
ThetaPinch	b₍₃₎	1
ThetaPinch	c²	0
ThetaPinch	c³	0
ThetaPinch	c¹	1
ThetaPinch	c₁	1
ThetaPinch	c₂	0
ThetaPinch	c₃	0
ThetaPinch	c₍₁₎	1
ThetaPinch	c₍₂₎	0
ThetaPinch	c₍₃₎	0
ThetaPinch	dA₁dx₁	0
ThetaPinch	dA₁dx₂	-0.5
ThetaPinch	dA₁dx₃	0
ThetaPinch	dA₂dx₁	0.5
ThetaPinch	dA₂dx₂	0
ThetaPinch	dA₂dx₃	0
ThetaPinch	dA₃dx₁	0
ThetaPinch	dA₃dx₂	0
ThetaPinch	dA₃dx₃	0
ThetaPinch	dBdx₁	0
ThetaPinch	dBdx₂	0
ThetaPinch	dBdx₃	0
ThetaPinch	dB₁dx₁	0
ThetaPinch	dB₁dx₂	0
ThetaPinch	dB₁dx₃	0
ThetaPinch	dB₂dx₁	0
ThetaPinch	dB₂dx₂	0
ThetaPinch	dB₂dx₃	0
ThetaPinch	dB₃dx₁	0
ThetaPinch	dB₃dx₂	0
ThetaPinch	dB₃dx₃	0
ThetaPinch	dE₁dx₁	0
ThetaPinch	dE₁dx₂	0
ThetaPinch	dE₁dx₃	0
ThetaPinch	dE₂dx₁	0
ThetaPinch	dE₂dx₂	0
ThetaPinch	dE₂dx₃	0
ThetaPinch	dE₃dx₁	0
ThetaPinch	dE₃dx₂	0
ThetaPinch	dE₃dx₃	0
ThetaPinch	db₁dx₁	0
ThetaPinch	db₁dx₂	0
ThetaPinch	db₁dx₃	0
ThetaPinch	db₂dx₁	0
ThetaPinch	db₂dx₂	0
ThetaPinch	db₂dx₃	0
ThetaPinch	db₃dx₁	0
ThetaPinch	db₃dx₂	0
ThetaPinch	db₃dx₃	0
ThetaPinch	db₍₁₎dx₁	0
ThetaPinch	db₍₁₎dx₂	0
ThetaPinch	db₍₁₎dx₃	0
ThetaPinch	db₍₂₎dx₁	0
ThetaPinch	db₍₂₎dx₂	0
ThetaPinch	db₍₂₎dx₃	0
ThetaPinch	db₍₃₎dx₁	0
ThetaPinch	db₍₃₎dx₂	0
ThetaPinch	db₍₃₎dx₃	0
ThetaPinch	dg²²dx₁	0
ThetaPinch	dg²²dx₂	0
ThetaPinch	dg²²dx₃	0
ThetaPinch	dg²³dx₁	0
ThetaPinch	dg²³dx₂	0
ThetaPinch	dg²³dx₃	0
ThetaPinch	dg²¹dx₁	0
ThetaPinch	dg²¹dx₂	0
ThetaPinch	dg²¹dx₃	0
ThetaPinch	dg³²dx₁	0
ThetaPinch	dg³²dx₂	0
ThetaPinch	dg³²dx₃	0
ThetaPinch	dg³³dx₁	0
ThetaPinch	dg³³dx₂	0
ThetaPinch	dg³³dx₃	0
ThetaPinch	dg³¹dx₁	0
ThetaPinch	dg³¹dx₂	0
ThetaPinch	dg³¹dx₃	0
ThetaPinch	dg¹²dx₁	0
ThetaPinch	dg¹²dx₂	0
ThetaPinch	dg¹²dx₃	0
ThetaPinch	dg¹³dx₁	0
ThetaPinch	dg¹³dx₂	0
ThetaPinch	dg¹³dx₃	0
ThetaPinch	dg¹¹dx₁	0
ThetaPinch	dg¹¹dx₂	0
ThetaPinch	dg¹¹dx₃	0
ThetaPinch	dg₁₁dx₁	0
ThetaPinch	dg₁₁dx₂	0
ThetaPinch	dg₁₁dx₃	0
ThetaPinch	dg₁₂dx₁	0
ThetaPinch	dg₁₂dx₂	0
ThetaPinch	dg₁₂dx₃	0
ThetaPinch	dg₁₃dx₁	0
ThetaPinch	dg₁₃dx₂	0
ThetaPinch	dg₁₃dx₃	0
ThetaPinch	dg₂₁dx₁	0
ThetaPinch	dg₂₁dx₂	0
ThetaPinch	dg₂₁dx₃	0
ThetaPinch	dg₂₂dx₁	0
ThetaPinch	dg₂₂dx₂	0
ThetaPinch	dg₂₂dx₃	0
ThetaPinch	dg₂₃dx₁	0
ThetaPinch	dg₂₃dx₂	0
ThetaPinch	dg₂₃dx₃	0
ThetaPinch	dg₃₁dx₁	0
ThetaPinch	dg₃₁dx₂	0
ThetaPinch	dg₃₁dx₃	0
ThetaPinch	dg₃₂dx₁	0
ThetaPinch	dg₃₂dx₂	0
ThetaPinch	dg₃₂dx₃	0
ThetaPinch	dg₃₃dx₁	0
ThetaPinch	dg₃₃dx₂	0
ThetaPinch	dg₃₃dx₃	0
ThetaPinch	d²A₁dx₁dx₁	0
ThetaPinch	d²A₁dx₁dx₂	0
ThetaPinch	d²A₁dx₁dx₃	0
ThetaPinch	d²A₁dx₂dx₁	0
ThetaPinch	d²A₁dx₂dx₂	0
ThetaPinch	d²A₁dx₂dx₃	0
ThetaPinch	d²A₁dx₃dx₁	0
ThetaPinch	d²A₁dx₃dx₂	0
ThetaPinch	d²A₁dx₃dx₃	0
ThetaPinch	d²A₂dx₁dx₁	0
ThetaPinch	d²A₂dx₁dx₂	0
ThetaPinch	d²A₂dx₁dx₃	0
ThetaPinch	d²A₂dx₂dx₁	0
ThetaPinch	d²A₂dx₂dx₂	0
ThetaPinch	d²A₂dx₂dx₃	0
ThetaPinch	d²A₂dx₃dx₁	0
ThetaPinch	d²A₂dx₃dx₂	0
ThetaPinch	d²A₂dx₃dx₃	0
ThetaPinch	d²A₃dx₁dx₁	0
ThetaPinch	d²A₃dx₁dx₂	0
ThetaPinch	d²A₃dx₁dx₃	0
ThetaPinch	d²A₃dx₂dx₁	0
ThetaPinch	d²A₃dx₂dx₂	0
ThetaPinch	d²A₃dx₂dx₃	0
ThetaPinch	d²A₃dx₃dx₁	0
ThetaPinch	d²A₃dx₃dx₂	0
ThetaPinch	d²A₃dx₃dx₃	0
ThetaPinch	d²Bdx₁dx₁	0
ThetaPinch	d²Bdx₁dx₂	0
ThetaPinch	d²Bdx₁dx₃	0
ThetaPinch	d²Bdx₂dx₁	0
ThetaPinch	d²Bdx₂dx₂	0
ThetaPinch	d²Bdx₂dx₃	0
ThetaPinch	d²Bdx₃dx₁	0
ThetaPinch	d²Bdx₃dx₂	0
ThetaPinch	d²Bdx₃dx₃	0
ThetaPinch	d²b₁dx₁dx₁	0
ThetaPinch	d²b₁dx₁dx₂	0
ThetaPinch	d²b₁dx₁dx₃	0
ThetaPinch	d²b₁dx₂dx₁	0
ThetaPinch	d²b₁dx₂dx₂	0
ThetaPinch	d²b₁dx₂dx₃	0
ThetaPinch	d²b₁dx₃dx₁	0
ThetaPinch	d²b₁dx₃dx₂	0
ThetaPinch	d²b₁dx₃dx₃	0
ThetaPinch	d²b₂dx₁dx₁	0
ThetaPinch	d²b₂dx₁dx₂	0
ThetaPinch	d²b₂dx₁dx₃	0
ThetaPinch	d²b₂dx₂dx₁	0
ThetaPinch	d²b₂dx₂dx₂	0
ThetaPinch	d²b₂dx₂dx₃	0
ThetaPinch	d²b₂dx₃dx₁	0
ThetaPinch	d²b₂dx₃dx₂	0
ThetaPinch	d²b₂dx₃dx₃	0
ThetaPinch	d²b₃dx₁dx₁	0
ThetaPinch	d²b₃dx₁dx₂	0
ThetaPinch	d²b₃dx₁dx₃	0
ThetaPinch	d²b₃dx₂dx₁	0
ThetaPinch	d²b₃dx₂dx₂	0
ThetaPinch	d²b₃dx₂dx₃	0
ThetaPinch	d²b₃dx₃dx₁	0
ThetaPinch	d²b₃dx₃dx₂	0
ThetaPinch	d²b₃dx₃dx₃	0
ThetaPinch	d²g²²dx₁dx₁	0
ThetaPinch	d²g²²dx₁dx₂	0
ThetaPinch	d²g²²dx₁dx₃	0
ThetaPinch	d²g²²dx₂dx₁	0
ThetaPinch	d²g²²dx₂dx₂	0
ThetaPinch	d²g²²dx₂dx₃	0
ThetaPinch	d²g²²dx₃dx₁	0
ThetaPinch	d²g²²dx₃dx₂	0
ThetaPinch	d²g²²dx₃dx₃	0
ThetaPinch	d²g²³dx₁dx₁	0
ThetaPinch	d²g²³dx₁dx₂	0
ThetaPinch	d²g²³dx₁dx₃	0
ThetaPinch	d²g²³dx₂dx₁	0
ThetaPinch	d²g²³dx₂dx₂	0
ThetaPinch	d²g²³dx₂dx₃	0
ThetaPinch	d²g²³dx₃dx₁	0
ThetaPinch	d²g²³dx₃dx₂	0
ThetaPinch	d²g²³dx₃dx₃	0
ThetaPinch	d²g²¹dx₁dx₁	0
ThetaPinch	d²g²¹dx₁dx₂	0
ThetaPinch	d²g²¹dx₁dx₃	0
ThetaPinch	d²g²¹dx₂dx₁	0
ThetaPinch	d²g²¹dx₂dx₂	0
ThetaPinch	d²g²¹dx₂dx₃	0
ThetaPinch	d²g²¹dx₃dx₁	0
ThetaPinch	d²g²¹dx₃dx₂	0
ThetaPinch	d²g²¹dx₃dx₃	0
ThetaPinch	d²g³²dx₁dx₁	0
ThetaPinch	d²g³²dx₁dx₂	0
ThetaPinch	d²g³²dx₁dx₃	0
ThetaPinch	d²g³²dx₂dx₁	0
ThetaPinch	d²g³²dx₂dx₂	0
ThetaPinch	d²g³²dx₂dx₃	0
ThetaPinch	d²g³²dx₃dx₁	0
ThetaPinch	d²g³²dx₃dx₂	0
ThetaPinch	d²g³²dx₃dx₃	0
ThetaPinch	d²g³³dx₁dx₁	0
ThetaPinch	d²g³³dx₁dx₂	0
ThetaPinch	d²g³³dx₁dx₃	0
ThetaPinch	d²g³³dx₂dx₁	0
ThetaPinch	d²g³³dx₂dx₂	0
ThetaPinch	d²g³³dx₂dx₃	0
ThetaPinch	d²g³³dx₃dx₁	0
ThetaPinch	d²g³³dx₃dx₂	0
ThetaPinch	d²g³³dx₃dx₃	0
ThetaPinch	d²g³¹dx₁dx₁	0
ThetaPinch	d²g³¹dx₁dx₂	0
ThetaPinch	d²g³¹dx₁dx₃	0
ThetaPinch	d²g³¹dx₂dx₁	0
ThetaPinch	d²g³¹dx₂dx₂	0
ThetaPinch	d²g³¹dx₂dx₃	0
ThetaPinch	d²g³¹dx₃dx₁	0
ThetaPinch	d²g³¹dx₃dx₂	0
ThetaPinch	d²g³¹dx₃dx₃	0
ThetaPinch	d²g¹²dx₁dx₁	0
ThetaPinch	d²g¹²dx₁dx₂	0
ThetaPinch	d²g¹²dx₁dx₃	0
ThetaPinch	d²g¹²dx₂dx₁	0
ThetaPinch	d²g¹²dx₂dx₂	0
ThetaPinch	d²g¹²dx₂dx₃	0
ThetaPinch	d²g¹²dx₃dx₁	0
ThetaPinch	d²g¹²dx₃dx₂	0
ThetaPinch	d²g¹²dx₃dx₃	0
ThetaPinch	d²g¹³dx₁dx₁	0
ThetaPinch	d²g¹³dx₁dx₂	0
ThetaPinch	d²g¹³dx₁dx₃	0
ThetaPinch	d²g¹³dx₂dx₁	0
ThetaPinch	d²g¹³dx₂dx₂	0
ThetaPinch	d²g¹³dx₂dx₃	0
ThetaPinch	d²g¹³dx₃dx₁	0
ThetaPinch	d²g¹³dx₃dx₂	0
ThetaPinch	d²g¹³dx₃dx₃	0
ThetaPinch	d²g¹¹dx₁dx₁	0
ThetaPinch	d²g¹¹dx₁dx₂	0
ThetaPinch	d²g¹¹dx₁dx₃	0
ThetaPinch	d²g¹¹dx₂dx₁	0
ThetaPinch	d²g¹¹dx₂dx₂	0
ThetaPinch	d²g¹¹dx₂dx₃	0
ThetaPinch	d²g¹¹dx₃dx₁	0
ThetaPinch	d²g¹¹dx₃dx₂	0
ThetaPinch	d²g¹¹dx₃dx₃	0
ThetaPinch	d²g₁₁dx₁dx₁	0
ThetaPinch	d²g₁₁dx₁dx₂	0
ThetaPinch	d²g₁₁dx₁dx₃	0
ThetaPinch	d²g₁₁dx₂dx₁	0
ThetaPinch	d²g₁₁dx₂dx₂	0
ThetaPinch	d²g₁₁dx₂dx₃	0
ThetaPinch	d²g₁₁dx₃dx₁	0
ThetaPinch	d²g₁₁dx₃dx₂	0
ThetaPinch	d²g₁₁dx₃dx₃	0
ThetaPinch	d²g₁₂dx₁dx₁	0
ThetaPinch	d²g₁₂dx₁dx₂	0
ThetaPinch	d²g₁₂dx₁dx₃	0
ThetaPinch	d²g₁₂dx₂dx₁	0
ThetaPinch	d²g₁₂dx₂dx₂	0
ThetaPinch	d²g₁₂dx₂dx₃	0
ThetaPinch	d²g₁₂dx₃dx₁	0
ThetaPinch	d²g₁₂dx₃dx₂	0
ThetaPinch	d²g₁₂dx₃dx₃	0
ThetaPinch	d²g₁₃dx₁dx₁	0
ThetaPinch	d²g₁₃dx₁dx₂	0
ThetaPinch	d²g₁₃dx₁dx₃	0
ThetaPinch	d²g₁₃dx₂dx₁	0
ThetaPinch	d²g₁₃dx₂dx₂	0
ThetaPinch	d²g₁₃dx₂dx₃	0
ThetaPinch	d²g₁₃dx₃dx₁	0
ThetaPinch	d²g₁₃dx₃dx₂	0
ThetaPinch	d²g₁₃dx₃dx₃	0
ThetaPinch	d²g₂₁dx₁dx₁	0
ThetaPinch	d²g₂₁dx₁dx₂	0
ThetaPinch	d²g₂₁dx₁dx₃	0
ThetaPinch	d²g₂₁dx₂dx₁	0
ThetaPinch	d²g₂₁dx₂dx₂	0
ThetaPinch	d²g₂₁dx₂dx₃	0
ThetaPinch	d²g₂₁dx₃dx₁	0
ThetaPinch	d²g₂₁dx₃dx₂	0
ThetaPinch	d²g₂₁dx₃dx₃	0
ThetaPinch	d²g₂₂dx₁dx₁	0
ThetaPinch	d²g₂₂dx₁dx₂	0
ThetaPinch	d²g₂₂dx₁dx₃	0
ThetaPinch	d²g₂₂dx₂dx₁	0
ThetaPinch	d²g₂₂dx₂dx₂	0
ThetaPinch	d²g₂₂dx₂dx₃	0
ThetaPinch	d²g₂₂dx₃dx₁	0
ThetaPinch	d²g₂₂dx₃dx₂	0
ThetaPinch	d²g₂₂dx₃dx₃	0
ThetaPinch	d²g₂₃dx₁dx₁	0
ThetaPinch	d²g₂₃dx₁dx₂	0
ThetaPinch	d²g₂₃dx₁dx₃	0
ThetaPinch	d²g₂₃dx₂dx₁	0
ThetaPinch	d²g₂₃dx₂dx₂	0
ThetaPinch	d²g₂₃dx₂dx₃	0
ThetaPinch	d²g₂₃dx₃dx₁	0
ThetaPinch	d²g₂₃dx₃dx₂	0
ThetaPinch	d²g₂₃dx₃dx₃	0
ThetaPinch	d²g₃₁dx₁dx₁	0
ThetaPinch	d²g₃₁dx₁dx₂	0
ThetaPinch	d²g₃₁dx₁dx₃	0
ThetaPinch	d²g₃₁dx₂dx₁	0
ThetaPinch	d²g₃₁dx₂dx₂	0
ThetaPinch	d²g₃₁dx₂dx₃	0
ThetaPinch	d²g₃₁dx₃dx₁	0
ThetaPinch	d²g₃₁dx₃dx₂	0
ThetaPinch	d²g₃₁dx₃dx₃	0
ThetaPinch	d²g₃₂dx₁dx₁	0
ThetaPinch	d²g₃₂dx₁dx₂	0
ThetaPinch	d²g₃₂dx₁dx₃	0
ThetaPinch	d²g₃₂dx₂dx₁	0
ThetaPinch	d²g₃₂dx₂dx₂	0
ThetaPinch	d²g₃₂dx₂dx₃	0
ThetaPinch	d²g₃₂dx₃dx₁	0
ThetaPinch	d²g₃₂dx₃dx₂	0
ThetaPinch	d²g₃₂dx₃dx₃	0
ThetaPinch	d²g₃₃dx₁dx₁	0
ThetaPinch	d²g₃₃dx₁dx₂	0
ThetaPinch	d²g₃₃dx₁dx₃	0
ThetaPinch	d²g₃₃dx₂dx₁	0
ThetaPinch	d²g₃₃dx₂dx₂	0
ThetaPinch	d²g₃₃dx₂dx₃	0
ThetaPinch	d²g₃₃dx₃dx₁	0
ThetaPinch	d²g₃₃dx₃dx₂	0
ThetaPinch	d²g₃₃dx₃dx₃	0
ThetaPinch	g²²	1
ThetaPinch	g²³	0
ThetaPinch	g²¹	0
ThetaPinch	g³²	0
ThetaPinch	g³³	1
ThetaPinch	g³¹	0
ThetaPinch	g¹²	0
ThetaPinch	g¹³	0
ThetaPinch	g¹¹	1
ThetaPinch	g₁₁	1
ThetaPinch	g₁₂	0
ThetaPinch	g₁₃	0
ThetaPinch	g₂₁	0
ThetaPinch	g₂₂	1
ThetaPinch	g₂₃	0
ThetaPinch	g₃₁	0
ThetaPinch	g₃₂	0
ThetaPinch	g₃₃	1
ThetaPinch	maxx²	Inf
ThetaPinch	maxx³	Inf
ThetaPinch	maxx¹	Inf
ThetaPinch	minx²	-Inf
ThetaPinch	minx³	-Inf
ThetaPinch	minx¹	-Inf
ThetaPinch	orientation	1
ThetaPinch	r	0.70710678118654757
ThetaPinch	r²	0.5
ThetaPinch	x²	0.5
ThetaPinch	x³	0.5
ThetaPinch	x¹	0.5
ThetaPinch	θ	0.78539816339744828
ThetaPinch	ξ²	0.5
ThetaPinch	ξ³	0.5
ThetaPinch	ξ¹	0.5
ThetaPinch	φ	0
ThetaPinch	ϕ	0.78539816339744828
